scenario,algorithm,seed,total_regret,mean_regret,physical_probes,remote_substitutions,communication_bytes,bad_aggressive_decisions,aggressive_decisions,policy_switches,recovery_delay_1,recovery_delay_2,total_decision_ops,mean_decision_ops,information_gain,information_per_probe,information_per_regret,max_state_count
baseline_adversarial,Greedy,0,28926.688762605478,6.428153058356773,0,0,0,10,1110,5,,,13500,3.0,0.0,0.0,0.0,23
baseline_adversarial,SPI_HCPI,0,24173.197570354256,5.371821682300946,40,0,0,9,1568,19,9.0,0.0,27000,6.0,0.0,0.0,0.0,23
baseline_adversarial,DualControl,0,28281.147328003837,6.2846994062230745,444,0,0,50,1472,453,,0.0,40500,9.0,0.0,0.0,0.0,23
baseline_adversarial,ConstrainedBandit,0,31047.070980099357,6.899349106688746,230,0,0,30,1036,330,,,40500,9.0,0.0,0.0,0.0,23
baseline_adversarial,GenericEIG,0,29709.08670631251,6.602019268069447,104,0,0,15,1080,175,,,54000,12.0,0.0,0.0,0.0,23
baseline_adversarial,ITAC_K_Full,0,18788.85179990267,4.175300399978371,3918,287,28196,173,2930,711,6.0,0.0,52820,11.737777777777778,54.41521810778053,0.01388851916992867,0.0028961438776190897,19
baseline_adversarial,ITAC_K_LocalOnly,0,19346.61528941041,4.299247842091202,4446,0,7980,170,2882,714,9.0,0.0,53784,11.952,55.28648343308968,0.012435106485175366,0.0028576824734480233,19
baseline_adversarial,ITAC_K_GenericVoI_Local,0,18821.443359719524,4.182542968826561,4500,0,7904,170,2956,684,9.0,0.0,54000,12.0,55.25634233475577,0.012279187185501283,0.0029358185383917975,19
baseline_adversarial,ITAC_K_UnqualifiedRemote,0,15480.552515686242,3.4401227812636095,2711,612,50464,149,3117,608,3.0,0.0,49292,10.953777777777777,50.49715846733598,0.01862676446600368,0.003261973913151218,19
baseline_adversarial,ITAC_K_NoKinematics,0,18788.85179990267,4.175300399978371,3918,287,28196,173,2930,711,6.0,0.0,52820,11.737777777777778,54.41521810778053,0.01388851916992867,0.0028961438776190897,19
baseline_adversarial,ITAC_K_NoHysteresis,0,16911.983751913747,3.7582186115363885,3438,243,25004,149,3019,617,17.0,0.0,50724,11.272,56.16481666160476,0.016336479540897255,0.0033210070140499747,19
baseline_adversarial,Greedy,1,28855.274114038508,6.412283136453001,0,0,0,10,1110,5,,,13500,3.0,0.0,0.0,0.0,23
baseline_adversarial,SPI_HCPI,1,29304.913838294557,6.5122030751765685,40,0,0,10,1060,20,,,27000,6.0,0.0,0.0,0.0,23
baseline_adversarial,DualControl,1,28892.195083354338,6.420487796300964,354,0,0,50,1357,450,,0.0,40500,9.0,0.0,0.0,0.0,23
baseline_adversarial,ConstrainedBandit,1,30947.710880164086,6.877269084480908,225,0,0,30,1031,351,,,40500,9.0,0.0,0.0,0.0,23
baseline_adversarial,GenericEIG,1,29590.95784368849,6.575768409708553,92,0,0,15,1080,172,,,54000,12.0,0.0,0.0,0.0,23
baseline_adversarial,ITAC_K_Full,1,19005.105595219975,4.223356798937772,3692,225,23864,173,2914,703,18.0,0.0,51668,11.481777777777777,53.09113772990226,0.01438004813919346,0.0027935197446761545,19
baseline_adversarial,ITAC_K_LocalOnly,1,19777.69286535161,4.395042858967025,4434,0,7448,172,2844,753,4.0,0.0,53736,11.941333333333333,52.84360464841815,0.011917817918001387,0.002671879122007929,19
baseline_adversarial,ITAC_K_GenericVoI_Local,1,19322.723376492675,4.293938528109483,4500,0,7828,168,2849,681,4.0,0.0,54000,12.0,54.42608573753537,0.012094685719452304,0.002816688138471628,19
baseline_adversarial,ITAC_K_UnqualifiedRemote,1,15021.031762912005,3.33800705842489,2694,656,54948,157,3173,605,1.0,0.0,49400,10.977777777777778,50.55516983584148,0.018765838840327204,0.003365625653003796,19
baseline_adversarial,ITAC_K_NoKinematics,1,19005.105595219975,4.223356798937772,3692,224,23788,173,2914,703,18.0,0.0,51664,11.480888888888888,53.09128425028549,0.014380087825104412,0.002793527454203602,19
baseline_adversarial,ITAC_K_NoHysteresis,1,15945.794251550045,3.543509833677788,3232,216,22952,157,3136,620,4.0,0.0,49792,11.06488888888889,53.933444530719555,0.01668732813450481,0.003382299036341626,19
baseline_adversarial,Greedy,2,28868.4837768755,6.415218617083444,0,0,0,10,1110,5,,,13500,3.0,0.0,0.0,0.0,23
baseline_adversarial,SPI_HCPI,2,29282.336766319855,6.507185948071079,40,0,0,10,1067,18,,,27000,6.0,0.0,0.0,0.0,23
baseline_adversarial,DualControl,2,31595.46615976092,7.021214702169093,362,0,0,50,1090,440,,167.0,40500,9.0,0.0,0.0,0.0,23
baseline_adversarial,ConstrainedBandit,2,31054.394523525127,6.900976560783361,244,0,0,30,1034,365,,,40500,9.0,0.0,0.0,0.0,23
baseline_adversarial,GenericEIG,2,29605.9558771302,6.579101306028933,95,0,0,15,1080,172,,,54000,12.0,0.0,0.0,0.0,23
baseline_adversarial,ITAC_K_Full,2,18123.334791632966,4.027407731473993,3713,255,26448,168,2934,660,2.0,0.0,51872,11.527111111111111,58.92345172166395,0.015869499521051426,0.003251247764228648,19
baseline_adversarial,ITAC_K_LocalOnly,2,19749.708997931903,4.388824221762645,4486,0,8512,166,2792,691,3.0,0.0,53944,11.987555555555556,60.06744435641057,0.013389978679538691,0.003041434401018291,19
baseline_adversarial,ITAC_K_GenericVoI_Local,2,20159.482725132933,4.479885050029541,4500,0,8892,168,2759,659,3.0,0.0,54000,12.0,60.16129877129485,0.01336917750473219,0.002984267979073265,19
baseline_adversarial,ITAC_K_UnqualifiedRemote,2,15012.484002709054,3.3361075561575677,2717,631,52364,148,3142,595,0.0,0.0,49392,10.976,54.88941643464454,0.020202214366818013,0.0036562514521074297,19
baseline_adversarial,ITAC_K_NoKinematics,2,18123.334791632966,4.027407731473993,3713,255,26448,168,2934,660,2.0,0.0,51872,11.527111111111111,58.92345172166395,0.015869499521051426,0.003251247764228648,19
baseline_adversarial,ITAC_K_NoHysteresis,2,15268.25137635583,3.3929447503012957,3056,201,22040,144,3137,561,0.0,0.0,49028,10.895111111111111,60.315473459022904,0.019736738697324247,0.003950385147078891,19
baseline_adversarial,Greedy,3,28790.312871216476,6.397847304714772,0,0,0,10,1110,5,,,13500,3.0,0.0,0.0,0.0,23
baseline_adversarial,SPI_HCPI,3,29180.2335520536,6.4844963449008,40,0,0,10,1068,18,,,27000,6.0,0.0,0.0,0.0,23
baseline_adversarial,DualControl,3,24715.584214883034,5.492352047751785,375,0,0,50,1740,446,147.0,0.0,40500,9.0,0.0,0.0,0.0,23
baseline_adversarial,ConstrainedBandit,3,30959.450848904737,6.879877966423275,264,0,0,30,1046,335,,239.0,40500,9.0,0.0,0.0,0.0,23
baseline_adversarial,GenericEIG,3,29557.265564020432,6.568281236448985,92,0,0,15,1082,164,,,54000,12.0,0.0,0.0,0.0,23
baseline_adversarial,ITAC_K_Full,3,18098.96810287421,4.021992911749824,3437,190,21812,173,3022,669,8.0,0.0,50508,11.224,58.98526123653875,0.017161844991719157,0.003259040012738162,19
baseline_adversarial,ITAC_K_LocalOnly,3,19740.14898024001,4.386699773386669,4356,0,9576,179,2889,710,9.0,0.0,53424,11.872,59.62127823121483,0.013687162128378061,0.0030203053832519723,19
baseline_adversarial,ITAC_K_GenericVoI_Local,3,20468.177017489466,4.548483781664326,4500,0,9880,179,2834,694,9.0,0.0,54000,12.0,60.08580529709099,0.013352401177131332,0.002935571900015786,19
baseline_adversarial,ITAC_K_UnqualifiedRemote,3,14852.188943755842,3.3004864319457425,2655,637,54796,149,3185,592,0.0,0.0,49168,10.926222222222222,54.846615461621774,0.02065785893093099,0.003692830441985482,19
baseline_adversarial,ITAC_K_NoKinematics,3,18098.96810287421,4.021992911749824,3437,190,21812,173,3022,669,8.0,0.0,50508,11.224,58.98526123653875,0.017161844991719157,0.003259040012738162,19
baseline_adversarial,ITAC_K_NoHysteresis,3,16918.433702437982,3.7596519338751073,2899,175,20824,150,3036,605,0.0,0.0,48296,10.732444444444445,59.586893689208814,0.020554292407453885,0.0035220100593958774,19
baseline_adversarial,Greedy,4,28905.507619702126,6.423446137711584,0,0,0,10,1110,5,,,13500,3.0,0.0,0.0,0.0,23
baseline_adversarial,SPI_HCPI,4,29247.57947266363,6.499462105036362,40,0,0,10,1073,20,,,27000,6.0,0.0,0.0,0.0,23
baseline_adversarial,DualControl,4,30000.416136969507,6.66675914154878,402,0,0,50,1264,450,,0.0,40500,9.0,0.0,0.0,0.0,23
baseline_adversarial,ConstrainedBandit,4,31026.640265250684,6.894808947833486,238,0,0,30,1036,342,,,40500,9.0,0.0,0.0,0.0,23
baseline_adversarial,GenericEIG,4,29642.218516359055,6.587159670302012,88,0,0,15,1080,170,,,54000,12.0,0.0,0.0,0.0,23
baseline_adversarial,ITAC_K_Full,4,17998.1849202861,3.999596648952467,3971,193,21736,171,3017,734,1.0,0.0,52656,11.701333333333332,57.40552712974092,0.014456189153800281,0.0031895175754660704,19
baseline_adversarial,ITAC_K_LocalOnly,4,20352.888832438326,4.522864184986295,4443,0,8132,173,2829,759,5.0,0.0,53772,11.949333333333334,57.38011685065295,0.012914723576559296,0.0028192615467540327,19
baseline_adversarial,ITAC_K_GenericVoI_Local,4,19722.278619454373,4.382728582100972,4500,0,8512,178,2924,711,2.0,0.0,54000,12.0,57.940441799080546,0.01287565373312901,0.002937816817065304,19
baseline_adversarial,ITAC_K_UnqualifiedRemote,4,14199.880717882226,3.1555290484182725,2652,616,52136,140,3197,626,0.0,0.0,49072,10.90488888888889,54.51985009181905,0.02055801285513539,0.003839458314826616,19
baseline_adversarial,ITAC_K_NoKinematics,4,17998.1849202861,3.999596648952467,3971,193,21736,171,3017,734,1.0,0.0,52656,11.701333333333332,57.40552712974092,0.014456189153800281,0.0031895175754660704,19
baseline_adversarial,ITAC_K_NoHysteresis,4,16036.451864649955,3.563655969922212,2859,142,17176,146,3135,644,0.0,0.0,48004,10.667555555555555,58.465477025755554,0.02044962470295752,0.0036457863322393817,19
baseline_adversarial,Greedy,5,28974.80940780991,6.438846535068869,0,0,0,10,1110,5,,,13500,3.0,0.0,0.0,0.0,23
baseline_adversarial,SPI_HCPI,5,29299.904847505837,6.511089966112408,40,0,0,10,1075,20,,,27000,6.0,0.0,0.0,0.0,23
baseline_adversarial,DualControl,5,26727.45182996342,5.939433739991871,414,0,0,50,1595,449,,0.0,40500,9.0,0.0,0.0,0.0,23
baseline_adversarial,ConstrainedBandit,5,26136.47424083004,5.80810538685112,229,0,0,30,1529,329,,0.0,40500,9.0,0.0,0.0,0.0,23
baseline_adversarial,GenericEIG,5,29778.09221695431,6.617353825989846,108,0,0,15,1081,175,,,54000,12.0,0.0,0.0,0.0,23
baseline_adversarial,ITAC_K_Full,5,16054.056042057451,3.5675680093461004,3456,208,22040,162,3174,626,4.0,0.0,50656,11.25688888888889,59.321413062562854,0.017164760724121195,0.0036951043964937075,19
baseline_adversarial,ITAC_K_LocalOnly,5,18579.130524495515,4.128695672110115,4450,0,8588,163,2962,713,4.0,0.0,53800,11.955555555555556,58.81620048892641,0.013217123705376721,0.003165713293815372,19
baseline_adversarial,ITAC_K_GenericVoI_Local,5,20945.55870434069,4.6545686009645975,4500,0,9044,166,2749,677,4.0,0.0,54000,12.0,58.977228869465094,0.013106050859881133,0.002815739112141365,19
baseline_adversarial,ITAC_K_UnqualifiedRemote,5,15361.308666784178,3.4136241481742617,2713,629,52820,135,3096,607,1.0,0.0,49368,10.970666666666666,54.623641274979,0.02013403659232547,0.003555923682016229,19
baseline_adversarial,ITAC_K_NoKinematics,5,16054.056042057451,3.5675680093461004,3456,208,22040,162,3174,626,4.0,0.0,50656,11.25688888888889,59.321413062562854,0.017164760724121195,0.0036951043964937075,19
baseline_adversarial,ITAC_K_NoHysteresis,5,13934.306133530725,3.096512474117939,2864,146,18544,142,3323,585,4.0,0.0,48040,10.675555555555556,59.611889002269336,0.02081420705386499,0.004278066552508321,19
baseline_adversarial,Greedy,6,28800.47227384967,6.400104949744371,0,0,0,10,1110,5,,,13500,3.0,0.0,0.0,0.0,23
baseline_adversarial,SPI_HCPI,6,29436.507987327976,6.541446219406216,40,0,0,10,1041,20,,,27000,6.0,0.0,0.0,0.0,23
baseline_adversarial,DualControl,6,29128.887808036347,6.473086179563633,402,0,0,50,1354,476,,37.0,40500,9.0,0.0,0.0,0.0,23
baseline_adversarial,ConstrainedBandit,6,30999.478263775934,6.888772947505763,258,0,0,30,1037,353,,243.0,40500,9.0,0.0,0.0,0.0,23
baseline_adversarial,GenericEIG,6,29582.569802695518,6.573904400599004,100,0,0,15,1079,182,,,54000,12.0,0.0,0.0,0.0,23
baseline_adversarial,ITAC_K_Full,6,17419.337386459065,3.87096386365757,3704,236,25080,188,3106,685,2.0,0.0,51760,11.502222222222223,57.053233380262284,0.015403140761409905,0.0032752814940373485,19
baseline_adversarial,ITAC_K_LocalOnly,6,20564.096925030088,4.569799316673353,4476,0,8360,191,2856,716,4.0,0.0,53904,11.978666666666667,57.367769665436406,0.012816749255012602,0.0027897052749060835,19
baseline_adversarial,ITAC_K_GenericVoI_Local,6,21266.21755869723,4.72582612415494,4500,0,8740,189,2793,702,4.0,0.0,54000,12.0,58.42766748435027,0.012983926107633393,0.0027474405038452714,19
baseline_adversarial,ITAC_K_UnqualifiedRemote,6,15869.783773329402,3.5266186162954227,2701,619,52744,166,3141,621,0.0,0.0,49280,10.95111111111111,53.04485295623434,0.019638968143737258,0.003342506345006476,19
baseline_adversarial,ITAC_K_NoKinematics,6,17419.337386459065,3.87096386365757,3704,236,25080,188,3106,685,2.0,0.0,51760,11.502222222222223,57.053233380262284,0.015403140761409905,0.0032752814940373485,19
baseline_adversarial,ITAC_K_NoHysteresis,6,16766.04088286778,3.7257868628595063,3199,246,23940,177,3163,635,2.0,0.0,49780,11.062222222222223,57.74438270214172,0.01805076045706212,0.003444127513797683,19
baseline_adversarial,Greedy,7,28802.02748589941,6.4004505524220905,0,0,0,10,1110,5,,,13500,3.0,0.0,0.0,0.0,23
baseline_adversarial,SPI_HCPI,7,29138.012720476643,6.475113937883698,40,0,0,10,1075,20,,,27000,6.0,0.0,0.0,0.0,23
baseline_adversarial,DualControl,7,31646.253425370673,7.032500761193483,371,0,0,50,1083,438,,174.0,40500,9.0,0.0,0.0,0.0,23
baseline_adversarial,ConstrainedBandit,7,30811.880040399,6.847084453422,209,0,0,30,1038,325,,,40500,9.0,0.0,0.0,0.0,23
baseline_adversarial,GenericEIG,7,29559.30244258446,6.56873387612988,105,0,0,15,1080,181,,,54000,12.0,0.0,0.0,0.0,23
baseline_adversarial,ITAC_K_Full,7,18639.615295975538,4.142136732439009,3712,229,23712,181,2984,677,2.0,0.0,51764,11.503111111111112,56.263121869294494,0.01515709102082287,0.003018470122687683,19
baseline_adversarial,ITAC_K_LocalOnly,7,17456.87997546024,3.879306661213387,4470,0,8588,184,3132,686,2.0,0.0,53880,11.973333333333333,57.70130787594178,0.012908569994617848,0.0033053620095374755,19
baseline_adversarial,ITAC_K_GenericVoI_Local,7,18234.8771051068,4.052194912245955,4500,0,9196,184,3045,674,0.0,0.0,54000,12.0,55.57769925282109,0.012350599833960243,0.003047879014071128,19
baseline_adversarial,ITAC_K_UnqualifiedRemote,7,16102.274352723665,3.578283189494148,2652,648,53960,145,3036,595,2.0,0.0,49200,10.933333333333334,53.69197745793559,0.020245843687004373,0.0033344343961481263,19
baseline_adversarial,ITAC_K_NoKinematics,7,18639.615295975538,4.142136732439009,3712,229,23712,181,2984,677,2.0,0.0,51764,11.503111111111112,56.263121869294494,0.01515709102082287,0.003018470122687683,19
baseline_adversarial,ITAC_K_NoHysteresis,7,15395.247799359673,3.4211661776354827,2614,170,18772,138,3144,564,0.0,0.0,47136,10.474666666666666,59.23661138163783,0.02266128974048884,0.003847720553358136,19
baseline_adversarial,Greedy,8,28892.873171376148,6.420638482528033,0,0,0,10,1110,5,,,13500,3.0,0.0,0.0,0.0,23
baseline_adversarial,SPI_HCPI,8,29547.614565165175,6.566136570036705,40,0,0,10,1039,18,,,27000,6.0,0.0,0.0,0.0,23
baseline_adversarial,DualControl,8,26761.184074858287,5.946929794412953,400,0,0,50,1573,443,132.0,0.0,40500,9.0,0.0,0.0,0.0,23
baseline_adversarial,ConstrainedBandit,8,28556.27532717828,6.345838961595173,244,0,0,30,1298,336,,0.0,40500,9.0,0.0,0.0,0.0,23
baseline_adversarial,GenericEIG,8,29647.242073045105,6.588276016232245,89,0,0,15,1080,162,,,54000,12.0,0.0,0.0,0.0,23
baseline_adversarial,ITAC_K_Full,8,15186.775307471056,3.37483895721579,3530,155,20064,170,3249,657,0.0,0.0,50740,11.275555555555556,64.61120619622594,0.018303457845956356,0.004254438805349335,19
baseline_adversarial,ITAC_K_LocalOnly,8,17394.15071042214,3.865366824538253,4319,0,10032,175,3091,707,0.0,0.0,53276,11.83911111111111,64.22856880822069,0.014871166660852208,0.003692538364045365,19
baseline_adversarial,ITAC_K_GenericVoI_Local,8,17384.99694321804,3.8633326540484534,4500,0,10488,176,3098,664,0.0,0.0,54000,12.0,61.828876926699955,0.013739750428155546,0.0035564502616044266,19
baseline_adversarial,ITAC_K_UnqualifiedRemote,8,14672.05821330916,3.2604573807353687,2629,690,57988,149,3202,601,0.0,0.0,49276,10.950222222222223,59.79511081737316,0.02274443165362235,0.004075441219496557,19
baseline_adversarial,ITAC_K_NoKinematics,8,15186.775307471056,3.37483895721579,3530,155,20064,170,3249,657,0.0,0.0,50740,11.275555555555556,64.61120619622594,0.018303457845956356,0.004254438805349335,19
baseline_adversarial,ITAC_K_NoHysteresis,8,14296.142060344806,3.1769204578544015,2839,143,19456,151,3271,657,0.0,0.0,47928,10.650666666666666,65.68227225737866,0.02313570702972126,0.004594405398332652,19
baseline_adversarial,Greedy,9,28862.788173581375,6.413952927462528,0,0,0,10,1110,5,,,13500,3.0,0.0,0.0,0.0,23
baseline_adversarial,SPI_HCPI,9,29185.63947165611,6.485697660368025,40,0,0,10,1074,20,,,27000,6.0,0.0,0.0,0.0,23
baseline_adversarial,DualControl,9,25470.122257961262,5.660027168435836,348,0,0,50,1645,443,172.0,0.0,40500,9.0,0.0,0.0,0.0,23
baseline_adversarial,ConstrainedBandit,9,28509.566547071787,6.335459232682619,225,0,0,30,1293,343,,0.0,40500,9.0,0.0,0.0,0.0,23
baseline_adversarial,GenericEIG,9,29578.14228616627,6.572920508036948,94,0,0,15,1080,177,,,54000,12.0,0.0,0.0,0.0,23
baseline_adversarial,ITAC_K_Full,9,17518.692730204886,3.893042828934419,3579,247,25688,173,3072,742,3.0,0.0,51304,11.40088888888889,57.4759334800715,0.016059215836845907,0.003280834612789016,19
baseline_adversarial,ITAC_K_LocalOnly,9,18399.806482691314,4.088845885042514,4333,0,8816,171,2964,792,3.0,0.0,53332,11.851555555555555,60.0395226288676,0.013856340325148304,0.003263051852493489,19
baseline_adversarial,ITAC_K_GenericVoI_Local,9,18350.659212402792,4.077924269422843,4500,0,9348,179,3033,697,3.0,0.0,54000,12.0,58.1282014893097,0.01291737810873549,0.0031676356046120772,19
baseline_adversarial,ITAC_K_UnqualifiedRemote,9,15806.182336386908,3.512484963641535,2649,652,53732,146,3092,663,0.0,0.0,49204,10.934222222222223,54.489643555898574,0.02056989186708138,0.0034473627088597923,19
baseline_adversarial,ITAC_K_NoKinematics,9,17518.692730204886,3.893042828934419,3579,247,25688,173,3072,742,3.0,0.0,51304,11.40088888888889,57.4759334800715,0.016059215836845907,0.003280834612789016,19
baseline_adversarial,ITAC_K_NoHysteresis,9,16256.140438865206,3.612475653081157,3109,224,24168,150,3083,651,2.0,0.0,49332,10.962666666666667,58.55113209888795,0.01883278613666386,0.003601785572601465,19
baseline_adversarial,Greedy,10,28819.962329975726,6.404436073327939,0,0,0,10,1110,5,,,13500,3.0,0.0,0.0,0.0,23
baseline_adversarial,SPI_HCPI,10,29301.41601111976,6.511425780248835,40,0,0,10,1057,20,,,27000,6.0,0.0,0.0,0.0,23
baseline_adversarial,DualControl,10,16540.36029526491,3.6756356211699797,352,0,0,49,2545,432,1.0,0.0,40500,9.0,0.0,0.0,0.0,23
baseline_adversarial,ConstrainedBandit,10,29844.998145161702,6.632221810035934,241,0,0,30,1164,326,,147.0,40500,9.0,0.0,0.0,0.0,23
baseline_adversarial,GenericEIG,10,29565.16266674171,6.570036148164824,85,0,0,15,1082,157,,,54000,12.0,0.0,0.0,0.0,23
baseline_adversarial,ITAC_K_Full,10,17355.117688659535,3.856692819702119,3427,221,23028,181,3109,658,2.0,0.0,50592,11.242666666666667,59.979889767692256,0.017502156337231473,0.0034560347468507975,19
baseline_adversarial,ITAC_K_LocalOnly,10,20257.22520720672,4.501605601601494,4477,0,9576,180,2822,703,2.0,0.0,53908,11.979555555555555,59.79128351047736,0.013355211862961215,0.002951602842881264,19
baseline_adversarial,ITAC_K_GenericVoI_Local,10,19668.510307226206,4.370780068272491,4500,0,9956,182,2884,690,10.0,0.0,54000,12.0,61.112604353430754,0.013580578745206835,0.003107129284263994,19
baseline_adversarial,ITAC_K_UnqualifiedRemote,10,15199.025436110069,3.37756120802446,2657,606,50920,151,3152,588,1.0,0.0,49052,10.900444444444444,56.306334274314864,0.02119169524814259,0.0037046016214001094,19
baseline_adversarial,ITAC_K_NoKinematics,10,17355.117688659535,3.856692819702119,3427,221,23028,181,3109,658,2.0,0.0,50592,11.242666666666667,59.979889767692256,0.017502156337231473,0.0034560347468507975,19
baseline_adversarial,ITAC_K_NoHysteresis,10,14270.036811064045,3.1711192913475656,2589,236,24472,141,3230,522,11.0,0.0,47300,10.511111111111111,62.294044573464205,0.024061044640194748,0.004365373782719713,19
baseline_adversarial,Greedy,11,28827.716001624,6.406159111472,0,0,0,10,1110,5,,,13500,3.0,0.0,0.0,0.0,23
baseline_adversarial,SPI_HCPI,11,29125.80294920762,6.472400655379471,40,0,0,10,1079,20,,,27000,6.0,0.0,0.0,0.0,23
baseline_adversarial,DualControl,11,30051.96214585516,6.6782138101900355,418,0,0,50,1271,444,,34.0,40500,9.0,0.0,0.0,0.0,23
baseline_adversarial,ConstrainedBandit,11,31131.935117158904,6.91820780381309,268,0,0,30,1031,346,,,40500,9.0,0.0,0.0,0.0,23
baseline_adversarial,GenericEIG,11,29594.480217883112,6.576551159529581,101,0,0,15,1081,175,,,54000,12.0,0.0,0.0,0.0,23
baseline_adversarial,ITAC_K_Full,11,18417.67687815821,4.092817084035158,4021,227,24016,181,3007,677,0.0,0.0,52992,11.776,54.538521834357596,0.013563422490514199,0.002961205270086784,19
baseline_adversarial,ITAC_K_LocalOnly,11,19829.614286543998,4.406580952565333,4489,0,8588,180,2866,698,4.0,0.0,53956,11.990222222222222,55.78537651736402,0.012427127760606822,0.002813235583468657,19
baseline_adversarial,ITAC_K_GenericVoI_Local,11,19633.835839802538,4.363074631067231,4500,0,8740,180,2881,680,16.0,0.0,54000,12.0,56.08490486444306,0.012463312192098458,0.002856543434612272,19
baseline_adversarial,ITAC_K_UnqualifiedRemote,11,16485.540265347063,3.6634533922993473,2700,641,53428,151,3035,624,6.0,0.0,49364,10.969777777777777,51.025241556274835,0.018898237613435124,0.003095151310480914,19
baseline_adversarial,ITAC_K_NoKinematics,11,18417.67687815821,4.092817084035158,4021,227,24016,181,3007,677,0.0,0.0,52992,11.776,54.538521834357596,0.013563422490514199,0.002961205270086784,19
baseline_adversarial,ITAC_K_NoHysteresis,11,18695.20528496368,4.1544900633252615,3793,228,23940,169,2946,721,3.0,0.0,52084,11.574222222222222,54.804170581303936,0.014448766301424713,0.002931455939956019,19
baseline_adversarial,Greedy,12,28883.543371333104,6.418565193629578,0,0,0,10,1110,5,,,13500,3.0,0.0,0.0,0.0,23
baseline_adversarial,SPI_HCPI,12,29135.97999237227,6.474662220527171,40,0,0,10,1084,20,,,27000,6.0,0.0,0.0,0.0,23
baseline_adversarial,DualControl,12,23777.43741841607,5.2838749818702375,375,0,0,49,1854,438,8.0,0.0,40500,9.0,0.0,0.0,0.0,23
baseline_adversarial,ConstrainedBandit,12,31154.145804006395,6.923143512001421,262,0,0,30,1036,336,,248.0,40500,9.0,0.0,0.0,0.0,23
baseline_adversarial,GenericEIG,12,29633.42366113262,6.585205258029471,91,0,0,15,1080,162,,,54000,12.0,0.0,0.0,0.0,23
baseline_adversarial,ITAC_K_Full,12,18338.84614080271,4.075299142400603,3697,176,18772,174,3010,697,41.0,0.0,51492,11.442666666666666,55.50569729872476,0.01501371309135103,0.0030266733726081207,19
baseline_adversarial,ITAC_K_LocalOnly,12,19021.037580083204,4.22689724001849,4257,0,6536,174,2953,735,41.0,0.0,53028,11.784,55.508365110576136,0.013039315271453168,0.0029182616814078825,19
baseline_adversarial,ITAC_K_GenericVoI_Local,12,21150.154231994944,4.700034273776654,4500,0,7068,176,2793,711,41.0,0.0,54000,12.0,54.48098158017504,0.012106884795594453,0.0025759141509123754,19
baseline_adversarial,ITAC_K_UnqualifiedRemote,12,16582.647320304128,3.685032737845362,2648,609,50616,149,3074,647,1.0,0.0,49028,10.895111111111111,50.64821737766043,0.01912697030878415,0.0030542902106858254,19
baseline_adversarial,ITAC_K_NoKinematics,12,18338.84614080271,4.075299142400603,3697,176,18772,174,3010,697,41.0,0.0,51492,11.442666666666666,55.50569729872476,0.01501371309135103,0.0030266733726081207,19
baseline_adversarial,ITAC_K_NoHysteresis,12,17118.370865163914,3.80408241448087,3180,192,19532,155,3037,576,6.0,0.0,49488,10.997333333333334,55.21719558414216,0.01736389798243464,0.003225610428648313,19
baseline_adversarial,Greedy,13,28911.198109142013,6.424710690920447,0,0,0,10,1110,5,,,13500,3.0,0.0,0.0,0.0,23
baseline_adversarial,SPI_HCPI,13,29455.348316996784,6.545632959332619,40,0,0,10,1052,18,,,27000,6.0,0.0,0.0,0.0,23
baseline_adversarial,DualControl,13,27531.647569146757,6.1181439042548345,382,0,0,50,1534,446,,0.0,40500,9.0,0.0,0.0,0.0,23
baseline_adversarial,ConstrainedBandit,13,31192.954022335685,6.931767560519041,255,0,0,30,1033,333,,,40500,9.0,0.0,0.0,0.0,23
baseline_adversarial,GenericEIG,13,29712.47499073451,6.602772220163224,100,0,0,15,1079,170,,,54000,12.0,0.0,0.0,0.0,23
baseline_adversarial,ITAC_K_Full,13,17571.58019028402,3.9047955978408937,3428,224,23712,181,3090,659,9.0,0.0,50608,11.246222222222222,57.92226130159492,0.016896809014467596,0.0032963604112066307,19
baseline_adversarial,ITAC_K_LocalOnly,13,18988.82854927278,4.2197396776161735,4498,0,8284,185,2987,690,9.0,0.0,53992,11.998222222222223,59.10088603433452,0.013139369949829819,0.0031124029521346075,19
baseline_adversarial,ITAC_K_GenericVoI_Local,13,19633.16097769838,4.362924661710751,4500,0,8816,185,2924,687,9.0,0.0,54000,12.0,58.789754122393234,0.013064389804976274,0.002994411047165225,19
baseline_adversarial,ITAC_K_UnqualifiedRemote,13,14116.288612068562,3.1369530249041246,2687,610,52212,153,3239,564,1.0,0.0,49188,10.930666666666667,55.53568472566181,0.02066828609068173,0.003934156225608918,19
baseline_adversarial,ITAC_K_NoKinematics,13,17571.58019028402,3.9047955978408937,3428,224,23712,181,3090,659,9.0,0.0,50608,11.246222222222222,57.92226130159492,0.016896809014467596,0.0032963604112066307,19
baseline_adversarial,ITAC_K_NoHysteresis,13,16545.431633529668,3.6767625852288153,2968,209,22040,162,3113,573,1.0,0.0,48708,10.824,59.602456692059825,0.020081690260127974,0.00360235127207405,19
baseline_adversarial,Greedy,14,28942.836063701157,6.4317413474891465,0,0,0,10,1110,5,,,13500,3.0,0.0,0.0,0.0,23
baseline_adversarial,SPI_HCPI,14,29390.25954607323,6.531168788016274,40,0,0,10,1062,18,,,27000,6.0,0.0,0.0,0.0,23
baseline_adversarial,DualControl,14,29613.949450663546,6.58087765570301,409,0,0,50,1308,460,,45.0,40500,9.0,0.0,0.0,0.0,23
baseline_adversarial,ConstrainedBandit,14,31162.44850267364,6.924988556149698,255,0,0,30,1031,349,,,40500,9.0,0.0,0.0,0.0,23
baseline_adversarial,GenericEIG,14,29744.71277889433,6.609936173087629,99,0,0,15,1078,170,,,54000,12.0,0.0,0.0,0.0,23
baseline_adversarial,ITAC_K_Full,14,17972.777888948443,3.993950641988543,3454,225,24168,174,3067,696,0.0,0.0,50716,11.270222222222221,61.46219009206733,0.017794496262903105,0.0034197379209732937,19
baseline_adversarial,ITAC_K_LocalOnly,14,18730.759118194397,4.162390915154311,4268,0,10108,176,2990,701,2.0,0.0,53072,11.793777777777779,62.91704245094686,0.014741575082227475,0.0033590225603740463,19
baseline_adversarial,ITAC_K_GenericVoI_Local,14,20420.987848283858,4.537997299618635,4500,0,10412,179,2849,682,2.0,0.0,54000,12.0,62.46900090576098,0.013882000201280217,0.0030590587179165655,19
baseline_adversarial,ITAC_K_UnqualifiedRemote,14,14810.837747053994,3.29129727712311,2575,775,64448,147,3171,594,1.0,0.0,49400,10.977777777777778,59.12706169103528,0.02296196570525642,0.0039921483646525105,19
baseline_adversarial,ITAC_K_NoKinematics,14,17972.777888948443,3.993950641988543,3454,225,24168,174,3067,696,0.0,0.0,50716,11.270222222222221,61.46219009206733,0.017794496262903105,0.0034197379209732937,19
baseline_adversarial,ITAC_K_NoHysteresis,14,15036.954142817314,3.3415453650705143,2981,174,20368,152,3240,567,2.0,0.0,48620,10.804444444444444,63.70907311317113,0.02137171187962802,0.004236833637189947,19
baseline_adversarial,Greedy,15,28880.673657949043,6.417927479544232,0,0,0,10,1110,5,,,13500,3.0,0.0,0.0,0.0,23
baseline_adversarial,SPI_HCPI,15,29214.150618113144,6.49203347069181,40,0,0,10,1075,18,,,27000,6.0,0.0,0.0,0.0,23
baseline_adversarial,DualControl,15,23670.23354799701,5.260051899554891,349,0,0,49,1856,439,34.0,0.0,40500,9.0,0.0,0.0,0.0,23
baseline_adversarial,ConstrainedBandit,15,30981.422812974717,6.884760625105493,230,0,0,30,1040,329,,,40500,9.0,0.0,0.0,0.0,23
baseline_adversarial,GenericEIG,15,29653.7871423055,6.5897304760678885,103,0,0,15,1079,189,,,54000,12.0,0.0,0.0,0.0,23
baseline_adversarial,ITAC_K_Full,15,15501.516562923067,3.4447814584273484,3443,215,22420,162,3194,675,2.0,0.0,50632,11.251555555555555,58.611779878361894,0.017023462061679318,0.0037810352064875435,19
baseline_adversarial,ITAC_K_LocalOnly,15,19577.539095913697,4.350564243536377,4404,0,8132,169,2863,646,18.0,0.0,53616,11.914666666666667,59.78628830541233,0.013575451477159928,0.0030538204016607564,19
baseline_adversarial,ITAC_K_GenericVoI_Local,15,19418.389822636367,4.315197738363637,4500,0,8132,168,2896,651,18.0,0.0,54000,12.0,57.49264309188937,0.012776142909308749,0.0029607317402223104,19
baseline_adversarial,ITAC_K_UnqualifiedRemote,15,14758.471565767355,3.279660347948301,2666,670,55632,142,3164,570,2.0,0.0,49344,10.965333333333334,55.67396589864763,0.02088295795148073,0.0037723395441425513,19
baseline_adversarial,ITAC_K_NoKinematics,15,15501.516562923067,3.4447814584273484,3443,215,22420,162,3194,675,2.0,0.0,50632,11.251555555555555,58.611779878361894,0.017023462061679318,0.0037810352064875435,19
baseline_adversarial,ITAC_K_NoHysteresis,15,15924.325159914291,3.538738924425398,2687,242,25004,133,3051,541,1.0,0.0,47716,10.603555555555555,61.06953121969247,0.022727774923592285,0.0038349839384980984,19
baseline_adversarial,Greedy,16,28937.126827234733,6.430472628274385,0,0,0,10,1110,5,,,13500,3.0,0.0,0.0,0.0,23
baseline_adversarial,SPI_HCPI,16,29238.511564834538,6.497447014407675,40,0,0,10,1076,20,,,27000,6.0,0.0,0.0,0.0,23
baseline_adversarial,DualControl,16,25962.942063671526,5.769542680815895,382,0,0,50,1669,446,81.0,0.0,40500,9.0,0.0,0.0,0.0,23
baseline_adversarial,ConstrainedBandit,16,25936.54578096576,5.763676840214614,243,0,0,30,1537,354,187.0,0.0,40500,9.0,0.0,0.0,0.0,23
baseline_adversarial,GenericEIG,16,29676.72413542182,6.594827585649293,94,0,0,15,1078,172,,,54000,12.0,0.0,0.0,0.0,23
baseline_adversarial,ITAC_K_Full,16,20360.222036119798,4.5244937858044,3917,208,20748,187,2817,692,0.0,0.0,52500,11.666666666666666,52.04788909591246,0.013287691880498458,0.0025563517432952132,19
baseline_adversarial,ITAC_K_LocalOnly,16,22002.30002588606,4.889400005752457,4408,0,6156,195,2705,720,59.0,0.0,53632,11.918222222222223,54.66786693310836,0.012401966182647087,0.002484643281329258,19
baseline_adversarial,ITAC_K_GenericVoI_Local,16,22319.918293236173,4.959981842941372,4500,0,7068,194,2683,686,35.0,0.0,54000,12.0,55.17881109459079,0.012261958021020175,0.0024721780057462028,19
baseline_adversarial,ITAC_K_UnqualifiedRemote,16,16039.879827694498,3.5644177394876664,2697,698,56696,161,3089,605,2.0,0.0,49580,11.017777777777777,49.1063758581562,0.018207777477996366,0.0030615176912590705,19
baseline_adversarial,ITAC_K_NoKinematics,16,20360.222036119798,4.5244937858044,3917,208,20748,187,2817,692,0.0,0.0,52500,11.666666666666666,52.04788909591246,0.013287691880498458,0.0025563517432952132,19
baseline_adversarial,ITAC_K_NoHysteresis,16,19417.80725806625,4.315068279570277,3419,197,19988,160,2823,639,0.0,0.0,50464,11.214222222222222,52.5057183313584,0.015357039582146358,0.002703998326564256,19
baseline_adversarial,Greedy,17,28857.08286534796,6.412685081188435,0,0,0,10,1110,5,,,13500,3.0,0.0,0.0,0.0,23
baseline_adversarial,SPI_HCPI,17,29278.787287040166,6.506397174897815,40,0,0,10,1062,20,,,27000,6.0,0.0,0.0,0.0,23
baseline_adversarial,DualControl,17,27092.029124182038,6.020450916484897,394,0,0,50,1573,456,,0.0,40500,9.0,0.0,0.0,0.0,23
baseline_adversarial,ConstrainedBandit,17,30115.483634527765,6.692329696561726,231,0,0,30,1124,344,,152.0,40500,9.0,0.0,0.0,0.0,23
baseline_adversarial,GenericEIG,17,29597.64612627804,6.577254694728453,88,0,0,15,1081,165,,,54000,12.0,0.0,0.0,0.0,23
baseline_adversarial,ITAC_K_Full,17,18988.80798261203,4.219735107247118,3725,178,21508,182,2972,662,1.0,0.0,51612,11.469333333333333,60.304413105796854,0.016189104189475667,0.0031757871879592096,19
baseline_adversarial,ITAC_K_LocalOnly,17,20722.5660971415,4.605014688253667,4477,0,9576,188,2838,695,12.0,0.0,53908,11.979555555555555,61.77607199184363,0.01379854187890186,0.0029811014573318264,19
baseline_adversarial,ITAC_K_GenericVoI_Local,17,20734.863684438125,4.607747485430695,4500,0,10032,188,2845,708,12.0,0.0,54000,12.0,60.01154450514769,0.013335898778921709,0.0028942338574517563,19
baseline_adversarial,ITAC_K_UnqualifiedRemote,17,11776.86824920023,2.6170818331556065,1813,635,54188,95,3242,417,0.0,0.0,45792,10.176,58.65772581556324,0.03235395797879936,0.004980757581248029,19
baseline_adversarial,ITAC_K_NoKinematics,17,18988.80798261203,4.219735107247118,3725,178,21508,182,2972,662,1.0,0.0,51612,11.469333333333333,60.304413105796854,0.016189104189475667,0.0031757871879592096,19
baseline_adversarial,ITAC_K_NoHysteresis,17,15285.207049500172,3.396712677666705,3104,151,19532,156,3219,526,0.0,0.0,49020,10.893333333333333,62.248946318626224,0.020054428582031644,0.004072496114513658,19
baseline_adversarial,Greedy,18,28759.19234022761,6.390931631161691,0,0,0,10,1110,5,,,13500,3.0,0.0,0.0,0.0,23
baseline_adversarial,SPI_HCPI,18,29136.09033770126,6.474686741711391,40,0,0,10,1070,18,,,27000,6.0,0.0,0.0,0.0,23
baseline_adversarial,DualControl,18,23866.156632199367,5.30359036271097,390,0,0,50,1846,458,20.0,0.0,40500,9.0,0.0,0.0,0.0,23
baseline_adversarial,ConstrainedBandit,18,29102.63706183004,6.467252680406675,222,0,0,30,1212,339,,69.0,40500,9.0,0.0,0.0,0.0,23
baseline_adversarial,GenericEIG,18,29495.071675938492,6.554460372430776,87,0,0,15,1081,161,,,54000,12.0,0.0,0.0,0.0,23
baseline_adversarial,ITAC_K_Full,18,18613.870592212315,4.136415687158292,3673,249,26448,180,2963,689,16.0,0.0,51688,11.486222222222223,59.69734452072203,0.01625302056104602,0.0032071429864618402,19
baseline_adversarial,ITAC_K_LocalOnly,18,19082.299901324477,4.240511089183217,4329,0,9120,175,2951,738,3.0,0.0,53316,11.848,59.69264316665453,0.013789014360511557,0.0031281681702587296,19
baseline_adversarial,ITAC_K_GenericVoI_Local,18,19096.46879235089,4.243659731633531,4500,0,9728,176,2946,692,3.0,0.0,54000,12.0,59.15189150291016,0.01314486477842448,0.003097530341662094,19
baseline_adversarial,ITAC_K_UnqualifiedRemote,18,13610.828537384197,3.024628563863155,2704,655,54872,151,3300,555,0.0,0.0,49436,10.985777777777777,54.61006564093731,0.02019603019265433,0.00401225138432554,19
baseline_adversarial,ITAC_K_NoKinematics,18,18613.870592212315,4.136415687158292,3673,249,26448,180,2963,689,16.0,0.0,51688,11.486222222222223,59.69734452072203,0.01625302056104602,0.0032071429864618402,19
baseline_adversarial,ITAC_K_NoHysteresis,18,16201.529981613327,3.6003399959140725,3322,243,25916,155,3114,637,2.0,0.0,50260,11.168888888888889,59.68015916535905,0.017965129188849804,0.0036836125497461307,19
baseline_adversarial,Greedy,19,29015.627268973818,6.447917170883071,0,0,0,10,1110,5,,,13500,3.0,0.0,0.0,0.0,23
baseline_adversarial,SPI_HCPI,19,29314.149339599746,6.514255408799944,40,0,0,10,1079,20,,,27000,6.0,0.0,0.0,0.0,23
baseline_adversarial,DualControl,19,17142.01683451521,3.809337074336713,326,0,0,49,2467,428,4.0,0.0,40500,9.0,0.0,0.0,0.0,23
baseline_adversarial,ConstrainedBandit,19,23312.516320731047,5.180559182384677,266,0,0,30,1790,340,105.0,0.0,40500,9.0,0.0,0.0,0.0,23
baseline_adversarial,GenericEIG,19,29844.75031433646,6.632166736519213,115,0,0,15,1080,179,,,54000,12.0,0.0,0.0,0.0,23
baseline_adversarial,ITAC_K_Full,19,18647.53389155856,4.143896420346347,4189,238,24396,169,2958,751,0.0,0.0,53708,11.93511111111111,55.638465546510034,0.01328203999677967,0.002983690276154783,19
baseline_adversarial,ITAC_K_LocalOnly,19,18775.33392999604,4.172296428888009,4436,0,7600,173,2966,752,0.0,0.0,53744,11.943111111111111,56.438519766428875,0.012722840344100287,0.0030059928615310005,19
baseline_adversarial,ITAC_K_GenericVoI_Local,19,21077.002434450307,4.683778318766735,4500,0,7676,176,2808,717,0.0,0.0,54000,12.0,56.45458583420397,0.012545463518711993,0.0026784921627151822,19
baseline_adversarial,ITAC_K_UnqualifiedRemote,19,15821.867790546405,3.5159706201214234,2684,608,51756,146,3087,604,0.0,0.0,49168,10.926222222222222,51.273020323970606,0.01910321174514553,0.0032406426979883075,19
baseline_adversarial,ITAC_K_NoKinematics,19,18647.53389155856,4.143896420346347,4189,238,24396,169,2958,751,0.0,0.0,53708,11.93511111111111,55.638465546510034,0.01328203999677967,0.002983690276154783,19
baseline_adversarial,ITAC_K_NoHysteresis,19,16625.727145377874,3.694606032306194,3404,200,21432,148,3071,623,1.0,0.0,50416,11.203555555555555,56.74980386586145,0.01667150524849044,0.0034133727427157067,19
baseline_adversarial,Greedy,20,28888.28458675848,6.41961879705744,0,0,0,10,1110,5,,,13500,3.0,0.0,0.0,0.0,23
baseline_adversarial,SPI_HCPI,20,29167.413740884997,6.481647497974444,40,0,0,10,1080,20,,,27000,6.0,0.0,0.0,0.0,23
baseline_adversarial,DualControl,20,28833.553689108605,6.407456375357468,351,0,0,50,1337,441,170.0,0.0,40500,9.0,0.0,0.0,0.0,23
baseline_adversarial,ConstrainedBandit,20,31159.815815739275,6.924403514608728,264,0,0,30,1037,327,,,40500,9.0,0.0,0.0,0.0,23
baseline_adversarial,GenericEIG,20,29660.504413651037,6.591223203033564,100,0,0,15,1080,167,,,54000,12.0,0.0,0.0,0.0,23
baseline_adversarial,ITAC_K_Full,20,19054.220558338977,4.234271235186439,3639,194,21128,178,2921,682,7.0,0.0,51332,11.407111111111112,56.00818758991357,0.015391093044768774,0.0029394111093881447,19
baseline_adversarial,ITAC_K_LocalOnly,20,19193.23859316354,4.26516413181412,4352,0,7828,179,2916,731,5.0,0.0,53408,11.868444444444444,55.811293921521106,0.012824286287114225,0.002907862247979379,19
baseline_adversarial,ITAC_K_GenericVoI_Local,20,21242.30107520063,4.7205113500445846,4500,0,8360,185,2736,709,18.0,0.0,54000,12.0,56.909590082889764,0.012646575573975503,0.002679068989815279,19
baseline_adversarial,ITAC_K_UnqualifiedRemote,20,15166.933375189405,3.370429638930979,2568,614,51300,153,3173,628,0.0,0.0,48728,10.828444444444445,49.99533165173828,0.019468587091798398,0.0032963375268412784,19
baseline_adversarial,ITAC_K_NoKinematics,20,19054.220558338977,4.234271235186439,3639,194,21128,178,2921,682,7.0,0.0,51332,11.407111111111112,56.00818758991357,0.015391093044768774,0.0029394111093881447,19
baseline_adversarial,ITAC_K_NoHysteresis,20,18235.219671652758,4.052271038145057,3331,184,20444,163,2953,619,8.0,0.0,50060,11.124444444444444,56.63625884682141,0.01700277959976626,0.0031058720359077615,19
baseline_adversarial,Greedy,21,28831.060630661006,6.406902362369112,0,0,0,10,1110,5,,,13500,3.0,0.0,0.0,0.0,23
baseline_adversarial,SPI_HCPI,21,29235.278094015288,6.496728465336731,40,0,0,10,1066,20,,,27000,6.0,0.0,0.0,0.0,23
baseline_adversarial,DualControl,21,27529.12578671784,6.11758350815952,425,0,0,50,1531,449,,0.0,40500,9.0,0.0,0.0,0.0,23
baseline_adversarial,ConstrainedBandit,21,29414.209240744924,6.53649094238776,253,0,0,30,1208,337,,84.0,40500,9.0,0.0,0.0,0.0,23
baseline_adversarial,GenericEIG,21,29634.941782973794,6.5855426184386205,103,0,0,15,1079,176,,,54000,12.0,0.0,0.0,0.0,23
baseline_adversarial,ITAC_K_Full,21,17075.553893769218,3.794567531948715,3653,201,21888,166,3104,648,2.0,0.0,51416,11.425777777777778,53.91716048768591,0.014759693536185578,0.0031575643650048743,19
baseline_adversarial,ITAC_K_LocalOnly,21,18466.238351285996,4.103608522507999,4334,0,7524,165,2953,701,2.0,0.0,53336,11.852444444444444,54.47737297395909,0.01256976764512208,0.0029501066723838353,19
baseline_adversarial,ITAC_K_GenericVoI_Local,21,20622.944609877548,4.582876579972789,4500,0,7676,168,2768,684,2.0,0.0,54000,12.0,55.74867152852972,0.012388593673006605,0.002703235283957868,19
baseline_adversarial,ITAC_K_UnqualifiedRemote,21,15086.637527463123,3.3525861172140274,2717,671,56468,148,3185,582,0.0,0.0,49552,11.011555555555555,51.09829691974946,0.018806881457397666,0.0033869904295594114,19
baseline_adversarial,ITAC_K_NoKinematics,21,17075.553893769218,3.794567531948715,3653,201,21888,166,3104,648,2.0,0.0,51416,11.425777777777778,53.91716048768591,0.014759693536185578,0.0031575643650048743,19
baseline_adversarial,ITAC_K_NoHysteresis,21,16618.057295280603,3.6929016211734673,3520,173,19456,160,3134,691,0.0,0.0,50772,11.282666666666668,53.477935741477225,0.015192595381101485,0.0032180618222242222,19
baseline_adversarial,Greedy,22,28996.31922835992,6.4436264951910935,0,0,0,10,1110,5,,,13500,3.0,0.0,0.0,0.0,23
baseline_adversarial,SPI_HCPI,22,29449.449495845554,6.544322110187901,40,0,0,10,1061,20,,,27000,6.0,0.0,0.0,0.0,23
baseline_adversarial,DualControl,22,28192.537925927285,6.265008427983841,469,0,0,50,1505,454,,17.0,40500,9.0,0.0,0.0,0.0,23
baseline_adversarial,ConstrainedBandit,22,31099.11465980549,6.910914368845665,212,0,0,30,1035,331,,,40500,9.0,0.0,0.0,0.0,23
baseline_adversarial,GenericEIG,22,29733.86542414985,6.607525649811078,85,0,0,15,1082,164,,,54000,12.0,0.0,0.0,0.0,23
baseline_adversarial,ITAC_K_Full,22,16921.52807525184,3.7603395722781867,3499,198,22040,172,3093,668,3.0,0.0,50788,11.286222222222221,58.66226175818583,0.016765436341293464,0.0034667236609665798,19
baseline_adversarial,ITAC_K_LocalOnly,22,19294.84258011413,4.287742795580918,4438,0,9728,174,2897,778,8.0,0.0,53752,11.944888888888888,57.87994661540511,0.01304189874164153,0.0029997625725673447,19
baseline_adversarial,ITAC_K_GenericVoI_Local,22,21135.008312074922,4.696668513794427,4500,0,10412,173,2755,718,8.0,0.0,54000,12.0,60.44508690499222,0.013432241534442717,0.0028599509407554167,19
baseline_adversarial,ITAC_K_UnqualifiedRemote,22,14635.402794086609,3.2523117320192463,2667,663,55936,152,3200,604,0.0,0.0,49320,10.96,54.83843449665489,0.020561842705907347,0.003746971317988747,19
baseline_adversarial,ITAC_K_NoKinematics,22,16921.52807525184,3.7603395722781867,3499,197,21964,172,3093,668,3.0,0.0,50784,11.285333333333334,58.66173621149477,0.016765286142181986,0.0034666926030923312,19
baseline_adversarial,ITAC_K_NoHysteresis,22,15975.366100981864,3.550081355773748,2652,180,19988,139,3071,590,8.0,0.0,47328,10.517333333333333,60.20077743173647,0.022700142319659302,0.0037683504122034777,19
baseline_adversarial,Greedy,23,28708.96771071483,6.379770602381074,0,0,0,10,1110,5,,,13500,3.0,0.0,0.0,0.0,23
baseline_adversarial,SPI_HCPI,23,25146.588695319366,5.588130821182081,40,0,0,9,1445,17,124.0,0.0,27000,6.0,0.0,0.0,0.0,23
baseline_adversarial,DualControl,23,27178.24091338018,6.039609091862262,402,0,0,50,1517,439,172.0,0.0,40500,9.0,0.0,0.0,0.0,23
baseline_adversarial,ConstrainedBandit,23,30919.03510601521,6.870896690225602,254,0,0,30,1034,327,,,40500,9.0,0.0,0.0,0.0,23
baseline_adversarial,GenericEIG,23,29508.75167143884,6.557500371430853,103,0,0,15,1079,173,,,54000,12.0,0.0,0.0,0.0,23
baseline_adversarial,ITAC_K_Full,23,18989.24478891261,4.219832175313913,3850,248,25004,173,2933,718,3.0,0.0,52392,11.642666666666667,56.972084059749186,0.014797943911623165,0.0030002290608741795,19
baseline_adversarial,ITAC_K_LocalOnly,23,19892.733397238444,4.420607421608543,4144,0,7980,177,2891,734,3.0,0.0,52576,11.683555555555555,58.10872949030506,0.014022376807506048,0.0029211033159662137,19
baseline_adversarial,ITAC_K_GenericVoI_Local,23,21358.257064043104,4.746279347565134,4500,0,8816,175,2742,679,3.0,0.0,54000,12.0,60.62330307508732,0.013471845127797182,0.0028384012278392986,19
baseline_adversarial,ITAC_K_UnqualifiedRemote,23,14627.172430328525,3.2504827622952277,2527,628,53276,153,3208,591,1.0,0.0,48620,10.804444444444444,53.04158923824355,0.020989944296890998,0.0036262366831927915,19
baseline_adversarial,ITAC_K_NoKinematics,23,18989.24478891261,4.219832175313913,3850,248,25004,173,2933,718,3.0,0.0,52392,11.642666666666667,56.972084059749186,0.014797943911623165,0.0030002290608741795,19
baseline_adversarial,ITAC_K_NoHysteresis,23,16060.986801082088,3.569108178018242,2809,229,23256,128,3006,590,0.0,0.0,48152,10.700444444444445,57.862673608119536,0.02059902940837292,0.0036026848365395027,19
baseline_adversarial,Greedy,24,28901.74657175459,6.422610349278798,0,0,0,10,1110,5,,,13500,3.0,0.0,0.0,0.0,23
baseline_adversarial,SPI_HCPI,24,29367.77155648579,6.526171456996842,40,0,0,10,1058,20,,,27000,6.0,0.0,0.0,0.0,23
baseline_adversarial,DualControl,24,25033.163252971022,5.562925167326894,412,0,0,50,1759,444,80.0,0.0,40500,9.0,0.0,0.0,0.0,23
baseline_adversarial,ConstrainedBandit,24,27557.91237688483,6.123980528196629,244,0,0,30,1370,340,175.0,0.0,40500,9.0,0.0,0.0,0.0,23
baseline_adversarial,GenericEIG,24,29694.643407107753,6.598809646023945,105,0,0,15,1078,169,,,54000,12.0,0.0,0.0,0.0,23
baseline_adversarial,ITAC_K_Full,24,17986.74436332171,3.9970543029603802,4069,222,23484,175,3038,796,0.0,0.0,53164,11.814222222222222,53.933041454868444,0.01325461819977106,0.002998488240309228,19
baseline_adversarial,ITAC_K_LocalOnly,24,18364.98162863254,4.081107028585009,4432,0,8968,176,3011,776,1.0,0.0,53728,11.939555555555556,55.25671461638031,0.01246767026542877,0.0030088085974575916,19
baseline_adversarial,ITAC_K_GenericVoI_Local,24,20205.325091052608,4.490072242456135,4500,0,9348,177,2853,682,0.0,0.0,54000,12.0,56.285882180443394,0.01250797381787631,0.002785695450422033,19
baseline_adversarial,ITAC_K_UnqualifiedRemote,24,14554.470968172993,3.2343268818162207,2676,619,51604,145,3188,602,0.0,0.0,49180,10.928888888888888,51.21089384037273,0.019137105321514473,0.0035185678649782746,19
baseline_adversarial,ITAC_K_NoKinematics,24,17986.74436332171,3.9970543029603802,4069,222,23484,175,3038,796,0.0,0.0,53164,11.814222222222222,53.933041454868444,0.01325461819977106,0.002998488240309228,19
baseline_adversarial,ITAC_K_NoHysteresis,24,14691.994149171089,3.264887588704686,2569,186,20672,141,3175,545,2.0,0.0,47020,10.448888888888888,58.170299256484455,0.022643168258654908,0.003959319522310481,19
baseline_adversarial,Greedy,25,28837.27206398243,6.408282680884985,0,0,0,10,1110,5,,,13500,3.0,0.0,0.0,0.0,23
baseline_adversarial,SPI_HCPI,25,29426.041982299637,6.539120440511031,40,0,0,10,1043,18,,,27000,6.0,0.0,0.0,0.0,23
baseline_adversarial,DualControl,25,16349.31945386378,3.6331821008586176,381,0,0,50,2527,460,132.0,0.0,40500,9.0,0.0,0.0,0.0,23
baseline_adversarial,ConstrainedBandit,25,26669.11762518594,5.926470583374654,270,0,0,30,1500,337,,46.0,40500,9.0,0.0,0.0,0.0,23
baseline_adversarial,GenericEIG,25,29616.54690742871,6.581454868317492,101,0,0,15,1078,174,,,54000,12.0,0.0,0.0,0.0,23
baseline_adversarial,ITAC_K_Full,25,18588.608880732667,4.1308019734961485,3694,207,21432,172,2941,661,9.0,0.0,51604,11.467555555555556,62.1522232664986,0.016825182259474446,0.0033435650653191257,19
baseline_adversarial,ITAC_K_LocalOnly,25,19293.616802296212,4.287470400510269,4401,0,8664,174,2871,701,2.0,0.0,53604,11.912,62.69156830679239,0.0142448462410344,0.003249342461250252,19
baseline_adversarial,ITAC_K_GenericVoI_Local,25,19695.261351527442,4.376724744783876,4500,0,9500,180,2867,678,45.0,0.0,54000,12.0,61.52828499299374,0.013672952220665276,0.0031240146497584806,19
baseline_adversarial,ITAC_K_UnqualifiedRemote,25,14616.528401108315,3.2481174224685145,2682,619,51452,147,3171,595,1.0,0.0,49204,10.934222222222223,57.6748662361784,0.02150442439827681,0.003945866258625758,19
baseline_adversarial,ITAC_K_NoKinematics,25,18588.608880732667,4.1308019734961485,3694,207,21432,172,2941,661,9.0,0.0,51604,11.467555555555556,62.1522232664986,0.016825182259474446,0.0033435650653191257,19
baseline_adversarial,ITAC_K_NoHysteresis,25,15439.579317096095,3.4310176260213545,3216,159,18088,162,3192,569,2.0,0.0,49500,11.0,63.723050577790275,0.019814381398566627,0.004127253033845965,19
baseline_adversarial,Greedy,26,28693.528602901886,6.3763396895337525,0,0,0,10,1110,5,,,13500,3.0,0.0,0.0,0.0,23
baseline_adversarial,SPI_HCPI,26,25171.293331679222,5.593620740373161,40,0,0,9,1440,17,101.0,0.0,27000,6.0,0.0,0.0,0.0,23
baseline_adversarial,DualControl,26,24565.751356340534,5.459055856964563,365,0,0,50,1767,449,10.0,0.0,40500,9.0,0.0,0.0,0.0,23
baseline_adversarial,ConstrainedBandit,26,25869.632092857195,5.748807131746044,235,0,0,30,1528,348,13.0,0.0,40500,9.0,0.0,0.0,0.0,23
baseline_adversarial,GenericEIG,26,29420.98485579335,6.537996634620745,88,0,0,15,1081,173,,,54000,12.0,0.0,0.0,0.0,23
baseline_adversarial,ITAC_K_Full,26,17061.14656539881,3.7913659034219576,3371,206,22572,171,3113,677,1.0,0.0,50308,11.179555555555556,59.92543922242041,0.017776754441536757,0.0035123922646531484,19
baseline_adversarial,ITAC_K_LocalOnly,26,18987.492006204604,4.219442668045468,4469,0,9500,170,2923,696,1.0,0.0,53876,11.972444444444445,60.03889324914074,0.013434525229165528,0.0031620233588259914,19
baseline_adversarial,ITAC_K_GenericVoI_Local,26,19033.733716385217,4.229718603641159,4500,0,9652,170,2917,683,1.0,0.0,54000,12.0,59.96265554610299,0.013325034565800664,0.0031503359477223353,19
baseline_adversarial,ITAC_K_UnqualifiedRemote,26,15167.720525116922,3.370604561137094,2655,636,54568,151,3175,584,2.0,0.0,49164,10.925333333333333,56.48128364003215,0.02127355316008744,0.003723781931932502,19
baseline_adversarial,ITAC_K_NoKinematics,26,17061.14656539881,3.7913659034219576,3371,206,22572,171,3113,677,1.0,0.0,50308,11.179555555555556,59.92543922242041,0.017776754441536757,0.0035123922646531484,19
baseline_adversarial,ITAC_K_NoHysteresis,26,16776.604909377,3.7281344243060004,2717,198,21812,154,3056,585,15.0,0.0,47660,10.591111111111111,62.164658815113945,0.022879889147999245,0.0037054373725143907,19
baseline_adversarial,Greedy,27,28943.51766673157,6.431892814829238,0,0,0,10,1110,5,,,13500,3.0,0.0,0.0,0.0,23
baseline_adversarial,SPI_HCPI,27,29238.53347280986,6.497451882846636,40,0,0,10,1078,20,,,27000,6.0,0.0,0.0,0.0,23
baseline_adversarial,DualControl,27,32551.1247850112,7.233583285558045,371,0,0,50,1001,451,,,40500,9.0,0.0,0.0,0.0,23
baseline_adversarial,ConstrainedBandit,27,31075.77757441419,6.90572834986982,227,0,0,30,1033,340,,,40500,9.0,0.0,0.0,0.0,23
baseline_adversarial,GenericEIG,27,29707.055126084786,6.601567805796619,94,0,0,15,1076,186,,,54000,12.0,0.0,0.0,0.0,23
baseline_adversarial,ITAC_K_Full,27,17690.623113863523,3.9312495808585606,3965,272,25992,175,3060,694,0.0,0.0,52948,11.766222222222222,52.34159545004255,0.01320090679698425,0.002958719719093686,19
baseline_adversarial,ITAC_K_LocalOnly,27,20563.08247069956,4.5695738823776795,4423,0,6156,174,2799,718,1.0,0.0,53692,11.931555555555555,53.8639938267753,0.012178158224457449,0.0026194513348631646,19
baseline_adversarial,ITAC_K_GenericVoI_Local,27,20611.28793603937,4.580286208008749,4500,0,6992,177,2800,706,0.0,0.0,54000,12.0,54.876888538183806,0.012194864119596402,0.002662467707426965,19
baseline_adversarial,ITAC_K_UnqualifiedRemote,27,16641.239139966732,3.6980531422148295,2738,663,54644,153,3054,631,1.0,0.0,49604,11.023111111111112,48.55621715758788,0.01773419180335569,0.0029178246132508224,19
baseline_adversarial,ITAC_K_NoKinematics,27,17690.623113863523,3.9312495808585606,3965,272,25992,175,3060,694,0.0,0.0,52948,11.766222222222222,52.34159545004255,0.01320090679698425,0.002958719719093686,19
baseline_adversarial,ITAC_K_NoHysteresis,27,17555.24581655442,3.9011657370120933,3396,222,22572,159,3035,611,3.0,0.0,50472,11.216,52.91537236522025,0.015581676197061323,0.0030142199612677363,19
baseline_adversarial,Greedy,28,28867.79727712922,6.4150660615842705,0,0,0,10,1110,5,,,13500,3.0,0.0,0.0,0.0,23
baseline_adversarial,SPI_HCPI,28,29279.060634282738,6.506457918729497,40,0,0,10,1064,18,,,27000,6.0,0.0,0.0,0.0,23
baseline_adversarial,DualControl,28,27739.342191887106,6.164298264863802,421,0,0,50,1511,454,,79.0,40500,9.0,0.0,0.0,0.0,23
baseline_adversarial,ConstrainedBandit,28,30981.17094496874,6.884704654437498,228,0,0,30,1035,334,,,40500,9.0,0.0,0.0,0.0,23
baseline_adversarial,GenericEIG,28,29612.489492703826,6.580553220600851,95,0,0,15,1077,170,,,54000,12.0,0.0,0.0,0.0,23
baseline_adversarial,ITAC_K_Full,28,16224.30047294933,3.605400105099851,3713,233,25460,176,3197,671,1.0,0.0,51784,11.507555555555555,59.74311295577932,0.01609025396061926,0.003682322886918214,19
baseline_adversarial,ITAC_K_LocalOnly,28,17110.070087084594,3.80223779712991,4454,0,9652,178,3091,693,1.0,0.0,53816,11.959111111111111,60.79261762753904,0.013648993629892015,0.0035530314790135128,19
baseline_adversarial,ITAC_K_GenericVoI_Local,28,17868.67461273675,3.970816580608167,4500,0,9880,178,3026,683,1.0,0.0,54000,12.0,58.72118892063533,0.013049153093474517,0.003286264381286511,19
baseline_adversarial,ITAC_K_UnqualifiedRemote,28,14315.263551112846,3.181169678025077,2658,602,51148,156,3270,572,1.0,0.0,49040,10.897777777777778,57.52677856373664,0.0216428813257098,0.0040185623099663155,19
baseline_adversarial,ITAC_K_NoKinematics,28,16224.30047294933,3.605400105099851,3713,233,25460,176,3197,671,1.0,0.0,51784,11.507555555555555,59.74311295577932,0.01609025396061926,0.003682322886918214,19
baseline_adversarial,ITAC_K_NoHysteresis,28,15365.15053960427,3.414477897689838,3286,229,25004,163,3206,574,1.0,0.0,50060,11.124444444444444,60.79200734610973,0.018500306556941487,0.003956486282995795,19
baseline_adversarial,Greedy,29,28917.86439557913,6.426192087906474,0,0,0,10,1110,5,,,13500,3.0,0.0,0.0,0.0,23
baseline_adversarial,SPI_HCPI,29,29250.62513419067,6.500138918709038,40,0,0,10,1076,20,,,27000,6.0,0.0,0.0,0.0,23
baseline_adversarial,DualControl,29,19201.828655204165,4.2670730344898145,357,0,0,50,2305,447,20.0,0.0,40500,9.0,0.0,0.0,0.0,23
baseline_adversarial,ConstrainedBandit,29,28496.47447606211,6.332549883569358,255,0,0,30,1315,350,,16.0,40500,9.0,0.0,0.0,0.0,23
baseline_adversarial,GenericEIG,29,29644.18423185621,6.587596495968047,85,0,0,15,1083,166,,,54000,12.0,0.0,0.0,0.0,23
baseline_adversarial,ITAC_K_Full,29,16881.855896893343,3.751523532642965,3353,213,22952,176,3154,693,7.0,0.0,50264,11.169777777777778,57.4159909854706,0.017123767069928603,0.0034010473336664655,19
baseline_adversarial,ITAC_K_LocalOnly,29,19615.28893233009,4.358953096073353,4394,0,9576,175,2903,751,5.0,0.0,53576,11.905777777777777,55.93177165348728,0.012729124181494602,0.002851437562120232,19
baseline_adversarial,ITAC_K_GenericVoI_Local,29,21467.523691861003,4.770560820413556,4500,0,10032,175,2734,691,5.0,0.0,54000,12.0,59.74417214422287,0.013276482698716193,0.0027830025019082065,19
baseline_adversarial,ITAC_K_UnqualifiedRemote,29,15400.184131752418,3.4222631403894264,2703,619,51908,150,3138,601,0.0,0.0,49288,10.95288888888889,52.99171466528839,0.01960477790058764,0.003440979290372833,19
baseline_adversarial,ITAC_K_NoKinematics,29,16881.855896893343,3.751523532642965,3353,213,22952,176,3154,693,7.0,0.0,50264,11.169777777777778,57.4159909854706,0.017123767069928603,0.0034010473336664655,19
baseline_adversarial,ITAC_K_NoHysteresis,29,16065.373068123581,3.5700829040274624,2629,228,24472,155,3129,571,0.0,0.0,47428,10.539555555555555,58.96511909500506,0.022428725407000784,0.003670323673466496,19
fast_shock,Greedy,0,32984.13252939852,7.329807228755227,0,0,0,10,910,5,,,13500,3.0,0.0,0.0,0.0,23
fast_shock,SPI_HCPI,0,20679.541973911266,4.5954537719802815,40,0,0,7,2124,17,20.0,0.0,27000,6.0,0.0,0.0,0.0,23
fast_shock,DualControl,0,17832.612555942374,3.9628027902094165,388,0,0,52,2675,419,4.0,0.0,40500,9.0,0.0,0.0,0.0,23
fast_shock,ConstrainedBandit,0,12102.783304229337,2.6895074009398527,232,0,0,30,3115,314,53.0,0.0,40500,9.0,0.0,0.0,0.0,23
fast_shock,GenericEIG,0,33835.12750579648,7.518917223510329,118,0,0,15,880,183,,,54000,12.0,0.0,0.0,0.0,23
fast_shock,ITAC_K_Full,0,19257.061956727648,4.279347101495033,3834,289,28044,166,3101,673,0.0,0.0,52492,11.664888888888889,51.78456446361765,0.01350666783088619,0.002689120727761183,19
fast_shock,ITAC_K_LocalOnly,0,20236.847706842957,4.497077268187324,4208,0,7372,169,3029,727,1.0,0.0,52832,11.740444444444444,51.85125461191905,0.01232206621005681,0.0025622199347967566,19
fast_shock,ITAC_K_GenericVoI_Local,0,21821.73215515824,4.849273812257387,4500,0,7980,172,2884,684,1.0,0.0,54000,12.0,56.705920015343914,0.012601315558965313,0.0025985984802741574,19
fast_shock,ITAC_K_UnqualifiedRemote,0,11940.614144933072,2.653469809985127,2246,621,49400,40,3240,582,4.0,0.0,47468,10.548444444444444,48.42633192936024,0.021561145115476507,0.004055598090815928,19
fast_shock,ITAC_K_NoKinematics,0,17565.272514764823,3.903393892169961,3491,289,27968,166,3242,632,0.0,0.0,51120,11.36,52.57312861765649,0.015059618624364505,0.00299301525629421,19
fast_shock,ITAC_K_NoHysteresis,0,14811.064201132507,3.2913476002516684,2659,261,25688,138,3403,544,0.0,0.0,47680,10.595555555555556,53.55617468264906,0.0201414722386796,0.003615957230038471,19
fast_shock,Greedy,1,32931.46022522395,7.318102272271989,0,0,0,10,910,5,,,13500,3.0,0.0,0.0,0.0,23
fast_shock,SPI_HCPI,1,29952.152700557028,6.656033933457118,40,0,0,9,1223,19,,1.0,27000,6.0,0.0,0.0,0.0,23
fast_shock,DualControl,1,21416.13226516852,4.759140503370782,383,0,0,54,2376,431,2.0,0.0,40500,9.0,0.0,0.0,0.0,23
fast_shock,ConstrainedBandit,1,29390.286647869416,6.531174810637648,238,0,0,34,1411,344,28.0,0.0,40500,9.0,0.0,0.0,0.0,23
fast_shock,GenericEIG,1,33728.61003022713,7.495246673383806,105,0,0,15,880,178,,,54000,12.0,0.0,0.0,0.0,23
fast_shock,ITAC_K_Full,1,18877.493116886788,4.194998470419287,3467,241,23864,159,3094,705,0.0,0.0,50832,11.296,50.60934419721349,0.0145974456871109,0.002680935645630886,19
fast_shock,ITAC_K_LocalOnly,1,21136.93109393733,4.69709579865274,4414,0,7144,166,2931,780,7.0,0.0,53656,11.923555555555556,51.54084940683355,0.011676676349531841,0.0024384263343516753,19
fast_shock,ITAC_K_GenericVoI_Local,1,25253.87007802305,5.611971128449567,4500,0,7828,165,2551,696,6.0,0.0,54000,12.0,58.41522566129139,0.012981161258064753,0.0023131197507872945,19
fast_shock,ITAC_K_UnqualifiedRemote,1,11470.524323185828,2.549005405152406,2250,682,53960,42,3300,575,8.0,0.0,47728,10.606222222222222,45.55455417173827,0.020246468520772564,0.003971444799577037,19
fast_shock,ITAC_K_NoKinematics,1,18877.493116886788,4.194998470419287,3467,241,23864,159,3094,705,0.0,0.0,50832,11.296,50.60934419721349,0.0145974456871109,0.002680935645630886,19
fast_shock,ITAC_K_NoHysteresis,1,16949.29458817996,3.766509908484436,2926,269,25916,138,3204,637,2.0,0.0,48780,10.84,51.87997894483624,0.017730683166382856,0.003060893105310478,19
fast_shock,Greedy,2,33001.791282049264,7.333731396010948,0,0,0,10,910,5,,,13500,3.0,0.0,0.0,0.0,23
fast_shock,SPI_HCPI,2,33394.237084616536,7.42094157435923,40,0,0,10,867,20,,,27000,6.0,0.0,0.0,0.0,23
fast_shock,DualControl,2,13864.132835962442,3.080918407991654,358,0,0,54,3061,423,17.0,0.0,40500,9.0,0.0,0.0,0.0,23
fast_shock,ConstrainedBandit,2,18286.27177405295,4.063615949789545,218,0,0,32,2511,327,7.0,0.0,40500,9.0,0.0,0.0,0.0,23
fast_shock,GenericEIG,2,33760.656847203645,7.502368188267477,93,0,0,15,880,175,,,54000,12.0,0.0,0.0,0.0,23
fast_shock,ITAC_K_Full,2,19059.778685775007,4.235506374616668,3436,305,29260,163,3080,682,16.0,0.0,50964,11.325333333333333,56.45623842741574,0.01643080280192542,0.0029620615935877074,19
fast_shock,ITAC_K_LocalOnly,2,20575.734523427498,4.572385449650555,4363,0,7980,160,2941,739,14.0,0.0,53452,11.878222222222222,56.619732725788616,0.012977247931649923,0.0027517721256230965,19
fast_shock,ITAC_K_GenericVoI_Local,2,21903.87657501666,4.86752812778148,4500,0,8588,163,2819,696,14.0,0.0,54000,12.0,60.0762203989474,0.01335027119976609,0.0027427209148662627,19
fast_shock,ITAC_K_UnqualifiedRemote,2,11606.413167302788,2.579202926067286,2268,584,46284,40,3259,564,5.0,0.0,47408,10.535111111111112,51.48221110611556,0.02269938761292573,0.004435669346249845,19
fast_shock,ITAC_K_NoKinematics,2,19059.778685775007,4.235506374616668,3436,305,29260,163,3080,682,16.0,0.0,50964,11.325333333333333,56.45623842741574,0.01643080280192542,0.0029620615935877074,19
fast_shock,ITAC_K_NoHysteresis,2,15174.698353569,3.372155189682,2504,229,23180,123,3291,533,1.0,0.0,46932,10.429333333333334,58.0392357976004,0.02317860854536757,0.0038247373651384585,19
fast_shock,Greedy,3,32952.428945557855,7.322761987901745,0,0,0,10,910,5,,,13500,3.0,0.0,0.0,0.0,23
fast_shock,SPI_HCPI,3,28152.185768689844,6.2560412819310764,40,0,0,9,1374,17,93.0,0.0,27000,6.0,0.0,0.0,0.0,23
fast_shock,DualControl,3,23341.08825925535,5.1869085020567445,386,0,0,54,2139,415,34.0,0.0,40500,9.0,0.0,0.0,0.0,23
fast_shock,ConstrainedBandit,3,18446.622213291423,4.099249380731427,242,0,0,32,2499,323,11.0,0.0,40500,9.0,0.0,0.0,0.0,23
fast_shock,GenericEIG,3,33764.280393590874,7.503173420797972,112,0,0,15,882,171,,,54000,12.0,0.0,0.0,0.0,23
fast_shock,ITAC_K_Full,3,17225.851862867203,3.827967080637156,3134,201,22268,161,3265,620,0.0,0.0,49340,10.964444444444444,57.64177485924228,0.018392397849151972,0.00334623653553514,19
fast_shock,ITAC_K_LocalOnly,3,20999.964190679882,4.666658709039974,4263,0,9348,161,2941,752,0.0,0.0,53052,11.789333333333333,56.93021674187403,0.013354496068935967,0.00271096732475099,19
fast_shock,ITAC_K_GenericVoI_Local,3,22619.205059813314,5.0264900132918475,4500,0,9804,161,2765,713,0.0,0.0,54000,12.0,61.5685869632743,0.013681908214060956,0.002721960687851974,19
fast_shock,ITAC_K_UnqualifiedRemote,3,11056.065891126553,2.4569035313614562,2276,613,50844,44,3367,560,6.0,0.0,47556,10.568,51.43385116351114,0.022598352883792243,0.0046520934001299,19
fast_shock,ITAC_K_NoKinematics,3,17225.851862867203,3.827967080637156,3134,201,22268,161,3265,620,0.0,0.0,49340,10.964444444444444,57.64177485924228,0.018392397849151972,0.00334623653553514,19
fast_shock,ITAC_K_NoHysteresis,3,14045.294271750392,3.1211765048334206,2478,200,22420,140,3475,573,1.0,0.0,46712,10.380444444444445,59.13762252163284,0.02386506155029574,0.004210493662676591,19
fast_shock,Greedy,4,33040.56737416481,7.342348305369958,0,0,0,10,910,5,,,13500,3.0,0.0,0.0,0.0,23
fast_shock,SPI_HCPI,4,33352.26565170948,7.4116145892687735,40,0,0,9,872,18,,,27000,6.0,0.0,0.0,0.0,23
fast_shock,DualControl,4,22555.751225359803,5.012389161191067,345,0,0,54,2203,423,77.0,0.0,40500,9.0,0.0,0.0,0.0,23
fast_shock,ConstrainedBandit,4,8217.648851478132,1.8261441892173627,222,0,0,30,3491,300,20.0,0.0,40500,9.0,0.0,0.0,0.0,23
fast_shock,GenericEIG,4,33772.837401270444,7.505074978060099,88,0,0,15,881,162,,,54000,12.0,0.0,0.0,0.0,23
fast_shock,ITAC_K_Full,4,17875.404428901573,3.9723120953114606,3413,235,24776,162,3215,696,5.0,0.0,50592,11.242666666666667,55.49151367515945,0.016258867177017126,0.003104350108321961,19
fast_shock,ITAC_K_LocalOnly,4,20949.248225048213,4.655388494455159,4373,0,8588,166,2937,781,4.0,0.0,53492,11.88711111111111,55.72615799812224,0.012743233020380114,0.002660055263056772,19
fast_shock,ITAC_K_GenericVoI_Local,4,21761.458497306598,4.8358796660681325,4500,0,8968,164,2863,736,4.0,0.0,54000,12.0,58.553223138617724,0.013011827364137273,0.0026906846866842507,19
fast_shock,ITAC_K_UnqualifiedRemote,4,10435.857621684789,2.3190794714855087,2289,583,46436,42,3381,580,1.0,0.0,47488,10.552888888888889,51.91973665903207,0.022682279012246426,0.00497512888170757,19
fast_shock,ITAC_K_NoKinematics,4,17875.404428901573,3.9723120953114606,3413,235,24776,162,3215,696,5.0,0.0,50592,11.242666666666667,55.49151367515945,0.016258867177017126,0.003104350108321961,19
fast_shock,ITAC_K_NoHysteresis,4,18381.164061290052,4.0847031247311225,3024,136,17632,136,3076,645,8.0,0.0,48640,10.80888888888889,56.90149854717953,0.018816633117453546,0.003095641731799329,19
fast_shock,Greedy,5,33049.730319027214,7.344384515339381,0,0,0,10,910,5,,,13500,3.0,0.0,0.0,0.0,23
fast_shock,SPI_HCPI,5,29366.471191420653,6.5258824869823675,40,0,0,8,1297,18,,120.0,27000,6.0,0.0,0.0,0.0,23
fast_shock,DualControl,5,10464.385105105925,2.325418912245761,305,0,0,51,3393,391,27.0,0.0,40500,9.0,0.0,0.0,0.0,23
fast_shock,ConstrainedBandit,5,11158.926371640184,2.479761415920041,223,0,0,30,3229,306,38.0,0.0,40500,9.0,0.0,0.0,0.0,23
fast_shock,GenericEIG,5,33843.68498915645,7.520818886479211,104,0,0,15,882,185,,,54000,12.0,0.0,0.0,0.0,23
fast_shock,ITAC_K_Full,5,18954.99607253273,4.212221349451718,3500,188,20596,150,3036,680,2.0,0.0,50752,11.278222222222222,54.605147779071785,0.01560147079402051,0.0028807786385246954,19
fast_shock,ITAC_K_LocalOnly,5,21871.52248941261,4.86033833098058,4388,0,8208,162,2842,775,2.0,0.0,53552,11.900444444444444,55.013616671372674,0.012537287299765878,0.002515308054023364,19
fast_shock,ITAC_K_GenericVoI_Local,5,24032.286191070343,5.340508042460076,4500,0,9044,157,2648,706,2.0,0.0,54000,12.0,60.435294899598674,0.01343006553324415,0.002514754294248317,19
fast_shock,ITAC_K_UnqualifiedRemote,5,11460.378261692647,2.5467507248205883,2289,600,48944,41,3314,569,3.0,0.0,47556,10.568,50.598211381426864,0.022104941625787185,0.004415055962904468,19
fast_shock,ITAC_K_NoKinematics,5,18954.99607253273,4.212221349451718,3500,188,20596,150,3036,680,2.0,0.0,50752,11.278222222222222,54.605147779071785,0.01560147079402051,0.0028807786385246954,19
fast_shock,ITAC_K_NoHysteresis,5,15473.348979891754,3.438521995531501,2647,174,19608,124,3291,613,2.0,0.0,47284,10.507555555555555,55.62595815091476,0.02101471785074226,0.0035949527295741183,19
fast_shock,Greedy,6,32893.48335828794,7.30966296850843,0,0,0,10,910,7,,,13500,3.0,0.0,0.0,0.0,23
fast_shock,SPI_HCPI,6,28530.226677250484,6.34005037272233,40,0,0,9,1336,19,104.0,0.0,27000,6.0,0.0,0.0,0.0,23
fast_shock,DualControl,6,24780.596724454474,5.506799272100994,433,0,0,55,2089,472,,7.0,40500,9.0,0.0,0.0,0.0,23
fast_shock,ConstrainedBandit,6,18736.978668142045,4.163773037364899,212,0,0,32,2456,332,24.0,0.0,40500,9.0,0.0,0.0,0.0,23
fast_shock,GenericEIG,6,33660.65211300749,7.480144914001665,96,0,0,15,879,178,,,54000,12.0,0.0,0.0,0.0,23
fast_shock,ITAC_K_Full,6,18205.03404614511,4.045563121365579,3477,256,25840,170,3214,655,2.0,0.0,50932,11.318222222222222,55.36809549091751,0.015924099939866987,0.0030413618206136576,19
fast_shock,ITAC_K_LocalOnly,6,20871.39979804916,4.638088844010924,4498,0,7980,172,2939,703,1.0,0.0,53992,11.998222222222223,54.95851632933132,0.012218434043870902,0.0026331974309872722,19
fast_shock,ITAC_K_GenericVoI_Local,6,20884.53888966413,4.641008642147584,4500,0,7980,172,2938,686,1.0,0.0,54000,12.0,57.7527356290731,0.012833941250905133,0.0027653344866357204,19
fast_shock,ITAC_K_UnqualifiedRemote,6,11811.413826326885,2.624758628072641,2271,617,49172,42,3267,567,2.0,0.0,47552,10.56711111111111,50.981005578223964,0.022448703469055028,0.004316249208421651,19
fast_shock,ITAC_K_NoKinematics,6,18205.03404614511,4.045563121365579,3477,256,25840,170,3214,655,2.0,0.0,50932,11.318222222222222,55.36809549091751,0.015924099939866987,0.0030413618206136576,19
fast_shock,ITAC_K_NoHysteresis,6,17880.84598917028,3.973521330926729,3202,251,24928,152,3140,596,12.0,0.0,49812,11.069333333333333,56.98724960093526,0.017797392130210886,0.0031870555585261557,19
fast_shock,Greedy,7,32918.563747315,7.315236388292222,0,0,0,10,910,5,,,13500,3.0,0.0,0.0,0.0,23
fast_shock,SPI_HCPI,7,27330.680412498852,6.073484536110856,40,0,0,9,1466,19,8.0,0.0,27000,6.0,0.0,0.0,0.0,23
fast_shock,DualControl,7,21180.518087706678,4.7067817972681505,364,0,0,53,2357,425,10.0,0.0,40500,9.0,0.0,0.0,0.0,23
fast_shock,ConstrainedBandit,7,12751.215718406911,2.8336034929793135,235,0,0,31,3049,308,1.0,0.0,40500,9.0,0.0,0.0,0.0,23
fast_shock,GenericEIG,7,33711.70889977859,7.491490866617465,108,0,0,15,881,175,,,54000,12.0,0.0,0.0,0.0,23
fast_shock,ITAC_K_Full,7,17460.07228537602,3.8800160634168934,3528,185,21128,157,3220,643,3.0,0.0,50852,11.300444444444445,54.89770732125016,0.015560574637542563,0.003144185569450973,19
fast_shock,ITAC_K_LocalOnly,7,20064.106569364092,4.458690348747576,4488,0,8588,161,3001,708,3.0,0.0,53952,11.989333333333333,54.109204411232035,0.012056418095194303,0.0026968160393372035,19
fast_shock,ITAC_K_GenericVoI_Local,7,20928.07954604835,4.6506843435663,4500,0,8664,161,2911,690,3.0,0.0,54000,12.0,56.489179130201556,0.012553150917822569,0.00269920510412375,19
fast_shock,ITAC_K_UnqualifiedRemote,7,11268.171893703739,2.504038198600831,1866,623,49780,40,3325,531,3.0,0.0,45956,10.212444444444445,47.929693666806486,0.025685795105469714,0.004253546548538892,19
fast_shock,ITAC_K_NoKinematics,7,17460.07228537602,3.8800160634168934,3528,185,21128,157,3220,643,3.0,0.0,50852,11.300444444444445,54.89770732125016,0.015560574637542563,0.003144185569450973,19
fast_shock,ITAC_K_NoHysteresis,7,13597.701151225483,3.0217113669389963,2326,150,18544,113,3428,563,3.0,0.0,45904,10.200888888888889,57.110744511443215,0.024553200563819096,0.00420002939293133,19
fast_shock,Greedy,8,33004.713342698364,7.334380742821859,0,0,0,10,910,5,,,13500,3.0,0.0,0.0,0.0,23
fast_shock,SPI_HCPI,8,22954.931885679853,5.101095974595522,40,0,0,8,1892,16,1.0,0.0,27000,6.0,0.0,0.0,0.0,23
fast_shock,DualControl,8,29136.080295703905,6.474684510156424,437,0,0,55,1625,437,,62.0,40500,9.0,0.0,0.0,0.0,23
fast_shock,ConstrainedBandit,8,12802.409849552072,2.844979966567127,232,0,0,31,3054,308,13.0,0.0,40500,9.0,0.0,0.0,0.0,23
fast_shock,GenericEIG,8,33791.556951298866,7.509234878066414,107,0,0,15,881,162,,,54000,12.0,0.0,0.0,0.0,23
fast_shock,ITAC_K_Full,8,16986.63654149129,3.774808120331398,3487,208,25308,158,3242,643,2.0,0.0,50780,11.284444444444444,63.40749220891272,0.018183966793493753,0.0037327867735342767,19
fast_shock,ITAC_K_LocalOnly,8,17931.253030287204,3.9847228956193788,4075,0,11704,159,3199,728,2.0,0.0,52300,11.622222222222222,62.19573446365057,0.01526275692359523,0.0034685659924935195,19
fast_shock,ITAC_K_GenericVoI_Local,8,22193.911104187668,4.931980245375037,4500,0,12084,159,2809,694,2.0,0.0,54000,12.0,65.13599684665053,0.01447466596592234,0.002934858869213021,19
fast_shock,ITAC_K_UnqualifiedRemote,8,11374.116199753997,2.52758137772311,2209,639,51984,43,3331,563,5.0,0.0,47392,10.531555555555556,56.94067099731009,0.025776673154056177,0.005006162236899042,19
fast_shock,ITAC_K_NoKinematics,8,16986.63654149129,3.774808120331398,3487,208,25308,158,3242,643,2.0,0.0,50780,11.284444444444444,63.40749220891272,0.018183966793493753,0.0037327867735342767,19
fast_shock,ITAC_K_NoHysteresis,8,15080.779254084217,3.3512842786853816,2963,205,24928,127,3305,586,1.0,0.0,48672,10.816,62.85628654499419,0.021213731537291322,0.004167973384264695,19
fast_shock,Greedy,9,33014.0162701074,7.336448060023867,0,0,0,10,910,5,,,13500,3.0,0.0,0.0,0.0,23
fast_shock,SPI_HCPI,9,29978.124695240153,6.661805487831145,40,0,0,9,1224,19,,14.0,27000,6.0,0.0,0.0,0.0,23
fast_shock,DualControl,9,16159.137260458754,3.5909193912130566,379,0,0,53,2866,434,10.0,0.0,40500,9.0,0.0,0.0,0.0,23
fast_shock,ConstrainedBandit,9,12960.798661546385,2.880177480343641,203,0,0,31,3029,309,41.0,0.0,40500,9.0,0.0,0.0,0.0,23
fast_shock,GenericEIG,9,33796.29806956501,7.510288459903336,98,0,0,15,880,180,,,54000,12.0,0.0,0.0,0.0,23
fast_shock,ITAC_K_Full,9,16961.512011615647,3.769224891470144,3518,193,20672,161,3267,678,0.0,0.0,50844,11.298666666666668,54.1694003575381,0.015397782932785134,0.0031936657722755855,19
fast_shock,ITAC_K_LocalOnly,9,20533.924183744683,4.563094263054374,4352,0,7144,163,2944,747,1.0,0.0,53408,11.868444444444444,53.294554162504234,0.01224599130572248,0.002595439317180976,19
fast_shock,ITAC_K_GenericVoI_Local,9,21479.649485391023,4.773255441198005,4500,0,8056,163,2895,694,6.0,0.0,54000,12.0,56.92488485976306,0.01264997441328068,0.0026501775505452007,19
fast_shock,ITAC_K_UnqualifiedRemote,9,11397.604180558508,2.532800929013002,2280,603,48868,40,3304,576,3.0,0.0,47532,10.562666666666667,48.839003641438524,0.02142061563220988,0.004285023665302027,19
fast_shock,ITAC_K_NoKinematics,9,16961.512011615647,3.769224891470144,3518,192,20596,161,3267,678,0.0,0.0,50840,11.297777777777778,54.16956446864962,0.0153978295817651,0.0031936754477757063,19
fast_shock,ITAC_K_NoHysteresis,9,16096.031907392777,3.576895979420617,3171,184,19152,142,3326,612,0.0,0.0,49420,10.982222222222223,53.37587112451102,0.01683250429659761,0.0033160887995006966,19
fast_shock,Greedy,10,32923.53635772023,7.316341412826718,0,0,0,10,910,5,,,13500,3.0,0.0,0.0,0.0,23
fast_shock,SPI_HCPI,10,33345.293283602776,7.41006517413395,40,0,0,8,855,16,,,27000,6.0,0.0,0.0,0.0,23
fast_shock,DualControl,10,13590.602913015107,3.020133980670024,354,0,0,52,3113,411,7.0,0.0,40500,9.0,0.0,0.0,0.0,23
fast_shock,ConstrainedBandit,10,7165.015262531254,1.5922256138958342,211,0,0,30,3598,302,27.0,0.0,40500,9.0,0.0,0.0,0.0,23
fast_shock,GenericEIG,10,33719.46894281978,7.493215320626618,104,0,0,15,882,161,,,54000,12.0,0.0,0.0,0.0,23
fast_shock,ITAC_K_Full,10,20401.252301019114,4.533611622448692,3862,252,25460,165,2976,678,3.0,0.0,52456,11.656888888888888,55.19381445956624,0.014291510735257959,0.0027054130621584007,19
fast_shock,ITAC_K_LocalOnly,10,21321.80983176889,4.738179962615309,4459,0,8588,166,2884,714,3.0,0.0,53836,11.963555555555555,56.07212513613474,0.012575044883636406,0.0026298013901516403,19
fast_shock,ITAC_K_GenericVoI_Local,10,22466.620058829958,4.992582235295546,4500,0,9044,169,2799,688,3.0,0.0,54000,12.0,60.4586111377814,0.013435246919506979,0.0026910416867097736,19
fast_shock,ITAC_K_UnqualifiedRemote,10,11813.446002609731,2.6252102228021625,2205,616,49780,41,3270,573,6.0,0.0,47284,10.507555555555555,51.49924567949658,0.023355666974828382,0.0043593753819266435,19
fast_shock,ITAC_K_NoKinematics,10,20401.252301019114,4.533611622448692,3862,252,25460,165,2976,678,3.0,0.0,52456,11.656888888888888,55.19381445956624,0.014291510735257959,0.0027054130621584007,19
fast_shock,ITAC_K_NoHysteresis,10,17375.73256897724,3.8612739042171644,3124,271,27740,123,3091,562,0.0,0.0,49580,11.017777777777777,56.90018186164301,0.018213886639450387,0.0032746925423583584,19
fast_shock,Greedy,11,32938.33384516253,7.319629743369451,0,0,0,10,910,7,,,13500,3.0,0.0,0.0,0.0,23
fast_shock,SPI_HCPI,11,33193.51563182342,7.376336807071872,40,0,0,9,878,18,,,27000,6.0,0.0,0.0,0.0,23
fast_shock,DualControl,11,27383.803826950763,6.085289739322392,414,0,0,55,1772,425,137.0,0.0,40500,9.0,0.0,0.0,0.0,23
fast_shock,ConstrainedBandit,11,20388.00142669678,4.530666983710396,241,0,0,32,2310,322,57.0,0.0,40500,9.0,0.0,0.0,0.0,23
fast_shock,GenericEIG,11,33677.020625232,7.483782361162667,88,0,0,15,882,168,,,54000,12.0,0.0,0.0,0.0,23
fast_shock,ITAC_K_Full,11,17710.320626848697,3.9356268059663773,3456,242,24092,166,3208,656,0.0,0.0,50792,11.28711111111111,52.12524572642964,0.015082536379175242,0.002943212990023919,19
fast_shock,ITAC_K_LocalOnly,11,19633.628323558743,4.363028516346388,4318,0,6916,164,3059,779,0.0,0.0,53272,11.838222222222223,52.681665991348076,0.012200478460247355,0.0026832363902974774,19
fast_shock,ITAC_K_GenericVoI_Local,11,23408.85368158491,5.201967484796647,4500,0,7372,167,2751,713,0.0,0.0,54000,12.0,57.44300921186301,0.012765113158191779,0.0024539009894812497,19
fast_shock,ITAC_K_UnqualifiedRemote,11,11578.668788663452,2.573037508591878,2160,625,50160,42,3311,581,0.0,0.0,47140,10.475555555555555,46.15181682295983,0.0213665818624814,0.0039859346238616455,19
fast_shock,ITAC_K_NoKinematics,11,17710.320626848697,3.9356268059663773,3456,242,24092,166,3208,656,0.0,0.0,50792,11.28711111111111,52.12524572642964,0.015082536379175242,0.002943212990023919,19
fast_shock,ITAC_K_NoHysteresis,11,18138.011427484147,4.030669206107588,3280,242,24092,152,3138,663,0.0,0.0,50088,11.130666666666666,53.02184607742843,0.01616519697482574,0.0029232447167325927,19
fast_shock,Greedy,12,32980.95612743444,7.329101361652097,0,0,0,10,910,5,,,13500,3.0,0.0,0.0,0.0,23
fast_shock,SPI_HCPI,12,33235.1413956887,7.38558697681971,40,0,0,10,884,20,,,27000,6.0,0.0,0.0,0.0,23
fast_shock,DualControl,12,22730.238513540622,5.051164114120138,395,0,0,54,2217,427,8.0,0.0,40500,9.0,0.0,0.0,0.0,23
fast_shock,ConstrainedBandit,12,18867.144230653306,4.192698717922957,222,0,0,32,2465,334,5.0,0.0,40500,9.0,0.0,0.0,0.0,23
fast_shock,GenericEIG,12,33726.44899889297,7.494766444198438,94,0,0,15,881,164,,,54000,12.0,0.0,0.0,0.0,23
fast_shock,ITAC_K_Full,12,22861.08542811058,5.080241206246796,4201,259,25004,173,2796,740,0.0,0.0,53840,11.964444444444444,49.28600935384468,0.011731970805485523,0.002155891045017545,19
fast_shock,ITAC_K_LocalOnly,12,23090.660189070157,5.131257819793368,4469,0,6764,182,2796,750,0.0,0.0,53876,11.972444444444445,52.02818658970361,0.01164201982316035,0.0022532134708877177,19
fast_shock,ITAC_K_GenericVoI_Local,12,23263.056538799552,5.169568119733234,4500,0,7448,179,2801,723,0.0,0.0,54000,12.0,55.44113612218017,0.012320252471595593,0.002383226642196052,19
fast_shock,ITAC_K_UnqualifiedRemote,12,12153.65031149236,2.7008111803316357,2285,624,49476,45,3255,587,4.0,0.0,47636,10.585777777777778,46.475925812969166,0.020339573659942742,0.0038240301984846506,19
fast_shock,ITAC_K_NoKinematics,12,22861.08542811058,5.080241206246796,4201,259,25004,173,2796,740,0.0,0.0,53840,11.964444444444444,49.28600935384468,0.011731970805485523,0.002155891045017545,19
fast_shock,ITAC_K_NoHysteresis,12,18975.677225538457,4.216817161230768,3533,252,24624,143,3036,631,1.0,0.0,51140,11.364444444444445,52.30700143205593,0.014805265052945351,0.0027565288348000796,19
fast_shock,Greedy,13,33051.70885570626,7.344824190156946,0,0,0,10,910,7,,,13500,3.0,0.0,0.0,0.0,23
fast_shock,SPI_HCPI,13,33567.586959026434,7.459463768672541,40,0,0,9,851,18,,,27000,6.0,0.0,0.0,0.0,23
fast_shock,DualControl,13,15179.471296095377,3.3732158435767503,314,0,0,52,2937,403,6.0,0.0,40500,9.0,0.0,0.0,0.0,23
fast_shock,ConstrainedBandit,13,12587.199475015563,2.7971554388923474,230,0,0,30,3081,317,33.0,0.0,40500,9.0,0.0,0.0,0.0,23
fast_shock,GenericEIG,13,33831.89937873105,7.518199861940232,94,0,0,15,879,170,,,54000,12.0,0.0,0.0,0.0,23
fast_shock,ITAC_K_Full,13,15531.009991270199,3.4513355536156,3033,226,23788,164,3416,649,0.0,0.0,49036,10.896888888888888,53.38357214424041,0.017600913994144547,0.0034372247635051875,19
fast_shock,ITAC_K_LocalOnly,13,19843.303973898128,4.409623105310695,4209,0,8132,165,3055,800,0.0,0.0,52836,11.741333333333333,52.94741613728549,0.012579571427247681,0.002668276220881991,19
fast_shock,ITAC_K_GenericVoI_Local,13,23121.195186529654,5.138043374784368,4500,0,7904,167,2759,695,0.0,0.0,54000,12.0,57.86745069436172,0.012859433487635939,0.002502788036151139,19
fast_shock,ITAC_K_UnqualifiedRemote,13,11173.579543723126,2.483017676382917,2232,637,52516,39,3325,566,0.0,0.0,47476,10.550222222222223,49.26803881838373,0.022073494094257944,0.004409333519808391,19
fast_shock,ITAC_K_NoKinematics,13,15531.009991270199,3.4513355536156,3033,226,23788,164,3416,649,0.0,0.0,49036,10.896888888888888,53.38357214424041,0.017600913994144547,0.0034372247635051875,19
fast_shock,ITAC_K_NoHysteresis,13,15126.141600622876,3.361364800138417,2736,184,20976,141,3369,616,0.0,0.0,47680,10.595555555555556,56.03903969220055,0.020482105150658094,0.0037047808470795306,19
fast_shock,Greedy,14,33070.22859617414,7.348939688038699,0,0,0,10,910,5,,,13500,3.0,0.0,0.0,0.0,23
fast_shock,SPI_HCPI,14,33517.769166482765,7.448393148107281,40,0,0,10,862,20,,,27000,6.0,0.0,0.0,0.0,23
fast_shock,DualControl,14,18035.13347518252,4.007807438929449,364,0,0,54,2708,423,16.0,0.0,40500,9.0,0.0,0.0,0.0,23
fast_shock,ConstrainedBandit,14,14675.840191661033,3.2612978203691183,219,0,0,31,2861,299,42.0,0.0,40500,9.0,0.0,0.0,0.0,23
fast_shock,GenericEIG,14,33806.007843045896,7.512446187343532,92,0,0,15,881,167,,,54000,12.0,0.0,0.0,0.0,23
fast_shock,ITAC_K_Full,14,17922.434121133767,3.982763138029726,3279,175,20064,162,3209,651,0.0,0.0,49816,11.070222222222222,61.44130412278548,0.01873781766477142,0.0034281785446952854,19
fast_shock,ITAC_K_LocalOnly,14,21113.515889263414,4.691892419836314,4478,0,10032,164,2927,730,3.0,0.0,53912,11.980444444444444,60.02973622662131,0.013405479282407618,0.0028431899519467275,19
fast_shock,ITAC_K_GenericVoI_Local,14,21352.14573991157,4.744921275535905,4500,0,9728,161,2916,717,3.0,0.0,54000,12.0,61.63103278989977,0.013695785064422171,0.0028864093351844556,19
fast_shock,ITAC_K_UnqualifiedRemote,14,11492.111384550873,2.553802529900194,2185,671,54720,39,3306,548,5.0,0.0,47424,10.538666666666666,55.73676176723039,0.025508815454110018,0.004850001875387205,19
fast_shock,ITAC_K_NoKinematics,14,17922.434121133767,3.982763138029726,3279,175,20064,162,3209,651,0.0,0.0,49816,11.070222222222222,61.44130412278548,0.01873781766477142,0.0034281785446952854,19
fast_shock,ITAC_K_NoHysteresis,14,17121.487460378034,3.8047749911951185,3136,175,20520,137,3177,533,2.0,0.0,49244,10.943111111111111,61.45932792569351,0.019597999976305326,0.003589602134038915,19
fast_shock,Greedy,15,32946.404478702745,7.321423217489499,0,0,0,10,910,5,,,13500,3.0,0.0,0.0,0.0,23
fast_shock,SPI_HCPI,15,33288.06944746055,7.397348766102344,40,0,0,10,875,20,,,27000,6.0,0.0,0.0,0.0,23
fast_shock,DualControl,15,25643.964649887606,5.698658811086135,409,0,0,55,1963,435,107.0,0.0,40500,9.0,0.0,0.0,0.0,23
fast_shock,ConstrainedBandit,15,15272.974806429487,3.393994401428775,213,0,0,31,2820,311,5.0,0.0,40500,9.0,0.0,0.0,0.0,23
fast_shock,GenericEIG,15,33717.4593974461,7.492768754988023,99,0,0,15,879,173,,,54000,12.0,0.0,0.0,0.0,23
fast_shock,ITAC_K_Full,15,18042.638902718692,4.009475311715265,3561,181,20748,161,3196,626,0.0,0.0,50968,11.326222222222222,58.11409165516103,0.016319598892210345,0.0032209308166337193,19
fast_shock,ITAC_K_LocalOnly,15,20396.90794515895,4.532646210035322,4470,0,8512,166,2999,693,2.0,0.0,53880,11.973333333333333,57.46264135060041,0.012855177035928502,0.0028172231548575836,19
fast_shock,ITAC_K_GenericVoI_Local,15,21313.27726377806,4.736283836395125,4500,0,8284,166,2946,663,2.0,0.0,54000,12.0,58.52120107497852,0.013004711349995228,0.002745762669471549,19
fast_shock,ITAC_K_UnqualifiedRemote,15,11704.550821864852,2.601011293747745,2213,614,49704,43,3305,590,5.0,0.0,47308,10.512888888888888,52.825319419542225,0.023870456131740724,0.004513229104090107,19
fast_shock,ITAC_K_NoKinematics,15,18042.638902718692,4.009475311715265,3561,181,20748,161,3196,626,0.0,0.0,50968,11.326222222222222,58.11409165516103,0.016319598892210345,0.0032209308166337193,19
fast_shock,ITAC_K_NoHysteresis,15,16656.36031560098,3.701413403466885,2842,219,22724,134,3272,528,1.0,0.0,48244,10.720888888888888,59.28696751060896,0.020861001938989782,0.0035594191280239372,19
fast_shock,Greedy,16,33021.47431811082,7.338105404024627,0,0,0,10,910,5,,,13500,3.0,0.0,0.0,0.0,23
fast_shock,SPI_HCPI,16,33330.02317545497,7.406671816767771,40,0,0,10,876,20,,,27000,6.0,0.0,0.0,0.0,23
fast_shock,DualControl,16,16167.750298104746,3.5928333995788324,369,0,0,53,2852,425,4.0,0.0,40500,9.0,0.0,0.0,0.0,23
fast_shock,ConstrainedBandit,16,18401.24248381904,4.089164996404231,235,0,0,32,2492,332,5.0,0.0,40500,9.0,0.0,0.0,0.0,23
fast_shock,GenericEIG,16,33817.93151628354,7.515095892507453,108,0,0,15,878,180,,,54000,12.0,0.0,0.0,0.0,23
fast_shock,ITAC_K_Full,16,20945.954262276566,4.654656502728126,4165,230,22420,165,2893,760,0.0,0.0,53580,11.906666666666666,47.18991446662828,0.011330111516597427,0.002252936957454204,19
fast_shock,ITAC_K_LocalOnly,16,22672.6090606519,5.038357569033756,4465,0,5624,170,2773,717,1.0,0.0,53860,11.96888888888889,49.07511125253147,0.010991066349951057,0.0021645109798016527,19
fast_shock,ITAC_K_GenericVoI_Local,16,22701.800912721566,5.044844647271459,4500,0,6232,171,2783,703,1.0,0.0,54000,12.0,53.69144746447199,0.011931432769882665,0.0023650743688085354,19
fast_shock,ITAC_K_UnqualifiedRemote,16,10968.745737795756,2.4374990528435014,2241,712,56316,40,3324,541,7.0,0.0,47812,10.624888888888888,42.8324511308577,0.01911309733639344,0.00390495432702638,19
fast_shock,ITAC_K_NoKinematics,16,20945.954262276566,4.654656502728126,4165,230,22420,165,2893,760,0.0,0.0,53580,11.906666666666666,47.18991446662828,0.011330111516597427,0.002252936957454204,19
fast_shock,ITAC_K_NoHysteresis,16,19497.778975901176,4.332839772422483,3579,193,19532,151,3016,701,0.0,0.0,51088,11.35288888888889,47.983072283427504,0.013406837743343811,0.0024609506725219075,19
fast_shock,Greedy,17,33013.16458858544,7.33625879746343,0,0,0,10,910,5,,,13500,3.0,0.0,0.0,0.0,23
fast_shock,SPI_HCPI,17,18345.178214167812,4.07670626981507,40,0,0,7,2352,17,42.0,0.0,27000,6.0,0.0,0.0,0.0,23
fast_shock,DualControl,17,18067.979594577297,4.015106576572733,369,0,0,53,2661,415,6.0,0.0,40500,9.0,0.0,0.0,0.0,23
fast_shock,ConstrainedBandit,17,14978.929562047353,3.3286510137883005,225,0,0,31,2830,325,11.0,0.0,40500,9.0,0.0,0.0,0.0,23
fast_shock,GenericEIG,17,33799.81418625566,7.511069819167924,99,0,0,15,882,173,,,54000,12.0,0.0,0.0,0.0,23
fast_shock,ITAC_K_Full,17,17972.908259948817,3.9939796133219594,3396,241,25156,163,3208,701,0.0,0.0,50548,11.232888888888889,56.70464805580481,0.01669748175965984,0.00315500681557289,19
fast_shock,ITAC_K_LocalOnly,17,20748.472654962592,4.610771701102799,4397,0,8816,168,2957,760,0.0,0.0,53588,11.908444444444445,56.68752019305434,0.012892317533103102,0.0027321297878519215,19
fast_shock,ITAC_K_GenericVoI_Local,17,20796.193955996572,4.621376434665905,4500,0,9272,168,2919,676,0.0,0.0,54000,12.0,59.263879978748385,0.01316975110638853,0.002849746453805297,19
fast_shock,ITAC_K_UnqualifiedRemote,17,11696.888526104329,2.5993085613565174,1663,680,54568,43,3307,446,10.0,0.0,45372,10.082666666666666,52.65467627281082,0.03166246318268841,0.004501596826822762,19
fast_shock,ITAC_K_NoKinematics,17,17972.908259948817,3.9939796133219594,3396,241,25156,163,3208,701,0.0,0.0,50548,11.232888888888889,56.70464805580481,0.01669748175965984,0.00315500681557289,19
fast_shock,ITAC_K_NoHysteresis,17,16902.105225175263,3.7560233833722805,2923,195,21812,136,3182,598,0.0,0.0,48472,10.771555555555556,59.04472193016148,0.02020004171404772,0.0034933353652428956,19
fast_shock,Greedy,18,32884.07513118023,7.307572251373385,0,0,0,10,910,7,,,13500,3.0,0.0,0.0,0.0,23
fast_shock,SPI_HCPI,18,31413.763650121324,6.9808363666936275,40,0,0,9,1059,19,,175.0,27000,6.0,0.0,0.0,0.0,23
fast_shock,DualControl,18,22329.618660592143,4.962137480131587,435,0,0,54,2300,438,23.0,0.0,40500,9.0,0.0,0.0,0.0,23
fast_shock,ConstrainedBandit,18,16453.97889224466,3.6564397538321467,220,0,0,31,2692,326,8.0,0.0,40500,9.0,0.0,0.0,0.0,23
fast_shock,GenericEIG,18,33591.93608134176,7.464874684742613,90,0,0,15,883,176,,,54000,12.0,0.0,0.0,0.0,23
fast_shock,ITAC_K_Full,18,16823.198465636087,3.7384885479191303,3096,203,21964,163,3285,660,7.0,0.0,49196,10.932444444444444,57.1836228769948,0.018470162427969894,0.003399093400330558,19
fast_shock,ITAC_K_LocalOnly,18,21722.31225728314,4.827180501618476,4322,0,7676,172,2909,781,7.0,0.0,53288,11.841777777777779,55.237726895319994,0.0127805939137714,0.0025429027186919142,19
fast_shock,ITAC_K_GenericVoI_Local,18,23099.88389994845,5.133307533321878,4500,0,8664,177,2812,701,4.0,0.0,54000,12.0,59.13983638661022,0.01314218586369116,0.002560178944741025,19
fast_shock,ITAC_K_UnqualifiedRemote,18,12242.654317772749,2.7205898483939444,2315,682,53960,39,3253,536,5.0,0.0,47988,10.664,49.63267427870836,0.02143960012039238,0.004054077897687289,19
fast_shock,ITAC_K_NoKinematics,18,16823.198465636087,3.7384885479191303,3096,203,21964,163,3285,660,7.0,0.0,49196,10.932444444444444,57.1836228769948,0.018470162427969894,0.003399093400330558,19
fast_shock,ITAC_K_NoHysteresis,18,15349.399318436639,3.4109776263192533,2982,206,22496,155,3383,614,7.0,0.0,48752,10.833777777777778,58.07570170682444,0.019475419754132944,0.003783581396378679,19
fast_shock,Greedy,19,33116.543284362466,7.359231840969437,0,0,0,10,910,7,,,13500,3.0,0.0,0.0,0.0,23
fast_shock,SPI_HCPI,19,22420.589863305464,4.98235330295677,40,0,0,7,1955,16,11.0,0.0,27000,6.0,0.0,0.0,0.0,23
fast_shock,DualControl,19,9929.293896351071,2.2065097547446824,319,0,0,51,3450,402,1.0,0.0,40500,9.0,0.0,0.0,0.0,23
fast_shock,ConstrainedBandit,19,21768.38133846379,4.837418075214176,231,0,0,31,2176,320,3.0,0.0,40500,9.0,0.0,0.0,0.0,23
fast_shock,GenericEIG,19,33886.48409176274,7.530329798169497,103,0,0,15,882,176,,,54000,12.0,0.0,0.0,0.0,23
fast_shock,ITAC_K_Full,19,18194.9751065967,4.043327801465933,3495,232,23408,167,3193,662,8.0,0.0,50908,11.312888888888889,55.44505394144079,0.01586410699325917,0.0030472728660859145,19
fast_shock,ITAC_K_LocalOnly,19,20651.1578330214,4.589146185115867,4493,0,7600,163,2927,705,7.0,0.0,53972,11.993777777777778,56.05929738025936,0.012477030353941545,0.0027145837455476714,19
fast_shock,ITAC_K_GenericVoI_Local,19,21339.42635384742,4.742094745299426,4500,0,7904,165,2902,691,2.0,0.0,54000,12.0,57.0580419593975,0.012679564879866111,0.0026738320427770143,19
fast_shock,ITAC_K_UnqualifiedRemote,19,11834.8264858136,2.6299614412919112,2201,629,49932,39,3264,569,3.0,0.0,47320,10.515555555555556,48.531805616632894,0.022049888967120807,0.004100761905956791,19
fast_shock,ITAC_K_NoKinematics,19,18194.9751065967,4.043327801465933,3495,232,23408,167,3193,662,8.0,0.0,50908,11.312888888888889,55.44505394144079,0.01586410699325917,0.0030472728660859145,19
fast_shock,ITAC_K_NoHysteresis,19,16559.935135413376,3.679985585647417,2915,234,23712,148,3251,563,6.0,0.0,48596,10.799111111111111,55.94683324308568,0.0191927386768733,0.003378445192302929,19
fast_shock,Greedy,20,32982.5665919278,7.329459242650623,0,0,0,10,910,5,,,13500,3.0,0.0,0.0,0.0,23
fast_shock,SPI_HCPI,20,27862.743016083416,6.191720670240759,40,0,0,9,1411,19,68.0,0.0,27000,6.0,0.0,0.0,0.0,23
fast_shock,DualControl,20,20350.26700169451,4.522281555932113,355,0,0,54,2487,425,23.0,0.0,40500,9.0,0.0,0.0,0.0,23
fast_shock,ConstrainedBandit,20,15622.886961713326,3.471752658158517,217,0,0,31,2791,308,20.0,0.0,40500,9.0,0.0,0.0,0.0,23
fast_shock,GenericEIG,20,33760.40734897765,7.502312744217256,100,0,0,15,880,167,,,54000,12.0,0.0,0.0,0.0,23
fast_shock,ITAC_K_Full,20,19191.093422055288,4.264687427123397,3386,188,19836,163,3097,719,0.0,0.0,50296,11.17688888888889,52.57097758880089,0.015525982749202864,0.0027393424873011093,19
fast_shock,ITAC_K_LocalOnly,20,21537.699227564954,4.786155383903323,4304,0,6764,166,2886,820,0.0,0.0,53216,11.825777777777779,52.45984512466783,0.012188625725991597,0.002435721874021124,19
fast_shock,ITAC_K_GenericVoI_Local,20,22259.034371102247,4.946452082467166,4500,0,7296,169,2835,716,11.0,0.0,54000,12.0,56.107782492063635,0.012468396109347475,0.0025206745969585036,19
fast_shock,ITAC_K_UnqualifiedRemote,20,11567.462669010101,2.5705472597800223,2180,654,51832,40,3287,604,0.0,0.0,47336,10.519111111111112,47.942706163287866,0.021992067047379753,0.004144617323186107,19
fast_shock,ITAC_K_NoKinematics,20,19191.093422055288,4.264687427123397,3386,188,19836,163,3097,719,0.0,0.0,50296,11.17688888888889,52.57097758880089,0.015525982749202864,0.0027393424873011093,19
fast_shock,ITAC_K_NoHysteresis,20,18116.75715980692,4.025946035512649,3069,171,18924,149,3170,658,0.0,0.0,48960,10.88,52.36804773775048,0.017063554166748283,0.0028905861725591845,19
fast_shock,Greedy,21,32921.41275749948,7.315869501666551,0,0,0,10,910,7,,,13500,3.0,0.0,0.0,0.0,23
fast_shock,SPI_HCPI,21,33301.00219799329,7.400222710665176,40,0,0,9,865,18,,,27000,6.0,0.0,0.0,0.0,23
fast_shock,DualControl,21,25387.940350930407,5.641764522428979,397,0,0,54,1961,434,32.0,0.0,40500,9.0,0.0,0.0,0.0,23
fast_shock,ConstrainedBandit,21,15246.487638992252,3.3881083642205003,241,0,0,31,2798,305,25.0,0.0,40500,9.0,0.0,0.0,0.0,23
fast_shock,GenericEIG,21,33684.91688215366,7.485537084923036,103,0,0,15,880,181,,,54000,12.0,0.0,0.0,0.0,23
fast_shock,ITAC_K_Full,21,17886.051318506223,3.9746780707791607,3396,216,22268,155,3173,652,2.0,0.0,50448,11.210666666666667,54.89044380960702,0.01616326378374765,0.0030688966967691374,19
fast_shock,ITAC_K_LocalOnly,21,23244.31947047699,5.165404326772664,4463,0,6612,161,2739,751,0.0,0.0,53852,11.96711111111111,51.863136379601755,0.011620689307551368,0.002231217672148846,19
fast_shock,ITAC_K_GenericVoI_Local,21,23688.70392811185,5.2641564284693,4500,0,6612,159,2715,687,0.0,0.0,54000,12.0,56.36152025757261,0.01252478227946058,0.002379257237061724,19
fast_shock,ITAC_K_UnqualifiedRemote,21,9849.256823120806,2.1887237384712903,2079,620,49096,40,3449,535,4.0,0.0,46796,10.399111111111111,48.22918724870982,0.02319826226489169,0.004896733643445401,19
fast_shock,ITAC_K_NoKinematics,21,17886.051318506223,3.9746780707791607,3396,216,22268,155,3173,652,2.0,0.0,50448,11.210666666666667,54.89044380960702,0.01616326378374765,0.0030688966967691374,19
fast_shock,ITAC_K_NoHysteresis,21,18028.501620131887,4.006333693362642,3205,197,20824,152,3191,623,14.0,0.0,49608,11.024,53.98752886893082,0.016844782798418355,0.0029945654944859407,19
fast_shock,Greedy,22,33139.070182973504,7.364237818438556,0,0,0,10,910,5,,,13500,3.0,0.0,0.0,0.0,23
fast_shock,SPI_HCPI,22,33585.81267204768,7.463513927121706,40,0,0,10,861,20,,,27000,6.0,0.0,0.0,0.0,23
fast_shock,DualControl,22,18258.12145174438,4.0573603226098625,325,0,0,53,2665,412,10.0,0.0,40500,9.0,0.0,0.0,0.0,23
fast_shock,ConstrainedBandit,22,13976.729029483578,3.105939784329684,219,0,0,31,2923,305,29.0,0.0,40500,9.0,0.0,0.0,0.0,23
fast_shock,GenericEIG,22,33900.903915411865,7.533534203424859,94,0,0,15,883,171,,,54000,12.0,0.0,0.0,0.0,23
fast_shock,ITAC_K_Full,22,18236.8895625996,4.052642125022134,3403,183,20368,162,3171,722,0.0,0.0,50344,11.187555555555555,55.2237652289158,0.01622796509812395,0.0030281350906554406,19
fast_shock,ITAC_K_LocalOnly,22,23100.46315783526,5.133436257296724,4340,0,6840,168,2819,776,3.0,0.0,53360,11.857777777777779,51.21212235652174,0.011800028192746944,0.0022169305440593087,19
fast_shock,ITAC_K_GenericVoI_Local,22,23223.262465880714,5.160724992417936,4500,0,6840,169,2824,714,3.0,0.0,54000,12.0,56.75711807339642,0.012612692905199204,0.0024439769458224556,19
fast_shock,ITAC_K_UnqualifiedRemote,22,12134.711297295427,2.696602510510095,2295,674,54112,42,3258,595,7.0,0.0,47876,10.639111111111111,50.93815092835621,0.022195272735667192,0.004197722523461209,19
fast_shock,ITAC_K_NoKinematics,22,18236.8895625996,4.052642125022134,3403,182,20292,162,3171,722,0.0,0.0,50340,11.186666666666667,55.22796230208624,0.01622919844316375,0.0030283652325969177,19
fast_shock,ITAC_K_NoHysteresis,22,17279.23770087649,3.8398306001947753,2762,158,18392,125,3113,593,4.0,0.0,47680,10.595555555555556,58.7771828450801,0.021280659972874764,0.00340160740089238,19
fast_shock,Greedy,23,32830.5073237837,7.295668294174155,0,0,0,10,910,5,,,13500,3.0,0.0,0.0,0.0,23
fast_shock,SPI_HCPI,23,27021.96363936579,6.004880808747953,40,0,0,8,1487,18,157.0,0.0,27000,6.0,0.0,0.0,0.0,23
fast_shock,DualControl,23,15901.237304716522,3.5336082899370047,348,0,0,53,2875,422,18.0,0.0,40500,9.0,0.0,0.0,0.0,23
fast_shock,ConstrainedBandit,23,10729.091847659152,2.384242632813145,224,0,0,30,3249,299,23.0,0.0,40500,9.0,0.0,0.0,0.0,23
fast_shock,GenericEIG,23,33592.581036882824,7.465018008196183,100,0,0,15,881,169,,,54000,12.0,0.0,0.0,0.0,23
fast_shock,ITAC_K_Full,23,18443.939436445573,4.098653208099016,3480,195,21128,158,3133,644,0.0,0.0,50700,11.266666666666667,54.89877624950842,0.015775510416525407,0.0029765211731842605,19
fast_shock,ITAC_K_LocalOnly,23,20775.339281531746,4.6167420625626105,4058,0,8208,163,2985,705,9.0,0.0,52232,11.607111111111111,55.47389450120237,0.013670254928832521,0.0026701799546790523,19
fast_shock,ITAC_K_GenericVoI_Local,23,25258.620608324854,5.613026801849967,4500,0,8208,168,2637,691,9.0,0.0,54000,12.0,59.79852501962651,0.013288561115472558,0.002367450144918754,19
fast_shock,ITAC_K_UnqualifiedRemote,23,11564.686227609338,2.569930272802075,2212,582,46664,40,3281,561,3.0,0.0,47176,10.483555555555556,51.289328817477276,0.023186857512421916,0.004434995278560174,19
fast_shock,ITAC_K_NoKinematics,23,18443.939436445573,4.098653208099016,3480,195,21128,158,3133,644,0.0,0.0,50700,11.266666666666667,54.89877624950842,0.015775510416525407,0.0029765211731842605,19
fast_shock,ITAC_K_NoHysteresis,23,15116.894230732738,3.3593098290517194,2401,171,19000,129,3333,575,9.0,0.0,46288,10.286222222222221,56.855367071645844,0.023679869667490982,0.003761048149431286,19
fast_shock,Greedy,24,33002.35479803392,7.333856621785316,0,0,0,10,910,5,,,13500,3.0,0.0,0.0,0.0,23
fast_shock,SPI_HCPI,24,24967.01860222972,5.548226356051049,40,0,0,8,1708,18,12.0,0.0,27000,6.0,0.0,0.0,0.0,23
fast_shock,DualControl,24,22096.12699412474,4.910250443138831,418,0,0,53,2291,424,1.0,0.0,40500,9.0,0.0,0.0,0.0,23
fast_shock,ConstrainedBandit,24,7259.94367197488,1.613320815994418,214,0,0,30,3587,322,2.0,0.0,40500,9.0,0.0,0.0,0.0,23
fast_shock,GenericEIG,24,33776.84511615442,7.505965581367649,95,0,0,15,878,174,,,54000,12.0,0.0,0.0,0.0,23
fast_shock,ITAC_K_Full,24,19241.05524091465,4.275790053536589,3485,207,21736,161,3112,682,0.0,0.0,50768,11.281777777777778,54.84231704795977,0.015736676340877984,0.0028502759521911105,19
fast_shock,ITAC_K_LocalOnly,24,22715.75374743687,5.047945277208193,4470,0,7448,162,2791,713,1.0,0.0,53880,11.973333333333333,52.7153443236388,0.011793141906854319,0.0023206513378226305,19
fast_shock,ITAC_K_GenericVoI_Local,24,23400.72910573915,5.2001620234975885,4500,0,7524,166,2752,675,1.0,0.0,54000,12.0,57.216373498401666,0.01271474966631148,0.0024450679822779135,19
fast_shock,ITAC_K_UnqualifiedRemote,24,11698.073940130475,2.599571986695661,2257,613,49628,42,3269,558,7.0,0.0,47480,10.551111111111112,49.84458960930673,0.02208444377904596,0.004260922769372647,19
fast_shock,ITAC_K_NoKinematics,24,19241.05524091465,4.275790053536589,3485,207,21736,161,3112,682,0.0,0.0,50768,11.281777777777778,54.84231704795977,0.015736676340877984,0.0028502759521911105,19
fast_shock,ITAC_K_NoHysteresis,24,16041.701840327121,3.5648226311838047,2968,217,22724,137,3298,610,0.0,0.0,48740,10.831111111111111,55.78184317198008,0.018794421553901642,0.003477302079742593,19
fast_shock,Greedy,25,32938.34459891731,7.319632133092736,0,0,0,10,910,5,,,13500,3.0,0.0,0.0,0.0,23
fast_shock,SPI_HCPI,25,33532.3225467663,7.451627232614733,40,0,0,10,843,20,,,27000,6.0,0.0,0.0,0.0,23
fast_shock,DualControl,25,25210.95524125961,5.602434498057691,449,0,0,55,2003,461,51.0,0.0,40500,9.0,0.0,0.0,0.0,23
fast_shock,ConstrainedBandit,25,18737.54909616023,4.1638997991467175,264,0,0,32,2467,309,20.0,0.0,40500,9.0,0.0,0.0,0.0,23
fast_shock,GenericEIG,25,33720.12410339156,7.493360911864791,108,0,0,15,879,177,,,54000,12.0,0.0,0.0,0.0,23
fast_shock,ITAC_K_Full,25,18007.49195455647,4.001664878790327,3342,171,19836,159,3167,694,0.0,0.0,50052,11.122666666666667,55.839646788474724,0.016708452061183342,0.0031009119387303413,19
fast_shock,ITAC_K_LocalOnly,25,19923.363426070504,4.427414094682335,4182,0,9956,164,3033,758,0.0,0.0,52728,11.717333333333332,56.33313373388252,0.013470381093706962,0.0028274911484156536,19
fast_shock,ITAC_K_GenericVoI_Local,25,19862.976819432875,4.4139948487628615,4500,0,9880,168,3048,694,0.0,0.0,54000,12.0,57.40294584882821,0.012756210188628492,0.002889946777396842,19
fast_shock,ITAC_K_UnqualifiedRemote,25,11687.871144139386,2.5973046986976414,2176,644,51604,40,3265,564,3.0,0.0,47280,10.506666666666666,50.06199633308373,0.023006432138365684,0.004283243348228233,19
fast_shock,ITAC_K_NoKinematics,25,18007.49195455647,4.001664878790327,3342,171,19836,159,3167,694,0.0,0.0,50052,11.122666666666667,55.839646788474724,0.016708452061183342,0.0031009119387303413,19
fast_shock,ITAC_K_NoHysteresis,25,18307.43811607226,4.068319581349391,3404,195,21584,141,3055,632,0.0,0.0,50396,11.199111111111112,57.100600965367406,0.01677455962554859,0.0031189836941324027,19
fast_shock,Greedy,26,32799.45304182656,7.288767342628124,0,0,0,10,910,5,,,13500,3.0,0.0,0.0,0.0,23
fast_shock,SPI_HCPI,26,22837.98236318064,5.07510719181792,40,0,0,7,1892,16,10.0,0.0,27000,6.0,0.0,0.0,0.0,23
fast_shock,DualControl,26,13541.531431102809,3.0092292069117352,393,0,0,53,3137,422,8.0,0.0,40500,9.0,0.0,0.0,0.0,23
fast_shock,ConstrainedBandit,26,8082.44488987087,1.7960988644157487,218,0,0,30,3513,320,15.0,0.0,40500,9.0,0.0,0.0,0.0,23
fast_shock,GenericEIG,26,33588.53060371972,7.464117911937716,102,0,0,15,882,177,,,54000,12.0,0.0,0.0,0.0,23
fast_shock,ITAC_K_Full,26,19081.66913665175,4.240370919255945,3447,157,19076,161,3103,702,2.0,0.0,50416,11.203555555555555,57.93163128960431,0.016806391438817615,0.0030359834286367644,19
fast_shock,ITAC_K_LocalOnly,26,20507.625430457272,4.557250095657172,4209,0,9120,167,3001,730,2.0,0.0,52836,11.741333333333333,57.12783487670713,0.013572780916300101,0.0027856874541829055,19
fast_shock,ITAC_K_GenericVoI_Local,26,24153.369531197146,5.367415451377144,4500,0,9272,167,2686,713,2.0,0.0,54000,12.0,60.892452023819914,0.013531656005293314,0.002521074831615919,19
fast_shock,ITAC_K_UnqualifiedRemote,26,11921.302674704553,2.6491783721565674,2258,599,49780,39,3251,547,6.0,0.0,47428,10.539555555555555,52.39538455822709,0.02320433328530872,0.004395105634672229,19
fast_shock,ITAC_K_NoKinematics,26,19081.66913665175,4.240370919255945,3447,157,19076,161,3103,702,2.0,0.0,50416,11.203555555555555,57.93163128960431,0.016806391438817615,0.0030359834286367644,19
fast_shock,ITAC_K_NoHysteresis,26,18540.57748063588,4.120128329030195,2940,149,18772,137,3026,587,2.0,0.0,48356,10.745777777777779,60.32640313075328,0.020519184738351456,0.0032537499543236603,19
fast_shock,Greedy,27,33065.8216620352,7.347960369341156,0,0,0,10,910,7,,,13500,3.0,0.0,0.0,0.0,23
fast_shock,SPI_HCPI,27,33296.617215488826,7.399248270108628,40,0,0,8,876,16,,,27000,6.0,0.0,0.0,0.0,23
fast_shock,DualControl,27,12629.274138229493,2.8065053640509987,356,0,0,51,3183,403,21.0,0.0,40500,9.0,0.0,0.0,0.0,23
fast_shock,ConstrainedBandit,27,11895.4296579249,2.6434288128722,216,0,0,30,3156,317,14.0,0.0,40500,9.0,0.0,0.0,0.0,23
fast_shock,GenericEIG,27,33880.63387045762,7.529029748990582,108,0,0,15,877,181,,,54000,12.0,0.0,0.0,0.0,23
fast_shock,ITAC_K_Full,27,19759.246714662047,4.390943714369344,3435,210,21356,169,3077,682,0.0,0.0,50580,11.24,50.80727986680292,0.01479105672978251,0.0025713166397736283,19
fast_shock,ITAC_K_LocalOnly,27,21052.425427148133,4.678316761588474,4309,0,6840,171,2942,729,0.0,0.0,53236,11.830222222222222,52.36532432204834,0.01215254683732846,0.0024873772622189504,19
fast_shock,ITAC_K_GenericVoI_Local,27,23235.28815876803,5.163397368615118,4500,0,6992,175,2786,719,0.0,0.0,54000,12.0,55.52153199176891,0.012338118220393091,0.0023895349010688897,19
fast_shock,ITAC_K_UnqualifiedRemote,27,12966.452709833246,2.881433935518499,2225,683,54188,46,3194,584,5.0,0.0,47632,10.584888888888889,46.47495956063533,0.020887622274442845,0.0035842462545974934,19
fast_shock,ITAC_K_NoKinematics,27,19759.246714662047,4.390943714369344,3435,210,21356,169,3077,682,0.0,0.0,50580,11.24,50.80727986680292,0.01479105672978251,0.0025713166397736283,19
fast_shock,ITAC_K_NoHysteresis,27,17185.434507654525,3.81898544614545,3103,198,20444,149,3235,588,0.0,0.0,49204,10.934222222222223,52.528661064973505,0.016928347104406542,0.003056580329207087,19
fast_shock,Greedy,28,32974.00015645516,7.327555590323368,0,0,0,10,910,5,,,13500,3.0,0.0,0.0,0.0,23
fast_shock,SPI_HCPI,28,29780.56476447077,6.617903280993505,40,0,0,9,1240,19,,0.0,27000,6.0,0.0,0.0,0.0,23
fast_shock,DualControl,28,18410.838738748847,4.091297497499744,353,0,0,53,2632,427,9.0,0.0,40500,9.0,0.0,0.0,0.0,23
fast_shock,ConstrainedBandit,28,9377.843769216435,2.0839652820480965,214,0,0,30,3409,303,5.0,0.0,40500,9.0,0.0,0.0,0.0,23
fast_shock,GenericEIG,28,33746.6379714365,7.4992528825414455,95,0,0,15,877,171,,,54000,12.0,0.0,0.0,0.0,23
fast_shock,ITAC_K_Full,28,17538.71875102256,3.897493055782791,3511,232,24396,157,3214,630,0.0,0.0,50972,11.327111111111112,54.05803559997226,0.01539676320135923,0.003082211213223344,19
fast_shock,ITAC_K_LocalOnly,28,20467.846829290436,4.548410406508986,4380,0,7828,159,2949,741,2.0,0.0,53520,11.893333333333333,54.53261748265689,0.012450369288277828,0.0026643065065651257,19
fast_shock,ITAC_K_GenericVoI_Local,28,22269.15537532647,4.948701194516993,4500,0,7676,159,2818,692,2.0,0.0,54000,12.0,56.6260129291313,0.012583558428695844,0.002542800208393676,19
fast_shock,ITAC_K_UnqualifiedRemote,28,11710.559803488146,2.602346622997366,2280,592,47804,38,3257,544,5.0,0.0,47488,10.552888888888889,49.99853840068581,0.021929183509072723,0.004269525901382877,19
fast_shock,ITAC_K_NoKinematics,28,17538.71875102256,3.897493055782791,3511,232,24396,157,3214,630,0.0,0.0,50972,11.327111111111112,54.05803559997226,0.01539676320135923,0.003082211213223344,19
fast_shock,ITAC_K_NoHysteresis,28,18572.979314987533,4.127328736663896,3343,215,22648,134,3052,641,0.0,0.0,50232,11.162666666666667,55.078933019501825,0.01647589979644087,0.0029655410736960054,19
fast_shock,Greedy,29,33066.91412141517,7.348203138092259,0,0,0,10,910,5,,,13500,3.0,0.0,0.0,0.0,23
fast_shock,SPI_HCPI,29,27491.352783536277,6.1091895074525056,40,0,0,8,1460,17,14.0,0.0,27000,6.0,0.0,0.0,0.0,23
fast_shock,DualControl,29,17374.197741205626,3.860932831379028,355,0,0,53,2716,432,2.0,0.0,40500,9.0,0.0,0.0,0.0,23
fast_shock,ConstrainedBandit,29,14969.302924784393,3.3265117610631987,226,0,0,31,2825,329,25.0,0.0,40500,9.0,0.0,0.0,0.0,23
fast_shock,GenericEIG,29,33824.550207985914,7.5165667128857585,93,0,0,15,883,169,,,54000,12.0,0.0,0.0,0.0,23
fast_shock,ITAC_K_Full,29,16805.91273152713,3.7346472736726954,3369,272,27512,159,3280,661,0.0,0.0,50564,11.236444444444444,54.19195252428446,0.016085471215281824,0.00322457657551814,19
fast_shock,ITAC_K_LocalOnly,29,19196.630973861076,4.2659179941913505,3950,0,8056,165,3130,727,0.0,0.0,51800,11.511111111111111,54.31103603012181,0.013749629374714382,0.0028291962326136267,19
fast_shock,ITAC_K_GenericVoI_Local,29,23684.819931798367,5.263293318177415,4500,0,8284,165,2713,680,0.0,0.0,54000,12.0,59.51381641854202,0.013225292537453782,0.0025127409281520846,19
fast_shock,ITAC_K_UnqualifiedRemote,29,10335.85963752451,2.296857697227669,2154,678,53884,40,3396,551,3.0,0.0,47328,10.517333333333333,48.73509912708266,0.02262539420941628,0.004715147151394072,19
fast_shock,ITAC_K_NoKinematics,29,16805.91273152713,3.7346472736726954,3369,272,27512,159,3280,661,0.0,0.0,50564,11.236444444444444,54.19195252428446,0.016085471215281824,0.00322457657551814,19
fast_shock,ITAC_K_NoHysteresis,29,17988.12869591892,3.997361932426427,2914,240,25004,129,3071,623,0.0,0.0,48616,10.803555555555555,54.877985744882686,0.01883252770929399,0.0030507890327320817,19
long_shock,Greedy,0,23965.00618305938,5.3255569295687515,0,0,0,10,910,5,,,13500,3.0,0.0,0.0,0.0,23
long_shock,SPI_HCPI,0,22412.238824270302,4.980497516504512,40,0,0,9,1045,19,,0.0,27000,6.0,0.0,0.0,0.0,23
long_shock,DualControl,0,23443.422501255718,5.209649444723493,387,0,0,55,1193,455,,0.0,40500,9.0,0.0,0.0,0.0,23
long_shock,ConstrainedBandit,0,22874.477775497053,5.08321728344379,207,0,0,34,1136,328,105.0,0.0,40500,9.0,0.0,0.0,0.0,23
long_shock,GenericEIG,0,24719.710887109766,5.493269086024393,94,0,0,15,880,175,,,54000,12.0,0.0,0.0,0.0,23
long_shock,ITAC_K_Full,0,19018.835079988592,4.226407795553021,3890,240,24244,216,2448,696,6.0,0.0,52520,11.671111111111111,60.84347237436373,0.015640995468988103,0.0031991166713666156,19
long_shock,ITAC_K_LocalOnly,0,18357.680808939716,4.079484624208826,4461,0,8664,217,2499,726,2.0,0.0,53844,11.965333333333334,61.34992673043145,0.013752505431614312,0.0033419214207360886,19
long_shock,ITAC_K_GenericVoI_Local,0,19150.236992682723,4.2556082205961605,4500,0,8816,222,2451,731,2.0,0.0,54000,12.0,59.95540896135053,0.013323424213633452,0.0031307920097416756,19
long_shock,ITAC_K_UnqualifiedRemote,0,17841.64904679391,3.964810899287536,3117,603,50616,216,2542,674,0.0,0.0,50880,11.306666666666667,56.29800219682924,0.018061598394876237,0.0031554259390023038,19
long_shock,ITAC_K_NoKinematics,0,19018.835079988592,4.226407795553021,3890,240,24244,216,2448,696,6.0,0.0,52520,11.671111111111111,60.84347237436373,0.015640995468988103,0.0031991166713666156,19
long_shock,ITAC_K_NoHysteresis,0,16818.766752306954,3.737503722734879,3432,239,24472,205,2598,598,23.0,0.0,50684,11.263111111111112,62.83483436487615,0.01830851817158396,0.0037359953491392216,19
long_shock,Greedy,1,23965.464152598834,5.3256587005775184,0,0,0,10,910,5,,,13500,3.0,0.0,0.0,0.0,23
long_shock,SPI_HCPI,1,20546.15662793194,4.565812583984876,40,0,0,9,1223,19,36.0,0.0,27000,6.0,0.0,0.0,0.0,23
long_shock,DualControl,1,16883.00021209937,3.7517778249109712,339,0,0,55,1800,437,8.0,0.0,40500,9.0,0.0,0.0,0.0,23
long_shock,ConstrainedBandit,1,26199.411427150397,5.822091428255644,234,0,0,35,840,349,,,40500,9.0,0.0,0.0,0.0,23
long_shock,GenericEIG,1,24742.027046573272,5.498228232571838,95,0,0,15,880,176,,,54000,12.0,0.0,0.0,0.0,23
long_shock,ITAC_K_Full,1,18475.274034731407,4.1056164521625345,3943,181,19760,216,2478,725,18.0,0.0,52496,11.665777777777778,60.768082191943726,0.015411636366204344,0.003289157285445762,19
long_shock,ITAC_K_LocalOnly,1,18238.663456694732,4.05303632370994,4476,0,8360,213,2514,716,18.0,0.0,53904,11.978666666666667,61.81207560369663,0.013809668365437138,0.003389068269748007,19
long_shock,ITAC_K_GenericVoI_Local,1,19313.07454307751,4.291794342906114,4500,0,8588,214,2417,701,28.0,0.0,54000,12.0,60.47636576211101,0.013439192391580224,0.00313136914721783,19
long_shock,ITAC_K_UnqualifiedRemote,1,16464.222750059263,3.6587161666798362,3095,606,50920,210,2620,646,8.0,0.0,50804,11.289777777777777,55.93856621105655,0.01807385014896819,0.003397583175364607,19
long_shock,ITAC_K_NoKinematics,1,18475.274034731407,4.1056164521625345,3943,181,19760,216,2478,725,18.0,0.0,52496,11.665777777777778,60.768082191943726,0.015411636366204344,0.003289157285445762,19
long_shock,ITAC_K_NoHysteresis,1,16425.678698332144,3.6501508218515872,3524,224,23256,196,2628,586,16.0,0.0,50992,11.331555555555555,62.14266567727303,0.017634127604220496,0.003783263195303033,19
long_shock,Greedy,2,24010.11328347169,5.335580729660375,0,0,0,10,910,5,,,13500,3.0,0.0,0.0,0.0,23
long_shock,SPI_HCPI,2,24402.55908603896,5.422790908008658,40,0,0,10,867,20,,,27000,6.0,0.0,0.0,0.0,23
long_shock,DualControl,2,19863.884537268754,4.414196563837501,385,0,0,57,1551,446,15.0,0.0,40500,9.0,0.0,0.0,0.0,23
long_shock,ConstrainedBandit,2,26265.810914842157,5.836846869964924,218,0,0,35,839,349,,,40500,9.0,0.0,0.0,0.0,23
long_shock,GenericEIG,2,24785.77180519171,5.507949290042602,95,0,0,15,880,177,,,54000,12.0,0.0,0.0,0.0,23
long_shock,ITAC_K_Full,2,20314.743407863854,4.514387423969746,3913,297,29944,217,2373,734,54.0,0.0,52840,11.742222222222223,62.84414415932849,0.01606034862236864,0.00309352389531051,19
long_shock,ITAC_K_LocalOnly,2,20477.70584462463,4.550601298805473,4488,0,9652,225,2359,741,45.0,0.0,53952,11.989333333333333,64.37893232722428,0.014344681891092753,0.003143854727463216,19
long_shock,ITAC_K_GenericVoI_Local,2,20791.939787540992,4.620431063897998,4500,0,10032,228,2351,725,45.0,0.0,54000,12.0,62.478699533782624,0.013884155451951694,0.0030049480795063333,19
long_shock,ITAC_K_UnqualifiedRemote,2,18056.149671255713,4.012477704723492,3111,581,50008,200,2481,670,32.0,0.0,50768,11.281777777777778,58.57481556842618,0.018828291728841588,0.003244036886871497,19
long_shock,ITAC_K_NoKinematics,2,20314.743407863854,4.514387423969746,3913,297,29944,217,2373,734,54.0,0.0,52840,11.742222222222223,62.84414415932849,0.01606034862236864,0.00309352389531051,19
long_shock,ITAC_K_NoHysteresis,2,15609.486538300021,3.468774786288894,3207,246,25840,189,2673,593,25.0,0.0,49812,11.069333333333333,65.17583162868577,0.020322990841498526,0.004175398817172359,19
long_shock,Greedy,3,23932.467403133436,5.3183260895852085,0,0,0,10,910,5,,,13500,3.0,0.0,0.0,0.0,23
long_shock,SPI_HCPI,3,24323.374898691633,5.405194421931474,40,0,0,10,868,18,,,27000,6.0,0.0,0.0,0.0,23
long_shock,DualControl,3,24203.982414600352,5.378662758800078,404,0,0,56,1146,432,66.0,0.0,40500,9.0,0.0,0.0,0.0,23
long_shock,ConstrainedBandit,3,26206.245453870717,5.82361010086016,246,0,0,35,843,336,,,40500,9.0,0.0,0.0,0.0,23
long_shock,GenericEIG,3,24700.61804666686,5.489026232592636,103,0,0,15,882,173,,,54000,12.0,0.0,0.0,0.0,23
long_shock,ITAC_K_Full,3,17784.383074645666,3.952085127699037,3924,264,26904,216,2581,715,8.0,0.0,52752,11.722666666666667,62.48420655434886,0.01592360003933457,0.003513431210522538,19
long_shock,ITAC_K_LocalOnly,3,18744.66458925025,4.165481019833389,4495,0,8816,224,2518,742,8.0,0.0,53980,11.995555555555555,64.49408331932166,0.014347960693953651,0.00344066350252583,19
long_shock,ITAC_K_GenericVoI_Local,3,18807.309034536356,4.179402007674746,4500,0,9576,224,2513,738,8.0,0.0,54000,12.0,62.302254080739914,0.013844945351275536,0.003312661793685245,19
long_shock,ITAC_K_UnqualifiedRemote,3,18218.29824377922,4.048510720839826,3121,609,50388,214,2519,680,6.0,0.0,50920,11.315555555555555,59.19613842565049,0.018967042110109095,0.0032492682704798443,19
long_shock,ITAC_K_NoKinematics,3,17784.383074645666,3.952085127699037,3924,263,26828,216,2581,715,8.0,0.0,52748,11.721777777777778,62.4778874503274,0.015921989666240418,0.0035130758929388505,19
long_shock,ITAC_K_NoHysteresis,3,16451.603915527514,3.6559119812283365,3328,218,23408,205,2648,659,6.0,0.0,50184,11.152,64.00469706239012,0.019232180607689338,0.0038904837115596117,19
long_shock,Greedy,4,24044.957761284684,5.343323946952152,0,0,0,10,910,5,,,13500,3.0,0.0,0.0,0.0,23
long_shock,SPI_HCPI,4,24356.656038829362,5.412590230850969,40,0,0,9,872,18,,,27000,6.0,0.0,0.0,0.0,23
long_shock,DualControl,4,23774.869501832123,5.283304333740472,374,0,0,56,1181,438,22.0,0.0,40500,9.0,0.0,0.0,0.0,23
long_shock,ConstrainedBandit,4,18301.140878258677,4.066920195168595,230,0,0,33,1578,321,30.0,0.0,40500,9.0,0.0,0.0,0.0,23
long_shock,GenericEIG,4,24762.97494303275,5.502883320673945,85,0,0,15,881,162,,,54000,12.0,0.0,0.0,0.0,23
long_shock,ITAC_K_Full,4,16944.72373880745,3.7654941641794335,3923,246,26448,211,2626,710,0.0,0.0,52676,11.705777777777778,62.540625661366605,0.015942040698793424,0.003690861333910903,19
long_shock,ITAC_K_LocalOnly,4,17976.637267807728,3.9948082817350508,4486,0,9728,215,2540,749,1.0,0.0,53944,11.987555555555556,64.68378325305345,0.014419033270854536,0.0035982137420599862,19
long_shock,ITAC_K_GenericVoI_Local,4,17908.331566068264,3.9796292369040587,4500,0,10108,214,2539,742,1.0,0.0,54000,12.0,62.2506986987426,0.013833488599720578,0.00347607472360473,19
long_shock,ITAC_K_UnqualifiedRemote,4,16763.033216808388,3.725118492624086,3135,604,50844,210,2618,696,3.0,0.0,50956,11.323555555555556,58.87366691111955,0.018779479078507032,0.0035121130018454295,19
long_shock,ITAC_K_NoKinematics,4,16944.72373880745,3.7654941641794335,3923,246,26448,211,2626,710,0.0,0.0,52676,11.705777777777778,62.540625661366605,0.015942040698793424,0.003690861333910903,19
long_shock,ITAC_K_NoHysteresis,4,16349.681240384258,3.6332624978631682,3369,188,22344,191,2624,617,15.0,0.0,50228,11.161777777777777,66.67107516783467,0.01978957410740121,0.00407782110168331,19
long_shock,Greedy,5,24043.337754428365,5.342963945428526,0,0,0,10,910,5,,,13500,3.0,0.0,0.0,0.0,23
long_shock,SPI_HCPI,5,19705.578626821825,4.379017472627072,40,0,0,8,1297,18,155.0,0.0,27000,6.0,0.0,0.0,0.0,23
long_shock,DualControl,5,18645.39269697658,4.143420599328129,353,0,0,55,1648,439,73.0,0.0,40500,9.0,0.0,0.0,0.0,23
long_shock,ConstrainedBandit,5,26314.81234502785,5.847736076672856,241,0,0,35,847,338,,,40500,9.0,0.0,0.0,0.0,23
long_shock,GenericEIG,5,24793.518389239696,5.509670753164377,93,0,0,15,882,181,,,54000,12.0,0.0,0.0,0.0,23
long_shock,ITAC_K_Full,5,20711.914669433325,4.6026477043185166,4129,192,21280,205,2264,702,30.0,0.0,53284,11.84088888888889,63.70270526750785,0.015428119464157872,0.0030756550654160624,19
long_shock,ITAC_K_LocalOnly,5,20420.210277535538,4.537824506119009,4499,0,8132,207,2296,699,16.0,0.0,53996,11.99911111111111,65.92021816990783,0.014652193414071533,0.0032281850810531205,19
long_shock,ITAC_K_GenericVoI_Local,5,20266.78427986238,4.5037298399694174,4500,0,8664,204,2301,687,4.0,0.0,54000,12.0,62.78529704825213,0.013952288232944919,0.003097940757707541,19
long_shock,ITAC_K_UnqualifiedRemote,5,24232.654971888052,5.385034438197345,3182,903,73188,209,1947,670,3.0,0.0,52340,11.63111111111111,54.8611290013232,0.017241083909906724,0.002263933896841547,19
long_shock,ITAC_K_NoKinematics,5,20711.914669433325,4.6026477043185166,4129,192,21280,205,2264,702,30.0,0.0,53284,11.84088888888889,63.70270526750785,0.015428119464157872,0.0030756550654160624,19
long_shock,ITAC_K_NoHysteresis,5,16001.004783833774,3.55577884085195,3412,223,23788,189,2614,593,5.0,0.0,50540,11.231111111111112,67.16078976565068,0.01968370157258226,0.004197285775047386,19
long_shock,Greedy,6,23933.410859619726,5.318535746582161,0,0,0,10,910,7,,,13500,3.0,0.0,0.0,0.0,23
long_shock,SPI_HCPI,6,24561.21856456189,5.458048569902642,40,0,0,10,841,20,,,27000,6.0,0.0,0.0,0.0,23
long_shock,DualControl,6,16477.972000836377,3.661771555741417,439,0,0,55,1873,454,80.0,0.0,40500,9.0,0.0,0.0,0.0,23
long_shock,ConstrainedBandit,6,26335.23449806427,5.852274332903171,248,0,0,35,837,360,,,40500,9.0,0.0,0.0,0.0,23
long_shock,GenericEIG,6,24682.284775642038,5.484952172364897,92,0,0,15,879,178,,,54000,12.0,0.0,0.0,0.0,23
long_shock,ITAC_K_Full,6,22396.214293548375,4.976936509677417,4078,239,26068,241,2260,727,32.0,0.0,53268,11.837333333333333,60.93610945776515,0.014942645771889442,0.002720821861189231,19
long_shock,ITAC_K_LocalOnly,6,18931.63750041859,4.207030555648576,4500,0,9728,225,2493,725,1.0,0.0,54000,12.0,62.17886562304891,0.013817525694010869,0.0032843891935747287,19
long_shock,ITAC_K_GenericVoI_Local,6,18931.63750041859,4.207030555648576,4500,0,10032,225,2493,725,1.0,0.0,54000,12.0,60.65345147972209,0.013478544773271576,0.003203814328178479,19
long_shock,ITAC_K_UnqualifiedRemote,6,18692.290614569258,4.1538423587931685,3126,633,53884,230,2509,695,12.0,0.0,51036,11.341333333333333,56.13998567638188,0.01795904852091551,0.003003376463269029,19
long_shock,ITAC_K_NoKinematics,6,22396.214293548375,4.976936509677417,4078,239,26068,241,2260,727,32.0,0.0,53268,11.837333333333333,60.93610945776515,0.014942645771889442,0.002720821861189231,19
long_shock,ITAC_K_NoHysteresis,6,17508.41985016485,3.8907599667033,3648,212,24168,210,2556,658,3.0,0.0,51440,11.431111111111111,63.48592622802782,0.017402940303735695,0.003626022609197944,19
long_shock,Greedy,7,23899.13811971847,5.31091958215966,0,0,0,10,910,5,,,13500,3.0,0.0,0.0,0.0,23
long_shock,SPI_HCPI,7,24235.751011608638,5.385722447024142,40,0,0,10,875,20,,,27000,6.0,0.0,0.0,0.0,23
long_shock,DualControl,7,21457.554468528164,4.768345437450703,362,0,0,55,1392,444,108.0,0.0,40500,9.0,0.0,0.0,0.0,23
long_shock,ConstrainedBandit,7,26049.428268043153,5.788761837342923,213,0,0,35,844,335,,,40500,9.0,0.0,0.0,0.0,23
long_shock,GenericEIG,7,24623.049337552813,5.471788741678403,89,0,0,15,881,167,,,54000,12.0,0.0,0.0,0.0,23
long_shock,ITAC_K_Full,7,22547.393450440013,5.010531877875558,4132,191,22420,207,2133,693,35.0,0.0,53292,11.842666666666666,63.761672428094656,0.01543118887417586,0.002827895497909553,19
long_shock,ITAC_K_LocalOnly,7,19451.91082408257,4.322646849796127,4500,0,9956,206,2384,699,35.0,0.0,54000,12.0,65.21460263800503,0.014492133919556675,0.0033526064985484948,19
long_shock,ITAC_K_GenericVoI_Local,7,19451.91082408257,4.322646849796127,4500,0,10184,206,2384,699,35.0,0.0,54000,12.0,63.06451774478667,0.01401433727661926,0.0032420731472153994,19
long_shock,ITAC_K_UnqualifiedRemote,7,19186.131833266696,4.263584851837043,3143,639,54036,210,2379,646,48.0,0.0,51128,11.361777777777778,59.99544731635085,0.019088592846436797,0.0031270215298075444,19
long_shock,ITAC_K_NoKinematics,7,22547.393450440013,5.010531877875558,4132,191,22420,207,2133,693,35.0,0.0,53292,11.842666666666666,63.761672428094656,0.01543118887417586,0.002827895497909553,19
long_shock,ITAC_K_NoHysteresis,7,14556.400820553616,3.2347557379008034,3070,148,19380,181,2720,566,6.0,0.0,48872,10.860444444444445,68.05415234930908,0.02216747633527983,0.0046752046187967505,19
long_shock,Greedy,8,24005.18274491836,5.334485054426302,0,0,0,10,910,5,,,13500,3.0,0.0,0.0,0.0,23
long_shock,SPI_HCPI,8,24662.894480954805,5.4806432179899565,40,0,0,10,839,18,,,27000,6.0,0.0,0.0,0.0,23
long_shock,DualControl,8,19205.620341059806,4.267915631346623,435,0,0,55,1586,435,96.0,0.0,40500,9.0,0.0,0.0,0.0,23
long_shock,ConstrainedBandit,8,26310.328903063924,5.846739756236428,243,0,0,35,843,339,,,40500,9.0,0.0,0.0,0.0,23
long_shock,GenericEIG,8,24788.427583451503,5.508539462989223,104,0,0,15,881,162,,,54000,12.0,0.0,0.0,0.0,23
long_shock,ITAC_K_Full,8,19653.268568032123,4.36739301511825,3898,229,27056,216,2372,716,1.0,0.0,52508,11.668444444444445,69.14563988889532,0.017738748047433382,0.0035182768530099447,19
long_shock,ITAC_K_LocalOnly,8,20371.097686766272,4.526910597059172,4500,0,13376,213,2303,719,21.0,0.0,54000,12.0,70.87441674614796,0.01574987038803288,0.003479165327069748,19
long_shock,ITAC_K_GenericVoI_Local,8,20371.097686766272,4.526910597059172,4500,0,13528,213,2303,719,21.0,0.0,54000,12.0,68.91748591696101,0.01531499687043578,0.003383101243568826,19
long_shock,ITAC_K_UnqualifiedRemote,8,18865.057103862877,4.192234911969528,3121,587,50844,218,2442,667,3.0,0.0,50832,11.296,65.01597715819132,0.020831777365649253,0.0034463705463620574,19
long_shock,ITAC_K_NoKinematics,8,19653.268568032123,4.36739301511825,3898,229,27056,216,2372,716,1.0,0.0,52508,11.668444444444445,69.14563988889532,0.017738748047433382,0.0035182768530099447,19
long_shock,ITAC_K_NoHysteresis,8,15102.704159021385,3.35615647978253,3488,228,26448,193,2720,624,1.0,0.0,50864,11.30311111111111,70.38989088278176,0.020180587982448896,0.004660747515254436,19
long_shock,Greedy,9,23995.494233212212,5.3323320518249355,0,0,0,10,910,5,,,13500,3.0,0.0,0.0,0.0,23
long_shock,SPI_HCPI,9,20519.602658344935,4.55991170185443,40,0,0,9,1224,19,49.0,0.0,27000,6.0,0.0,0.0,0.0,23
long_shock,DualControl,9,23340.36248291468,5.186747218425484,424,0,0,56,1248,469,87.0,0.0,40500,9.0,0.0,0.0,0.0,23
long_shock,ConstrainedBandit,9,26285.894563658214,5.8413099030351585,243,0,0,35,844,340,,,40500,9.0,0.0,0.0,0.0,23
long_shock,GenericEIG,9,24752.545826453985,5.500565739211996,93,0,0,15,880,174,,,54000,12.0,0.0,0.0,0.0,23
long_shock,ITAC_K_Full,9,17980.50171161043,3.9956670470245403,3935,167,20216,214,2544,723,7.0,0.0,52408,11.646222222222223,62.793630732569326,0.015957720643600844,0.003492318053173233,19
long_shock,ITAC_K_LocalOnly,9,19058.19367619365,4.235154150265255,4384,0,9196,214,2470,728,34.0,0.0,53536,11.896888888888888,64.21472127733914,0.014647518539539037,0.003369402282733243,19
long_shock,ITAC_K_GenericVoI_Local,9,18688.943439514434,4.153098542114319,4500,0,9652,210,2484,711,0.0,0.0,54000,12.0,61.5692067778098,0.013682045950624399,0.003294418808482918,19
long_shock,ITAC_K_UnqualifiedRemote,9,20236.306242047835,4.496956942677296,3106,604,50996,216,2398,706,1.0,0.0,50840,11.297777777777778,59.21231599497654,0.019063849322271908,0.002926043680439207,19
long_shock,ITAC_K_NoKinematics,9,17980.50171161043,3.9956670470245403,3935,167,20216,214,2544,723,7.0,0.0,52408,11.646222222222223,62.793630732569326,0.015957720643600844,0.003492318053173233,19
long_shock,ITAC_K_NoHysteresis,9,18131.862934218672,4.029302874270816,3593,178,19988,200,2504,648,2.0,0.0,51084,11.352,63.68339550876557,0.017724295994646692,0.0035122367591132343,19
long_shock,Greedy,10,23973.107141033666,5.327357142451926,0,0,0,10,910,5,,,13500,3.0,0.0,0.0,0.0,23
long_shock,SPI_HCPI,10,24394.864066916198,5.421080903759155,40,0,0,8,855,16,,,27000,6.0,0.0,0.0,0.0,23
long_shock,DualControl,10,25095.388569602645,5.576753015467254,471,0,0,56,1078,457,141.0,0.0,40500,9.0,0.0,0.0,0.0,23
long_shock,ConstrainedBandit,10,26300.303688594475,5.844511930798772,247,0,0,35,843,339,,,40500,9.0,0.0,0.0,0.0,23
long_shock,GenericEIG,10,24719.800494133695,5.493288998696377,88,0,0,15,882,159,,,54000,12.0,0.0,0.0,0.0,23
long_shock,ITAC_K_Full,10,20033.186996402997,4.451819332534,4084,235,24928,224,2346,721,22.0,0.0,53276,11.83911111111111,64.73722372862719,0.015851425986441525,0.003231498999148308,19
long_shock,ITAC_K_LocalOnly,10,19782.851975835703,4.39618932796349,4496,0,9348,227,2414,717,1.0,0.0,53984,11.996444444444444,65.60006146033405,0.014590761000963978,0.003316006283647222,19
long_shock,ITAC_K_GenericVoI_Local,10,19581.70173058933,4.351489273464296,4500,0,9728,221,2393,719,1.0,0.0,54000,12.0,64.5459729625551,0.014343549547234467,0.003296239205897276,19
long_shock,ITAC_K_UnqualifiedRemote,10,21313.04010069421,4.7362311334876015,3187,736,60876,223,2245,686,14.0,0.0,51692,11.487111111111112,57.24839506526013,0.017963098545735842,0.002686073633549605,19
long_shock,ITAC_K_NoKinematics,10,20033.186996402997,4.451819332534,4084,235,24928,224,2346,721,22.0,0.0,53276,11.83911111111111,64.73722372862719,0.015851425986441525,0.003231498999148308,19
long_shock,ITAC_K_NoHysteresis,10,14964.22606263873,3.3253835694752736,3209,202,23256,195,2748,572,1.0,0.0,49644,11.032,67.45469748558529,0.021020472884258425,0.004507730450156712,19
long_shock,Greedy,11,23936.00142650703,5.319111428112674,0,0,0,10,910,7,,,13500,3.0,0.0,0.0,0.0,23
long_shock,SPI_HCPI,11,24191.183213167937,5.375818491815097,40,0,0,9,878,18,,,27000,6.0,0.0,0.0,0.0,23
long_shock,DualControl,11,22307.9114280347,4.957313650674378,367,0,0,56,1319,425,,0.0,40500,9.0,0.0,0.0,0.0,23
long_shock,ConstrainedBandit,11,26219.013381540997,5.826447418120222,230,0,0,35,838,337,,,40500,9.0,0.0,0.0,0.0,23
long_shock,GenericEIG,11,24677.69260104265,5.483931689120589,91,0,0,15,882,170,,,54000,12.0,0.0,0.0,0.0,23
long_shock,ITAC_K_Full,11,19246.487244128348,4.2769971653618555,3875,262,25612,222,2466,714,0.0,0.0,52548,11.677333333333333,58.885240043880906,0.01519619097906604,0.0030595318146611618,19
long_shock,ITAC_K_LocalOnly,11,18996.43664005667,4.221430364457038,4467,0,7296,230,2521,739,0.0,0.0,53868,11.970666666666666,60.31339386167855,0.013501991014479192,0.003174984603928257,19
long_shock,ITAC_K_GenericVoI_Local,11,19095.094875098697,4.243354416688599,4500,0,7828,226,2518,718,0.0,0.0,54000,12.0,57.92346655835787,0.012871881457412861,0.003033421249657891,19
long_shock,ITAC_K_UnqualifiedRemote,11,17625.88735728175,3.9168638571737224,3111,647,53504,217,2574,664,0.0,0.0,51032,11.340444444444444,54.592294232790145,0.017548149865892045,0.003097279196569728,19
long_shock,ITAC_K_NoKinematics,11,19246.487244128348,4.2769971653618555,3875,262,25612,222,2466,714,0.0,0.0,52548,11.677333333333333,58.885240043880906,0.01519619097906604,0.0030595318146611618,19
long_shock,ITAC_K_NoHysteresis,11,17888.571569227508,3.9752381264950016,3708,251,24700,215,2557,697,0.0,0.0,51836,11.519111111111112,59.92986376196933,0.016162314930412442,0.003350176034461164,19
long_shock,Greedy,12,23973.721309080775,5.327493624240172,0,0,0,10,910,5,,,13500,3.0,0.0,0.0,0.0,23
long_shock,SPI_HCPI,12,24227.90657733505,5.383979239407789,40,0,0,10,884,20,,,27000,6.0,0.0,0.0,0.0,23
long_shock,DualControl,12,20953.49172748636,4.6563314949969685,417,0,0,55,1449,442,6.0,0.0,40500,9.0,0.0,0.0,0.0,23
long_shock,ConstrainedBandit,12,26266.767151252214,5.837059366944937,231,0,0,35,840,340,,,40500,9.0,0.0,0.0,0.0,23
long_shock,GenericEIG,12,24702.926572013585,5.489539238225241,90,0,0,15,881,160,,,54000,12.0,0.0,0.0,0.0,23
long_shock,ITAC_K_Full,12,18983.339044460485,4.218519787657885,3953,212,21204,224,2480,724,27.0,0.0,52660,11.702222222222222,58.77935800020369,0.014869556792361167,0.0030963656005162095,19
long_shock,ITAC_K_LocalOnly,12,20724.53412743146,4.605452028318102,4497,0,6232,234,2362,748,53.0,0.0,53988,11.997333333333334,60.62975681268878,0.013482267470021967,0.002925506380017386,19
long_shock,ITAC_K_GenericVoI_Local,12,19961.488438790846,4.435886319731299,4500,0,6840,233,2429,738,1.0,0.0,54000,12.0,58.03498807085006,0.012896664015744458,0.0029073477285427064,19
long_shock,ITAC_K_UnqualifiedRemote,12,20329.061739949593,4.517569275544354,3226,749,61332,225,2380,703,1.0,0.0,51900,11.533333333333333,55.7272075562322,0.017274397878559267,0.0027412582178704317,19
long_shock,ITAC_K_NoKinematics,12,18983.339044460485,4.218519787657885,3953,212,21204,224,2480,724,27.0,0.0,52660,11.702222222222222,58.77935800020369,0.014869556792361167,0.0030963656005162095,19
long_shock,ITAC_K_NoHysteresis,12,15352.479834858332,3.4116621855240736,3511,205,21356,204,2768,611,0.0,0.0,50864,11.30311111111111,60.525582105850305,0.017238844234078697,0.003942397759639124,19
long_shock,Greedy,13,24042.75560644948,5.3428345792109955,0,0,0,10,910,7,,,13500,3.0,0.0,0.0,0.0,23
long_shock,SPI_HCPI,13,24558.633709769638,5.457474157726586,40,0,0,9,851,18,,,27000,6.0,0.0,0.0,0.0,23
long_shock,DualControl,13,23579.309455915067,5.239846545758904,335,0,0,55,1196,434,16.0,0.0,40500,9.0,0.0,0.0,0.0,23
long_shock,ConstrainedBandit,13,22962.83518446094,5.102852263213542,230,0,0,34,1142,334,95.0,0.0,40500,9.0,0.0,0.0,0.0,23
long_shock,GenericEIG,13,24804.329886000673,5.51207330800015,90,0,0,15,879,166,,,54000,12.0,0.0,0.0,0.0,23
long_shock,ITAC_K_Full,13,19477.62196985776,4.328360437746168,3713,244,26220,217,2403,708,8.0,0.0,51828,11.517333333333333,63.84510852866983,0.017195019803035238,0.0032778697844876637,19
long_shock,ITAC_K_LocalOnly,13,20153.49515021501,4.478554477825558,4449,0,9348,225,2379,731,0.0,0.0,53796,11.954666666666666,64.69214347209838,0.01454082793259123,0.003209971421329774,19
long_shock,ITAC_K_GenericVoI_Local,13,18035.46961797676,4.007882137328169,4500,0,9348,225,2534,706,0.0,0.0,54000,12.0,61.98691472591042,0.013774869939091204,0.0034369448669152084,19
long_shock,ITAC_K_UnqualifiedRemote,13,17449.385900347363,3.877641311188303,3019,690,58824,222,2600,675,0.0,0.0,50836,11.296888888888889,58.89395112367172,0.019507767844873045,0.003375130303152922,19
long_shock,ITAC_K_NoKinematics,13,19477.62196985776,4.328360437746168,3713,243,26144,217,2403,708,8.0,0.0,51824,11.516444444444444,63.855601236984874,0.017197845741175565,0.0032784084903076695,19
long_shock,ITAC_K_NoHysteresis,13,18417.69957985076,4.092822128855724,3511,198,22876,208,2499,676,4.0,0.0,50836,11.296888888888889,65.41006773631563,0.01863003922993894,0.003551478698668493,19
long_shock,Greedy,14,24077.438551436993,5.350541900319332,0,0,0,10,910,5,,,13500,3.0,0.0,0.0,0.0,23
long_shock,SPI_HCPI,14,24524.979121745604,5.449995360387912,40,0,0,10,862,20,,,27000,6.0,0.0,0.0,0.0,23
long_shock,DualControl,14,19423.334054671315,4.3162964565936255,396,0,0,57,1605,433,75.0,0.0,40500,9.0,0.0,0.0,0.0,23
long_shock,ConstrainedBandit,14,26401.290472050412,5.866953438233425,238,0,0,35,845,326,,,40500,9.0,0.0,0.0,0.0,23
long_shock,GenericEIG,14,24802.24049532226,5.511608998960503,89,0,0,15,881,165,,,54000,12.0,0.0,0.0,0.0,23
long_shock,ITAC_K_Full,14,18575.187366559825,4.127819414791072,3708,206,25080,217,2453,729,15.0,0.0,51656,11.479111111111111,68.81296096426237,0.018557972212584244,0.003704563491410247,19
long_shock,ITAC_K_LocalOnly,14,20968.87290920003,4.6597495353777845,4498,0,12920,220,2256,743,43.0,0.0,53992,11.998222222222223,70.28062412554677,0.015624860854945924,0.0033516643660285316,19
long_shock,ITAC_K_GenericVoI_Local,14,21328.649636511862,4.739699919224858,4500,0,12844,221,2231,732,43.0,0.0,54000,12.0,68.37384624275091,0.015194188053944648,0.0032057278546928645,19
long_shock,ITAC_K_UnqualifiedRemote,14,16723.09490146158,3.716243311435907,3014,687,58444,217,2630,656,4.0,0.0,50804,11.289777777777777,63.22302770822968,0.02097645245793951,0.0037805817691499233,19
long_shock,ITAC_K_NoKinematics,14,18575.187366559825,4.127819414791072,3708,206,25080,217,2453,729,15.0,0.0,51656,11.479111111111111,68.81296096426237,0.018557972212584244,0.003704563491410247,19
long_shock,ITAC_K_NoHysteresis,14,18175.22223995363,4.038938275545251,3291,206,24700,209,2468,613,0.0,0.0,49988,11.108444444444444,68.08530735556307,0.020688334049092396,0.0037460508849181907,19
long_shock,Greedy,15,24039.80905483127,5.342179789962504,0,0,0,10,910,5,,,13500,3.0,0.0,0.0,0.0,23
long_shock,SPI_HCPI,15,24381.47402358908,5.418105338575351,40,0,0,10,875,20,,,27000,6.0,0.0,0.0,0.0,23
long_shock,DualControl,15,19465.258797396196,4.325613066088043,393,0,0,56,1598,445,82.0,0.0,40500,9.0,0.0,0.0,0.0,23
long_shock,ConstrainedBandit,15,22648.432109927926,5.032984913317317,226,0,0,34,1186,333,58.0,0.0,40500,9.0,0.0,0.0,0.0,23
long_shock,GenericEIG,15,24780.772491842363,5.506838331520525,92,0,0,15,879,175,,,54000,12.0,0.0,0.0,0.0,23
long_shock,ITAC_K_Full,15,16620.538413970044,3.693452980882232,3788,195,21432,201,2583,650,16.0,0.0,51932,11.540444444444445,65.60009732238814,0.01731787152122179,0.003946929737682225,19
long_shock,ITAC_K_LocalOnly,15,17607.383675874444,3.912751927972099,4500,0,10108,201,2534,668,16.0,0.0,54000,12.0,66.11488915081644,0.01469219758907032,0.003754952488563463,19
long_shock,ITAC_K_GenericVoI_Local,15,17607.383675874444,3.912751927972099,4500,0,10260,201,2534,668,16.0,0.0,54000,12.0,63.00201342185759,0.014000447427079465,0.003578158719184535,19
long_shock,ITAC_K_UnqualifiedRemote,15,17021.235615851925,3.78249680352265,3107,608,51528,200,2562,636,5.0,0.0,50860,11.302222222222222,61.09324628977039,0.019663098258696617,0.0035892368608583312,19
long_shock,ITAC_K_NoKinematics,15,16620.538413970044,3.693452980882232,3788,195,21432,201,2583,650,16.0,0.0,51932,11.540444444444445,65.60009732238814,0.01731787152122179,0.003946929737682225,19
long_shock,ITAC_K_NoHysteresis,15,13021.241522672632,2.8936092272605847,3056,207,23180,178,2870,513,2.0,0.0,49052,10.900444444444444,68.80553279024257,0.022514899473246912,0.005284099267373095,19
long_shock,Greedy,16,24057.15318285569,5.346034040634598,0,0,0,10,910,5,,,13500,3.0,0.0,0.0,0.0,23
long_shock,SPI_HCPI,16,24365.70204019983,5.41460045337774,40,0,0,10,876,20,,,27000,6.0,0.0,0.0,0.0,23
long_shock,DualControl,16,20006.835445057393,4.445963432234977,393,0,0,56,1513,443,140.0,0.0,40500,9.0,0.0,0.0,0.0,23
long_shock,ConstrainedBandit,16,26432.788448175383,5.873952988483419,251,0,0,35,835,355,,,40500,9.0,0.0,0.0,0.0,23
long_shock,GenericEIG,16,24852.502934353724,5.522778429856383,108,0,0,15,878,180,,,54000,12.0,0.0,0.0,0.0,23
long_shock,ITAC_K_Full,16,18411.60036213194,4.091466747140431,4178,280,27208,214,2467,698,11.0,0.0,53832,11.962666666666667,56.66398468065971,0.013562466414710319,0.003077624082977782,19
long_shock,ITAC_K_LocalOnly,16,18781.785366230906,4.173730081384646,4469,0,6688,217,2451,696,11.0,0.0,53876,11.972444444444445,58.00231079975734,0.012978811993680317,0.0030882213628127056,19
long_shock,ITAC_K_GenericVoI_Local,16,18551.498949101588,4.122555322022575,4500,0,7296,221,2477,698,11.0,0.0,54000,12.0,56.4817310169151,0.012551495781536689,0.003044591230707554,19
long_shock,ITAC_K_UnqualifiedRemote,16,17766.144705985058,3.9480321568855685,3065,632,52288,222,2540,658,0.0,0.0,50788,11.286222222222221,52.21250679724923,0.01703507562716125,0.0029388765914790667,19
long_shock,ITAC_K_NoKinematics,16,18411.60036213194,4.091466747140431,4178,280,27208,214,2467,698,11.0,0.0,53832,11.962666666666667,56.66398468065971,0.013562466414710319,0.003077624082977782,19
long_shock,ITAC_K_NoHysteresis,16,16845.03923470605,3.7433420521569003,3851,258,25460,200,2540,649,17.0,0.0,52436,11.652444444444445,57.92509679119727,0.015041572784003445,0.003438703584130184,19
long_shock,Greedy,17,24008.58369845027,5.335240821877838,0,0,0,10,910,5,,,13500,3.0,0.0,0.0,0.0,23
long_shock,SPI_HCPI,17,24426.06272333946,5.42801393851988,40,0,0,10,862,20,,,27000,6.0,0.0,0.0,0.0,23
long_shock,DualControl,17,23393.81343223183,5.198625207162629,385,0,0,56,1213,445,,0.0,40500,9.0,0.0,0.0,0.0,23
long_shock,ConstrainedBandit,17,26251.484172764904,5.8336631495033116,220,0,0,35,834,351,,,40500,9.0,0.0,0.0,0.0,23
long_shock,GenericEIG,17,24755.3905683636,5.5011979040808,89,0,0,15,882,167,,,54000,12.0,0.0,0.0,0.0,23
long_shock,ITAC_K_Full,17,19976.150981646173,4.439144662588038,3899,222,24472,209,2378,726,8.0,0.0,52484,11.66311111111111,64.48340440143882,0.016538446884185386,0.00322801947485706,19
long_shock,ITAC_K_LocalOnly,17,19317.484358891958,4.2927743019759905,4461,0,9880,213,2376,718,26.0,0.0,53844,11.965333333333334,66.10623808158118,0.014818703896341892,0.0034220935217764044,19
long_shock,ITAC_K_GenericVoI_Local,17,20507.775632717,4.557283473937111,4500,0,10564,216,2338,700,21.0,0.0,54000,12.0,64.68854881202003,0.014375233069337785,0.00315434252697886,19
long_shock,ITAC_K_UnqualifiedRemote,17,14613.173010727816,3.2473717801617368,2491,644,55252,192,2718,536,9.0,0.0,48540,10.786666666666667,62.65023340352278,0.025150635649748208,0.004287243664160414,19
long_shock,ITAC_K_NoKinematics,17,19976.150981646173,4.439144662588038,3899,222,24472,209,2378,726,8.0,0.0,52484,11.66311111111111,64.48340440143882,0.016538446884185386,0.00322801947485706,19
long_shock,ITAC_K_NoHysteresis,17,15512.31764542175,3.447181698982611,3386,166,20444,194,2686,585,1.0,0.0,50208,11.157333333333334,67.55094994270226,0.019950073816509824,0.004354665207789824,19
long_shock,Greedy,18,23900.8323035765,5.311296067461444,0,0,0,10,910,7,,,13500,3.0,0.0,0.0,0.0,23
long_shock,SPI_HCPI,18,22155.520822517585,4.923449071670574,40,0,0,9,1059,19,,0.0,27000,6.0,0.0,0.0,0.0,23
long_shock,DualControl,18,16361.741324344925,3.6359425165210943,423,0,0,55,1847,442,96.0,0.0,40500,9.0,0.0,0.0,0.0,23
long_shock,ConstrainedBandit,18,23029.609464719746,5.117690992159943,215,0,0,34,1115,345,125.0,0.0,40500,9.0,0.0,0.0,0.0,23
long_shock,GenericEIG,18,24602.848649651172,5.467299699922482,88,0,0,15,883,174,,,54000,12.0,0.0,0.0,0.0,23
long_shock,ITAC_K_Full,18,17983.558859272613,3.9963464131716915,3964,196,21736,217,2555,708,6.0,0.0,52640,11.697777777777778,63.19352107777294,0.01594185698228379,0.003513960811221153,19
long_shock,ITAC_K_LocalOnly,18,18428.46846582228,4.095215214627173,4492,0,9500,211,2515,726,6.0,0.0,53968,11.992888888888888,64.0192377387282,0.014251833868817496,0.003473931534650275,19
long_shock,ITAC_K_GenericVoI_Local,18,18267.037436877006,4.059341652639334,4500,0,9728,214,2521,721,6.0,0.0,54000,12.0,61.452459070204526,0.013656102015601006,0.0033641174318801113,19
long_shock,ITAC_K_UnqualifiedRemote,18,18090.03872067385,4.020008604594189,3105,738,61104,211,2467,633,15.0,0.0,51372,11.416,59.47384517392429,0.01915421744731861,0.003287657151665229,19
long_shock,ITAC_K_NoKinematics,18,17983.558859272613,3.9963464131716915,3964,195,21660,217,2555,708,6.0,0.0,52636,11.69688888888889,63.185045426262676,0.015939718825999667,0.0035134895112089257,19
long_shock,ITAC_K_NoHysteresis,18,17775.90416150081,3.950200924777958,3778,185,21356,205,2557,683,4.0,0.0,51852,11.522666666666666,63.54090258245116,0.01681866135056939,0.0035745524956231783,19
long_shock,Greedy,19,24087.08104615272,5.352684676922827,0,0,0,10,910,7,,,13500,3.0,0.0,0.0,0.0,23
long_shock,SPI_HCPI,19,24351.001402358554,5.411333644968567,40,0,0,9,878,18,,,27000,6.0,0.0,0.0,0.0,23
long_shock,DualControl,19,24028.196103854287,5.339599134189841,340,0,0,55,1148,444,67.0,0.0,40500,9.0,0.0,0.0,0.0,23
long_shock,ConstrainedBandit,19,26462.301875889727,5.880511527975495,283,0,0,34,842,334,,,40500,9.0,0.0,0.0,0.0,23
long_shock,GenericEIG,19,24862.433532206724,5.524985229379272,107,0,0,15,882,174,,,54000,12.0,0.0,0.0,0.0,23
long_shock,ITAC_K_Full,19,19369.555331201278,4.30434562915584,3783,203,21128,216,2442,712,26.0,0.0,51944,11.543111111111111,62.26408792407866,0.016458918298725523,0.003214533677176424,19
long_shock,ITAC_K_LocalOnly,19,20274.867875763244,4.505526194614054,4499,0,7980,215,2343,732,45.0,0.0,53996,11.99911111111111,63.09891515075277,0.014025097833019064,0.003112173925738957,19
long_shock,ITAC_K_GenericVoI_Local,19,20278.986183512585,4.5064413741139075,4500,0,8208,217,2346,730,45.0,0.0,54000,12.0,60.8979597816196,0.013532879951471021,0.003003008100628395,19
long_shock,ITAC_K_UnqualifiedRemote,19,21993.39170365994,4.887420378591098,3173,751,61484,210,2234,675,1.0,0.0,51696,11.488,55.965123415262426,0.017637921025925755,0.002544633595824568,19
long_shock,ITAC_K_NoKinematics,19,19369.555331201278,4.30434562915584,3783,203,21128,216,2442,712,26.0,0.0,51944,11.543111111111111,62.26408792407866,0.016458918298725523,0.003214533677176424,19
long_shock,ITAC_K_NoHysteresis,19,15541.68652505472,3.453708116678827,3349,242,24244,200,2699,611,3.0,0.0,50364,11.192,62.395250080283304,0.018631009280466796,0.004014702650172236,19
long_shock,Greedy,20,23978.58033904828,5.3285734086773955,0,0,0,10,910,5,,,13500,3.0,0.0,0.0,0.0,23
long_shock,SPI_HCPI,20,24255.655375988932,5.390145639108652,40,0,0,10,880,20,,,27000,6.0,0.0,0.0,0.0,23
long_shock,DualControl,20,13362.505080547728,2.9694455734550504,404,0,0,55,2147,439,25.0,0.0,40500,9.0,0.0,0.0,0.0,23
long_shock,ConstrainedBandit,20,26422.109882374625,5.871579973861028,270,0,0,35,844,333,,,40500,9.0,0.0,0.0,0.0,23
long_shock,GenericEIG,20,24771.618692929278,5.504804153984284,100,0,0,15,880,165,,,54000,12.0,0.0,0.0,0.0,23
long_shock,ITAC_K_Full,20,19526.03459545208,4.339118798989351,4111,261,26904,217,2454,735,5.0,0.0,53488,11.886222222222223,60.2798461914316,0.014663061588769545,0.0030871524833553108,19
long_shock,ITAC_K_LocalOnly,20,19198.50410200605,4.266334244890233,4372,0,8208,220,2500,753,12.0,0.0,53488,11.886222222222223,61.29527655953417,0.014019962616544871,0.003192711069250934,19
long_shock,ITAC_K_GenericVoI_Local,20,17613.575308761745,3.914127846391499,4500,0,8588,222,2581,730,12.0,0.0,54000,12.0,57.72647451550701,0.012828105447890446,0.0032773853975456868,19
long_shock,ITAC_K_UnqualifiedRemote,20,18620.927860131847,4.1379839689181885,3069,763,62852,219,2536,691,0.0,0.0,51328,11.406222222222222,55.10843428730036,0.017956479076995883,0.002959489167308882,19
long_shock,ITAC_K_NoKinematics,20,19526.03459545208,4.339118798989351,4111,261,26904,217,2454,735,5.0,0.0,53488,11.886222222222223,60.2798461914316,0.014663061588769545,0.0030871524833553108,19
long_shock,ITAC_K_NoHysteresis,20,16261.166668464706,3.613592592992157,3813,260,26828,200,2661,660,5.0,0.0,52292,11.620444444444445,60.62925021149787,0.01590066882021974,0.003728468654655402,19
long_shock,Greedy,21,23973.14535772446,5.327365635049881,0,0,0,10,910,7,,,13500,3.0,0.0,0.0,0.0,23
long_shock,SPI_HCPI,21,24352.734798218262,5.411718844048503,40,0,0,9,865,18,,,27000,6.0,0.0,0.0,0.0,23
long_shock,DualControl,21,21288.02970680379,4.73067326817862,331,0,0,56,1392,444,165.0,0.0,40500,9.0,0.0,0.0,0.0,23
long_shock,ConstrainedBandit,21,22687.804079184178,5.041734239818706,251,0,0,34,1175,313,72.0,0.0,40500,9.0,0.0,0.0,0.0,23
long_shock,GenericEIG,21,24727.127179655043,5.494917151034454,103,0,0,15,880,177,,,54000,12.0,0.0,0.0,0.0,23
long_shock,ITAC_K_Full,21,18342.333408023896,4.076074090671977,3931,230,24472,211,2514,725,32.0,0.0,52644,11.698666666666666,60.20829053741133,0.015316278437397947,0.003282477163514707,19
long_shock,ITAC_K_LocalOnly,21,17079.30759768999,3.795401688375553,4496,0,8208,209,2610,734,5.0,0.0,53984,11.996444444444444,61.02901543518923,0.013574069269392622,0.0035732722234854256,19
long_shock,ITAC_K_GenericVoI_Local,21,17577.847437863264,3.9061883195251696,4500,0,8360,210,2591,717,5.0,0.0,54000,12.0,57.84908921241585,0.012855353158314632,0.0032910223744351654,19
long_shock,ITAC_K_UnqualifiedRemote,21,17093.25445234401,3.7985009894097796,3126,637,53580,210,2667,660,1.0,0.0,51052,11.344888888888889,56.66599497160777,0.01812731764926672,0.003315108607877602,19
long_shock,ITAC_K_NoKinematics,21,18342.333408023896,4.076074090671977,3931,230,24472,211,2514,725,32.0,0.0,52644,11.698666666666666,60.20829053741133,0.015316278437397947,0.003282477163514707,19
long_shock,ITAC_K_NoHysteresis,21,16296.006751067573,3.6213348335705717,3728,224,24320,200,2660,672,0.0,0.0,51808,11.512888888888888,61.58500340777124,0.016519582459166106,0.0037791469007422158,19
long_shock,Greedy,22,24100.204522805485,5.355601005067886,0,0,0,10,910,5,,,13500,3.0,0.0,0.0,0.0,23
long_shock,SPI_HCPI,22,24546.947011879674,5.454877113751039,40,0,0,10,861,20,,,27000,6.0,0.0,0.0,0.0,23
long_shock,DualControl,22,21231.119660932156,4.718026591318257,361,0,0,56,1405,442,56.0,0.0,40500,9.0,0.0,0.0,0.0,23
long_shock,ConstrainedBandit,22,26313.155184489355,5.847367818775412,208,0,0,35,840,334,,,40500,9.0,0.0,0.0,0.0,23
long_shock,GenericEIG,22,24820.015505934593,5.515559001318798,84,0,0,15,883,163,,,54000,12.0,0.0,0.0,0.0,23
long_shock,ITAC_K_Full,22,21050.48555179159,4.677885678175909,4153,178,20216,214,2331,749,5.0,0.0,53324,11.849777777777778,61.318584045099584,0.014764889006766093,0.0029129296753860772,19
long_shock,ITAC_K_LocalOnly,22,18358.920086093054,4.07976001913179,4497,0,9348,211,2502,732,5.0,0.0,53988,11.997333333333334,64.20664864242721,0.014277662584484593,0.0034972998597593966,19
long_shock,ITAC_K_GenericVoI_Local,22,18480.421880162492,4.106760417813887,4500,0,9804,213,2496,730,6.0,0.0,54000,12.0,62.33300535040253,0.013851778966756118,0.0033729211245611705,19
long_shock,ITAC_K_UnqualifiedRemote,22,19025.777956827926,4.227950657072872,3111,599,50464,208,2430,683,18.0,0.0,50840,11.297777777777778,60.48152085224787,0.019441183173335864,0.0031789249821735886,19
long_shock,ITAC_K_NoKinematics,22,21050.48555179159,4.677885678175909,4153,177,20140,214,2331,749,5.0,0.0,53320,11.848888888888888,61.318872930055775,0.014764958567314176,0.0029129433988204123,19
long_shock,ITAC_K_NoHysteresis,22,14955.658643607285,3.323479698579397,3232,184,21128,187,2726,582,2.0,0.0,49664,11.036444444444445,66.33673855163433,0.02052498098751062,0.004435561156645522,19
long_shock,Greedy,23,23869.8378117646,5.304408402614356,0,0,0,10,910,5,,,13500,3.0,0.0,0.0,0.0,23
long_shock,SPI_HCPI,23,22303.995379128904,4.956443417584201,40,0,0,9,1045,19,,0.0,27000,6.0,0.0,0.0,0.0,23
long_shock,DualControl,23,18795.09723638096,4.176688274751324,354,0,0,56,1647,444,41.0,0.0,40500,9.0,0.0,0.0,0.0,23
long_shock,ConstrainedBandit,23,23208.55203372984,5.1574560074955205,234,0,0,34,1102,328,142.0,0.0,40500,9.0,0.0,0.0,0.0,23
long_shock,GenericEIG,23,24609.769916696867,5.468837759265971,95,0,0,15,881,167,,,54000,12.0,0.0,0.0,0.0,23
long_shock,ITAC_K_Full,23,19011.857305666195,4.224857179036932,3907,178,20140,209,2466,694,0.0,0.0,52340,11.63111111111111,61.46642743740423,0.015732384806092712,0.0032330574782446476,19
long_shock,ITAC_K_LocalOnly,23,17782.096218001145,3.951576937333588,4470,0,8664,206,2552,710,0.0,0.0,53880,11.973333333333333,62.09860214411258,0.013892304730226528,0.0034921980728711286,19
long_shock,ITAC_K_GenericVoI_Local,23,17703.37334711706,3.9340829660260135,4500,0,8968,209,2561,696,0.0,0.0,54000,12.0,59.787102041801205,0.013286022675955824,0.003377158740853045,19
long_shock,ITAC_K_UnqualifiedRemote,23,18210.763817635492,4.046836403918999,3140,661,55404,205,2503,653,3.0,0.0,51204,11.378666666666666,58.1726318548282,0.01852631587733382,0.0031944092206881085,19
long_shock,ITAC_K_NoKinematics,23,19011.857305666195,4.224857179036932,3907,178,20140,209,2466,694,0.0,0.0,52340,11.63111111111111,61.46642743740423,0.015732384806092712,0.0032330574782446476,19
long_shock,ITAC_K_NoHysteresis,23,17721.092017444276,3.9380204483209504,3227,164,19228,190,2508,609,11.0,0.0,49564,11.014222222222223,64.46794052522291,0.01997766982498386,0.0036379214363179203,19
long_shock,Greedy,24,24008.060886836665,5.335124641519259,0,0,0,10,910,5,,,13500,3.0,0.0,0.0,0.0,23
long_shock,SPI_HCPI,24,21513.93324526915,4.780874054504255,40,0,0,9,1121,19,136.0,0.0,27000,6.0,0.0,0.0,0.0,23
long_shock,DualControl,24,23732.922370300308,5.273982748955624,430,0,0,55,1209,449,101.0,0.0,40500,9.0,0.0,0.0,0.0,23
long_shock,ConstrainedBandit,24,26354.893561213546,5.85664301360301,253,0,0,35,840,358,,,40500,9.0,0.0,0.0,0.0,23
long_shock,GenericEIG,24,24763.891441735916,5.503086987052425,92,0,0,15,878,176,,,54000,12.0,0.0,0.0,0.0,23
long_shock,ITAC_K_Full,24,17941.859828097324,3.9870799617994055,3785,240,24852,207,2552,699,12.0,0.0,52100,11.577777777777778,62.64888689215211,0.016551885572563305,0.003491772173698663,19
long_shock,ITAC_K_LocalOnly,24,19185.782490087015,4.263507220019337,4481,0,9044,214,2466,738,13.0,0.0,53924,11.98311111111111,63.46730723347832,0.014163648121731383,0.003308038505402157,19
long_shock,ITAC_K_GenericVoI_Local,24,19550.790501403666,4.344620111423037,4500,0,9652,212,2426,703,13.0,0.0,54000,12.0,61.635556069902556,0.013696790237756124,0.0031525863910964306,19
long_shock,ITAC_K_UnqualifiedRemote,24,19246.614958885817,4.27702554641907,3115,651,55024,220,2473,697,6.0,0.0,51064,11.347555555555555,59.1770921315495,0.01899746135844286,0.0030746753264385587,19
long_shock,ITAC_K_NoKinematics,24,17941.859828097324,3.9870799617994055,3785,240,24852,207,2552,699,12.0,0.0,52100,11.577777777777778,62.64888689215211,0.016551885572563305,0.003491772173698663,19
long_shock,ITAC_K_NoHysteresis,24,15721.622212257209,3.4936938249460465,3231,216,22952,202,2717,621,8.0,0.0,49788,11.064,63.88549544509267,0.019772669589938927,0.004063543480601192,19
long_shock,Greedy,25,23990.577388634505,5.331239419696557,0,0,0,10,910,5,,,13500,3.0,0.0,0.0,0.0,23
long_shock,SPI_HCPI,25,24584.555336483503,5.463234519218556,40,0,0,10,843,20,,,27000,6.0,0.0,0.0,0.0,23
long_shock,DualControl,25,26408.804140727232,5.8686231423838295,401,0,0,57,951,469,,0.0,40500,9.0,0.0,0.0,0.0,23
long_shock,ConstrainedBandit,25,26242.22934454704,5.831606521010453,225,0,0,35,837,333,,,40500,9.0,0.0,0.0,0.0,23
long_shock,GenericEIG,25,24748.461332135328,5.499658073807851,99,0,0,15,879,173,,,54000,12.0,0.0,0.0,0.0,23
long_shock,ITAC_K_Full,25,19776.447952588736,4.3947662116863855,3901,178,20976,214,2398,707,25.0,0.0,52316,11.625777777777778,65.51372538905476,0.01679408494977051,0.003312714474617218,19
long_shock,ITAC_K_LocalOnly,25,21963.021330733958,4.8806714068297685,4448,0,9880,224,2221,740,58.0,0.0,53792,11.953777777777777,66.99436626972397,0.015061683064236504,0.0030503256023330172,19
long_shock,ITAC_K_GenericVoI_Local,25,19134.304357515754,4.252067635003501,4500,0,9804,216,2391,723,6.0,0.0,54000,12.0,63.456676004945635,0.014101483556654585,0.0033163827029865614,19
long_shock,ITAC_K_UnqualifiedRemote,25,21896.417433405953,4.8658705407568785,3099,766,64524,223,2236,669,0.0,0.0,51460,11.435555555555556,59.59423482938781,0.01923014999334876,0.0027216431642588584,19
long_shock,ITAC_K_NoKinematics,25,19776.447952588736,4.3947662116863855,3901,178,20976,214,2398,707,25.0,0.0,52316,11.625777777777778,65.51372538905476,0.01679408494977051,0.003312714474617218,19
long_shock,ITAC_K_NoHysteresis,25,19655.662489819995,4.367924997737776,3485,173,20748,205,2369,621,58.0,0.0,50632,11.251555555555555,68.57970550269833,0.019678538164332376,0.0034890559164931193,19
long_shock,Greedy,26,23784.636035465457,5.28547467454788,0,0,0,10,910,5,,,13500,3.0,0.0,0.0,0.0,23
long_shock,SPI_HCPI,26,24473.276370766933,5.438505860170429,40,0,0,9,831,18,,,27000,6.0,0.0,0.0,0.0,23
long_shock,DualControl,26,20334.87289344067,4.518860642986816,366,0,0,56,1485,439,13.0,0.0,40500,9.0,0.0,0.0,0.0,23
long_shock,ConstrainedBandit,26,26061.004832536888,5.791334407230419,224,0,0,35,837,352,,,40500,9.0,0.0,0.0,0.0,23
long_shock,GenericEIG,26,24486.836121110606,5.441519138024579,82,0,0,15,882,163,,,54000,12.0,0.0,0.0,0.0,23
long_shock,ITAC_K_Full,26,19351.547021277285,4.300343782506063,4068,201,23180,219,2413,739,5.0,0.0,53076,11.794666666666666,64.13273553487726,0.015765175893529316,0.0033140882981790784,19
long_shock,ITAC_K_LocalOnly,26,19127.814026833643,4.250625339296365,4452,0,10184,216,2408,729,5.0,0.0,53808,11.957333333333333,64.96797737327522,0.014592986831373589,0.0033965186655482036,19
long_shock,ITAC_K_GenericVoI_Local,26,19365.337720750125,4.303408382388917,4500,0,10488,220,2414,720,5.0,0.0,54000,12.0,62.96686824072217,0.013992637386827149,0.003251524406582005,19
long_shock,ITAC_K_UnqualifiedRemote,26,17351.097109240054,3.855799357608901,3022,696,58596,212,2589,644,6.0,0.0,50872,11.30488888888889,60.077538209918764,0.01988005897085333,0.003462463372297387,19
long_shock,ITAC_K_NoKinematics,26,19351.547021277285,4.300343782506063,4068,201,23180,219,2413,739,5.0,0.0,53076,11.794666666666666,64.13273553487726,0.015765175893529316,0.0033140882981790784,19
long_shock,ITAC_K_NoHysteresis,26,18780.854349509682,4.173523188779929,3498,171,21356,194,2409,646,3.0,0.0,50676,11.261333333333333,65.58495961022818,0.018749273759356255,0.003492118004309023,19
long_shock,Greedy,27,24066.490146508673,5.3481089214463715,0,0,0,10,910,7,,,13500,3.0,0.0,0.0,0.0,23
long_shock,SPI_HCPI,27,24297.28569996228,5.39939682221384,40,0,0,8,876,16,,,27000,6.0,0.0,0.0,0.0,23
long_shock,DualControl,27,24478.01300749788,5.43955844611064,343,0,0,55,1124,441,,0.0,40500,9.0,0.0,0.0,0.0,23
long_shock,ConstrainedBandit,27,23089.532121988577,5.131007138219684,222,0,0,34,1125,332,114.0,0.0,40500,9.0,0.0,0.0,0.0,23
long_shock,GenericEIG,27,24827.6367039436,5.517252600876356,95,0,0,15,877,177,,,54000,12.0,0.0,0.0,0.0,23
long_shock,ITAC_K_Full,27,18423.93424517543,4.094207610038985,3910,263,25916,219,2480,689,4.0,0.0,52692,11.709333333333333,59.829282929867375,0.015301606887434111,0.0032473673719029105,19
long_shock,ITAC_K_LocalOnly,27,18518.399101332205,4.115199800296046,4464,0,7980,212,2458,705,4.0,0.0,53856,11.968,60.85695041437886,0.013632829393902073,0.0032862965141517465,19
long_shock,ITAC_K_GenericVoI_Local,27,17833.284699936496,3.9629521555414433,4500,0,8132,213,2525,706,4.0,0.0,54000,12.0,58.21145470884432,0.012935878824187627,0.0032642026238190215,19
long_shock,ITAC_K_UnqualifiedRemote,27,17022.250811269467,3.782722402504326,3146,740,60496,212,2591,691,0.0,0.0,51544,11.454222222222223,55.15012265683376,0.01753023606383781,0.0032398842707876204,19
long_shock,ITAC_K_NoKinematics,27,18423.93424517543,4.094207610038985,3910,263,25916,219,2480,689,4.0,0.0,52692,11.709333333333333,59.829282929867375,0.015301606887434111,0.0032473673719029105,19
long_shock,ITAC_K_NoHysteresis,27,15170.30573904584,3.3711790531212977,3419,256,25460,197,2696,593,4.0,0.0,50700,11.266666666666667,60.22893722835049,0.017615951222097248,0.003970186116508598,19
long_shock,Greedy,28,23982.696711145505,5.329488158032334,0,0,0,10,910,5,,,13500,3.0,0.0,0.0,0.0,23
long_shock,SPI_HCPI,28,20415.261319161105,4.536724737591356,40,0,0,9,1240,19,23.0,0.0,27000,6.0,0.0,0.0,0.0,23
long_shock,DualControl,28,22775.510043932885,5.0612244542073075,357,0,0,56,1274,453,142.0,0.0,40500,9.0,0.0,0.0,0.0,23
long_shock,ConstrainedBandit,28,22137.28027242583,4.919395616094628,204,0,0,34,1217,324,23.0,0.0,40500,9.0,0.0,0.0,0.0,23
long_shock,GenericEIG,28,24741.633852300074,5.498140856066684,90,0,0,15,877,171,,,54000,12.0,0.0,0.0,0.0,23
long_shock,ITAC_K_Full,28,18204.62231312449,4.0454716251387755,3862,285,27968,219,2606,699,0.0,0.0,52588,11.686222222222222,61.314214037708865,0.015876285354145227,0.0033680574627194997,19
long_shock,ITAC_K_LocalOnly,28,20046.767932933042,4.454837318429565,4500,0,9196,224,2455,722,28.0,0.0,54000,12.0,64.06792903276191,0.01423731756283598,0.003195923115741288,19
long_shock,ITAC_K_GenericVoI_Local,28,20046.767932933042,4.454837318429565,4500,0,9348,224,2455,722,28.0,0.0,54000,12.0,61.42602393605986,0.013650227541346637,0.003064136031382323,19
long_shock,ITAC_K_UnqualifiedRemote,28,16703.28578953335,3.711841286562967,3076,694,57228,209,2676,657,0.0,0.0,51080,11.351111111111111,58.22280504871492,0.018928090067852704,0.0034857096850488315,19
long_shock,ITAC_K_NoKinematics,28,18204.62231312449,4.0454716251387755,3862,285,27968,219,2606,699,0.0,0.0,52588,11.686222222222222,61.314214037708865,0.015876285354145227,0.0033680574627194997,19
long_shock,ITAC_K_NoHysteresis,28,20069.353965456983,4.459856436768218,3644,279,27512,208,2431,621,14.0,0.0,51692,11.487111111111112,62.71957175808376,0.01721173758454549,0.003125141539983578,19
long_shock,Greedy,29,24053.0267422207,5.345117053826822,0,0,0,10,910,5,,,13500,3.0,0.0,0.0,0.0,23
long_shock,SPI_HCPI,29,24360.109558255772,5.4133576796123934,40,0,0,9,875,18,,,27000,6.0,0.0,0.0,0.0,23
long_shock,DualControl,29,23618.349447453355,5.248522099434079,407,0,0,56,1208,471,153.0,0.0,40500,9.0,0.0,0.0,0.0,23
long_shock,ConstrainedBandit,29,26305.525437386295,5.845672319419177,219,0,0,35,837,351,,,40500,9.0,0.0,0.0,0.0,23
long_shock,GenericEIG,29,24795.30159419766,5.510067020932813,89,0,0,15,883,171,,,54000,12.0,0.0,0.0,0.0,23
long_shock,ITAC_K_Full,29,20818.143122931982,4.626254027318218,3913,268,26600,219,2300,714,22.0,0.0,52724,11.716444444444445,61.09900822041913,0.015614364482601362,0.0029348923129035574,19
long_shock,ITAC_K_LocalOnly,29,19736.366047160805,4.38585912159129,4500,0,7904,220,2386,705,22.0,0.0,54000,12.0,62.51854958446388,0.01389301101876975,0.0031676829176695144,19
long_shock,ITAC_K_GenericVoI_Local,29,19736.366047160805,4.38585912159129,4500,0,8512,220,2386,705,22.0,0.0,54000,12.0,60.90433253232942,0.013534296118295427,0.0030858939475887394,19
long_shock,ITAC_K_UnqualifiedRemote,29,18410.30680678783,4.091179290397296,3118,625,51756,215,2511,661,4.0,0.0,50972,11.327111111111112,56.48470550901472,0.01811568489705411,0.0030681023462460146,19
long_shock,ITAC_K_NoKinematics,29,20818.143122931982,4.626254027318218,3913,268,26600,219,2300,714,22.0,0.0,52724,11.716444444444445,61.09900822041913,0.015614364482601362,0.0029348923129035574,19
long_shock,ITAC_K_NoHysteresis,29,16299.154112355005,3.622034247190001,3165,201,21584,197,2583,632,0.0,0.0,49464,10.992,63.53777545734833,0.020075126526808318,0.003898225332392295,19
noisy_sensor,Greedy,0,25967.64846048897,5.770588546775326,0,0,0,10,1600,8,20.0,0.0,13500,3.0,0.0,0.0,0.0,23
noisy_sensor,SPI_HCPI,0,26214.9624683586,5.8255472151908005,40,0,0,9,1558,19,9.0,0.0,27000,6.0,0.0,0.0,0.0,23
noisy_sensor,DualControl,0,18703.34124190739,4.156298053757197,672,0,0,51,2698,451,62.0,0.0,40500,9.0,0.0,0.0,0.0,23
noisy_sensor,ConstrainedBandit,0,21118.92822277329,4.693095160616287,535,0,0,30,2338,379,20.0,0.0,40500,9.0,0.0,0.0,0.0,23
noisy_sensor,GenericEIG,0,22100.906971965345,4.911312660436743,193,0,0,14,2058,208,0.0,0.0,54000,12.0,0.0,0.0,0.0,23
noisy_sensor,ITAC_K_Full,0,17276.828415321193,3.83929520340471,3556,472,77824,117,3104,564,4.0,0.0,52112,11.580444444444444,138.27116478283264,0.038883904607095794,0.008003272444392221,19
noisy_sensor,ITAC_K_LocalOnly,0,19520.97663386626,4.337994807525836,4450,0,56240,117,2920,566,3.0,0.0,53800,11.955555555555556,140.6119394487424,0.03159818864016683,0.00720312011463605,19
noisy_sensor,ITAC_K_GenericVoI_Local,0,20527.373664602866,4.561638592133971,4500,0,44080,122,2841,567,7.0,0.0,54000,12.0,116.22969287314513,0.025828820638476694,0.005662180402238698,19
noisy_sensor,ITAC_K_UnqualifiedRemote,0,15584.542011352012,3.463231558078225,1582,2121,176016,77,3146,410,3.0,0.0,50812,11.291555555555556,119.4130584694251,0.07548233784413723,0.007662275759046551,19
noisy_sensor,ITAC_K_NoKinematics,0,17276.828415321193,3.83929520340471,3556,471,77748,117,3104,564,4.0,0.0,52108,11.579555555555556,138.2858218843935,0.03888802640168546,0.008004120811998156,19
noisy_sensor,ITAC_K_NoHysteresis,0,17446.18270211596,3.8769294893591018,3370,338,64296,109,3060,549,4.0,0.0,50832,11.296,139.35210824804557,0.041350773960844384,0.007987541494171344,19
noisy_sensor,Greedy,1,28220.384955626632,6.271196656805918,0,0,0,13,1373,14,,0.0,13500,3.0,0.0,0.0,0.0,23
noisy_sensor,SPI_HCPI,1,30891.12259427273,6.864693909838384,40,0,0,10,1044,18,,,27000,6.0,0.0,0.0,0.0,23
noisy_sensor,DualControl,1,19820.29430790449,4.404509846200997,584,0,0,49,2584,424,6.0,0.0,40500,9.0,0.0,0.0,0.0,23
noisy_sensor,ConstrainedBandit,1,27467.067781332084,6.103792840296019,542,0,0,30,1678,354,76.0,0.0,40500,9.0,0.0,0.0,0.0,23
noisy_sensor,GenericEIG,1,30985.111278772838,6.885580284171742,139,0,0,15,1104,183,,219.0,54000,12.0,0.0,0.0,0.0,23
noisy_sensor,ITAC_K_Full,1,19392.74770950651,4.309499491001447,3743,378,68552,117,2963,615,3.0,0.0,52484,11.66311111111111,128.73070819643303,0.03439238797660514,0.006638085026668397,19
noisy_sensor,ITAC_K_LocalOnly,1,20734.27703538785,4.607617118975078,4465,0,49856,112,2817,594,3.0,0.0,53860,11.96888888888889,128.73949283683444,0.02883303311015329,0.006209017686853062,19
noisy_sensor,ITAC_K_GenericVoI_Local,1,21269.38437690343,4.726529861534095,4500,0,39292,112,2771,576,3.0,0.0,54000,12.0,108.72426756399898,0.02416094834755533,0.005111773130681836,19
noisy_sensor,ITAC_K_UnqualifiedRemote,1,16776.820089433786,3.728182242096397,1746,2039,169632,94,3078,437,3.0,0.0,51140,11.364444444444445,119.50058853727757,0.06844249057117845,0.007122958218556582,19
noisy_sensor,ITAC_K_NoKinematics,1,19392.74770950651,4.309499491001447,3743,377,68476,117,2963,615,3.0,0.0,52480,11.662222222222223,128.73315910982902,0.03439304277580257,0.006638211409656136,19
noisy_sensor,ITAC_K_NoHysteresis,1,19768.063559461163,4.392903013213592,3874,354,67260,117,2896,579,4.0,0.0,52912,11.758222222222223,128.1551310075667,0.0330808288610136,0.006482938028911312,19
noisy_sensor,Greedy,2,28948.247055625532,6.432943790139007,0,0,0,10,1278,10,,82.0,13500,3.0,0.0,0.0,0.0,23
noisy_sensor,SPI_HCPI,2,28712.703683417443,6.38060081853721,40,0,0,9,1298,17,,11.0,27000,6.0,0.0,0.0,0.0,23
noisy_sensor,DualControl,2,19216.488050766093,4.270330677948021,615,0,0,47,2586,424,56.0,0.0,40500,9.0,0.0,0.0,0.0,23
noisy_sensor,ConstrainedBandit,2,18493.744211483652,4.109720935885256,384,0,0,28,2553,349,4.0,0.0,40500,9.0,0.0,0.0,0.0,23
noisy_sensor,GenericEIG,2,30288.009921691417,6.730668871486982,223,0,0,15,1236,185,,82.0,54000,12.0,0.0,0.0,0.0,23
noisy_sensor,ITAC_K_Full,2,18552.352785758216,4.122745063501826,3730,400,75696,110,2933,540,0.0,0.0,52520,11.671111111111111,139.64046096456647,0.037437120902028546,0.00752683298863107,19
noisy_sensor,ITAC_K_LocalOnly,2,20131.603337533932,4.473689630563096,4442,0,56316,103,2784,580,1.0,0.0,53768,11.948444444444444,142.43270984634228,0.03206499546293162,0.007075080283386406,19
noisy_sensor,ITAC_K_GenericVoI_Local,2,20311.208859338916,4.513601968741981,4500,0,46664,107,2743,550,7.0,0.0,54000,12.0,121.95100788401311,0.027100223974225134,0.006004123571795241,19
noisy_sensor,ITAC_K_UnqualifiedRemote,2,18010.684499360086,4.00237433319113,2145,1416,128896,102,2993,505,1.0,0.0,50244,11.165333333333333,132.06323118523517,0.061567939946496585,0.007332493731147605,19
noisy_sensor,ITAC_K_NoKinematics,2,18552.352785758216,4.122745063501826,3730,400,75696,110,2933,540,0.0,0.0,52520,11.671111111111111,139.64046096456647,0.037437120902028546,0.00752683298863107,19
noisy_sensor,ITAC_K_NoHysteresis,2,17447.971836842222,3.877327074853827,3345,261,60420,112,3060,533,4.0,0.0,50424,11.205333333333334,145.96770744872535,0.04363758070216005,0.008365883944201903,19
noisy_sensor,Greedy,3,26911.428474225217,5.980317438716715,0,0,0,12,1475,12,147.0,0.0,13500,3.0,0.0,0.0,0.0,23
noisy_sensor,SPI_HCPI,3,30565.944770783146,6.792432171285143,40,0,0,10,1075,16,,,27000,6.0,0.0,0.0,0.0,23
noisy_sensor,DualControl,3,15607.316279773304,3.4682925066162897,640,0,0,47,2988,426,32.0,0.0,40500,9.0,0.0,0.0,0.0,23
noisy_sensor,ConstrainedBandit,3,20888.30400381273,4.641845334180607,471,0,0,30,2362,346,41.0,0.0,40500,9.0,0.0,0.0,0.0,23
noisy_sensor,GenericEIG,3,22666.256480883992,5.036945884640887,192,0,0,16,2022,175,145.0,0.0,54000,12.0,0.0,0.0,0.0,23
noisy_sensor,ITAC_K_Full,3,18710.13597864036,4.157807995253413,3743,377,72580,112,2988,544,0.0,0.0,52480,11.662222222222223,141.9576053427641,0.03792615691765004,0.007587203294771564,19
noisy_sensor,ITAC_K_LocalOnly,3,19859.22300053881,4.413160666786402,4299,0,54036,120,2955,545,0.0,0.0,53196,11.821333333333333,144.017060133747,0.03350013029396302,0.007251898028932936,19
noisy_sensor,ITAC_K_GenericVoI_Local,3,21141.3537382208,4.698078608493511,4500,0,45524,120,2825,535,0.0,0.0,54000,12.0,122.46858052009752,0.027215240115577227,0.0057928447741116195,19
noisy_sensor,ITAC_K_UnqualifiedRemote,3,16022.386368768653,3.560530304170812,1593,2205,184072,83,3125,383,3.0,0.0,51192,11.376,122.72977687759271,0.07704317443665581,0.007659893729489728,19
noisy_sensor,ITAC_K_NoKinematics,3,18710.13597864036,4.157807995253413,3743,377,72580,112,2988,544,0.0,0.0,52480,11.662222222222223,141.9576053427641,0.03792615691765004,0.007587203294771564,19
noisy_sensor,ITAC_K_NoHysteresis,3,19728.831022753726,4.38418467172305,3729,272,62016,111,2903,605,3.0,0.0,52004,11.556444444444445,141.99652420246335,0.03807898208701082,0.007197411952015576,19
noisy_sensor,Greedy,4,26186.680950706414,5.819262433490314,0,0,0,11,1581,12,40.0,0.0,13500,3.0,0.0,0.0,0.0,23
noisy_sensor,SPI_HCPI,4,30839.942969611475,6.853320659913661,40,0,0,10,1070,20,,,27000,6.0,0.0,0.0,0.0,23
noisy_sensor,DualControl,4,19599.918598642416,4.355537466364981,618,0,0,47,2552,423,7.0,0.0,40500,9.0,0.0,0.0,0.0,23
noisy_sensor,ConstrainedBandit,4,15421.06395912507,3.426903102027793,355,0,0,28,2857,360,1.0,0.0,40500,9.0,0.0,0.0,0.0,23
noisy_sensor,GenericEIG,4,25001.506381330662,5.555890306962369,161,0,0,15,1739,183,159.0,0.0,54000,12.0,0.0,0.0,0.0,23
noisy_sensor,ITAC_K_Full,4,19925.512551044758,4.427891678009946,3782,431,74404,110,2892,623,1.0,0.0,52852,11.74488888888889,131.5627161493398,0.03478654578248012,0.006602726821320415,19
noisy_sensor,ITAC_K_LocalOnly,4,20504.16066334769,4.556480147410598,4422,0,54644,116,2838,586,1.0,0.0,53688,11.930666666666667,137.4924389472048,0.031092817491452915,0.0067055872807795566,19
noisy_sensor,ITAC_K_GenericVoI_Local,4,21972.73735128448,4.882830522507662,4500,0,43320,117,2693,564,1.0,0.0,54000,12.0,114.60837953128436,0.025468528784729858,0.005215935443045042,19
noisy_sensor,ITAC_K_UnqualifiedRemote,4,18383.0174965215,4.085114999227001,1764,1942,165908,93,2962,442,3.0,0.0,50824,11.294222222222222,118.59810574741473,0.06723248625136889,0.006451503719117728,19
noisy_sensor,ITAC_K_NoKinematics,4,19061.17038619548,4.235815641376774,3800,377,74708,112,2957,590,1.0,0.0,52708,11.71288888888889,136.13919132895924,0.035826102981305064,0.0071422262416558765,19
noisy_sensor,ITAC_K_NoHysteresis,4,19449.551429215393,4.322122539825643,3701,224,59660,112,2911,568,0.0,0.0,51700,11.488888888888889,135.75460588845144,0.03668052036975181,0.006979832228137297,19
noisy_sensor,Greedy,5,28858.92176270885,6.413093725046411,0,0,0,10,1324,8,,36.0,13500,3.0,0.0,0.0,0.0,23
noisy_sensor,SPI_HCPI,5,31091.04481341559,6.909121069647909,40,0,0,10,1059,20,,,27000,6.0,0.0,0.0,0.0,23
noisy_sensor,DualControl,5,17021.54256876498,3.7825650152811066,677,0,0,48,2842,436,11.0,0.0,40500,9.0,0.0,0.0,0.0,23
noisy_sensor,ConstrainedBandit,5,19139.098670929427,4.253133037984317,422,0,0,29,2530,335,66.0,0.0,40500,9.0,0.0,0.0,0.0,23
noisy_sensor,GenericEIG,5,30032.891423959765,6.673975871991059,196,0,0,15,1285,178,,36.0,54000,12.0,0.0,0.0,0.0,23
noisy_sensor,ITAC_K_Full,5,20068.782845475413,4.459729521216758,3838,306,67488,109,2852,559,1.0,0.0,52576,11.683555555555555,141.89293616064225,0.03697054094857797,0.007070330934027351,19
noisy_sensor,ITAC_K_LocalOnly,5,21421.457297614237,4.760323843914275,4469,0,53580,114,2758,547,1.0,0.0,53876,11.972444444444445,141.90164041043298,0.03175243687859319,0.006624275764200082,19
noisy_sensor,ITAC_K_GenericVoI_Local,5,21244.97481112269,4.72110551358282,4500,0,45068,114,2779,552,1.0,0.0,54000,12.0,121.64635508950326,0.027032523353222947,0.005725888412247774,19
noisy_sensor,ITAC_K_UnqualifiedRemote,5,15907.104085336412,3.534912018963647,1426,1575,134596,85,3132,368,4.0,0.0,48004,10.667555555555555,134.41741714986634,0.09426186335895255,0.008450150098268097,19
noisy_sensor,ITAC_K_NoKinematics,5,19165.964294309935,4.259103176513319,3887,360,73188,109,2943,539,1.0,0.0,52988,11.77511111111111,143.22798464521063,0.0368479507705713,0.007473038269602364,19
noisy_sensor,ITAC_K_NoHysteresis,5,18845.10753863447,4.187801675252104,3660,287,63916,112,2972,580,2.0,0.0,51788,11.508444444444445,143.5183744381723,0.039212670611522484,0.007615683494718424,19
noisy_sensor,Greedy,6,30236.997087694577,6.719332686154351,0,0,0,11,1118,15,,243.0,13500,3.0,0.0,0.0,0.0,23
noisy_sensor,SPI_HCPI,6,30878.620136271817,6.861915585838181,40,0,0,10,1033,18,,,27000,6.0,0.0,0.0,0.0,23
noisy_sensor,DualControl,6,15163.506060180081,3.3696680133733516,581,0,0,48,3015,416,11.0,0.0,40500,9.0,0.0,0.0,0.0,23
noisy_sensor,ConstrainedBandit,6,22390.692970223496,4.975709548938554,494,0,0,28,2229,364,35.0,0.0,40500,9.0,0.0,0.0,0.0,23
noisy_sensor,GenericEIG,6,31509.167528762657,7.002037228613924,215,0,0,16,1079,202,,241.0,54000,12.0,0.0,0.0,0.0,23
noisy_sensor,ITAC_K_Full,6,18949.107210433645,4.210912713429699,3690,380,68856,117,2955,582,9.0,0.0,52280,11.617777777777778,139.70498288211118,0.03786042896534178,0.007372641957779818,19
noisy_sensor,ITAC_K_LocalOnly,6,19999.40036482134,4.4443111921825205,4462,0,52288,125,2857,585,0.0,0.0,53848,11.966222222222223,143.17732817947933,0.03208815064533378,0.0071590810508162135,19
noisy_sensor,ITAC_K_GenericVoI_Local,6,20449.874130151813,4.54441647336707,4500,0,44688,124,2854,561,1.0,0.0,54000,12.0,123.35133572771383,0.027411407939491962,0.006031887284129612,19
noisy_sensor,ITAC_K_UnqualifiedRemote,6,17067.670738187895,3.79281571959731,1837,1791,151620,109,3088,479,0.0,0.0,50512,11.22488888888889,127.91323879668738,0.06963159433679227,0.007494475418399603,19
noisy_sensor,ITAC_K_NoKinematics,6,18949.107210433645,4.210912713429699,3690,380,68856,117,2955,582,9.0,0.0,52280,11.617777777777778,139.70498288211118,0.03786042896534178,0.007372641957779818,19
noisy_sensor,ITAC_K_NoHysteresis,6,19933.423704843324,4.429649712187405,3455,395,65360,115,2828,582,2.0,0.0,51400,11.422222222222222,137.37722781184524,0.039761860437581835,0.006891802925880014,19
noisy_sensor,Greedy,7,22002.51412210289,4.889447582689531,0,0,0,10,1976,7,74.0,0.0,13500,3.0,0.0,0.0,0.0,23
noisy_sensor,SPI_HCPI,7,30730.644847145337,6.829032188254519,40,0,0,10,1057,18,,,27000,6.0,0.0,0.0,0.0,23
noisy_sensor,DualControl,7,22135.287260830526,4.918952724629006,665,0,0,49,2308,441,3.0,0.0,40500,9.0,0.0,0.0,0.0,23
noisy_sensor,ConstrainedBandit,7,29404.551936030064,6.534344874673348,494,0,0,30,1433,378,108.0,0.0,40500,9.0,0.0,0.0,0.0,23
noisy_sensor,GenericEIG,7,31597.422230706532,7.021649384601451,193,0,0,15,1081,182,,,54000,12.0,0.0,0.0,0.0,23
noisy_sensor,ITAC_K_Full,7,17594.217666708137,3.9098261481573635,3796,342,72276,115,3090,557,0.0,0.0,52552,11.678222222222223,145.18108974933804,0.03824580868001529,0.008251636560348483,19
noisy_sensor,ITAC_K_LocalOnly,7,19087.83785230275,4.241741744956166,4489,0,55176,124,2974,523,0.0,0.0,53956,11.990222222222222,146.2867105434896,0.032587817006792065,0.007663870139479502,19
noisy_sensor,ITAC_K_GenericVoI_Local,7,19188.50447618643,4.264112105819207,4500,0,45676,126,2964,528,1.0,0.0,54000,12.0,120.05885948902485,0.026679746553116633,0.006256811709220063,19
noisy_sensor,ITAC_K_UnqualifiedRemote,7,23739.820721070166,5.27551571579337,1802,2171,181184,98,2408,408,0.0,0.0,51892,11.531555555555556,107.84415636120359,0.05984692361886992,0.004542753613361832,19
noisy_sensor,ITAC_K_NoKinematics,7,17594.217666708137,3.9098261481573635,3796,331,71440,115,3090,557,0.0,0.0,52508,11.668444444444445,145.26972247041985,0.038269157658171724,0.008256674165473122,19
noisy_sensor,ITAC_K_NoHysteresis,7,18971.29329921881,4.215842955381958,3531,353,68400,121,3007,510,7.0,0.0,51536,11.452444444444444,142.1099244229123,0.040246367721017355,0.007490787379728298,19
noisy_sensor,Greedy,8,30507.680659051464,6.779484590900325,0,0,0,11,1111,7,,,13500,3.0,0.0,0.0,0.0,23
noisy_sensor,SPI_HCPI,8,31304.381576850607,6.956529239300135,40,0,0,10,1008,14,,,27000,6.0,0.0,0.0,0.0,23
noisy_sensor,DualControl,8,18507.01226336486,4.112669391858858,723,0,0,49,2716,460,28.0,0.0,40500,9.0,0.0,0.0,0.0,23
noisy_sensor,ConstrainedBandit,8,24178.68132459384,5.373040294354187,507,0,0,30,2034,360,87.0,0.0,40500,9.0,0.0,0.0,0.0,23
noisy_sensor,GenericEIG,8,22498.062602616796,4.999569467248177,166,0,0,15,2025,181,27.0,0.0,54000,12.0,0.0,0.0,0.0,23
noisy_sensor,ITAC_K_Full,8,16710.769434731803,3.7135043188292896,3763,404,84968,112,3184,537,3.0,0.0,52668,11.704,157.87491412060157,0.041954534711826086,0.009447495205844503,19
noisy_sensor,ITAC_K_LocalOnly,8,17957.28941869493,3.9905087597099844,4500,0,65892,114,3045,520,0.0,0.0,54000,12.0,158.66601742125061,0.03525911498250014,0.008835744288671262,19
noisy_sensor,ITAC_K_GenericVoI_Local,8,17957.28941869493,3.9905087597099844,4500,0,55556,114,3045,520,0.0,0.0,54000,12.0,137.20862018201484,0.030490804484892185,0.007640831362843104,19
noisy_sensor,ITAC_K_UnqualifiedRemote,8,15415.137868646752,3.4255861930326117,1362,2044,170012,69,3125,335,0.0,0.0,49624,11.027555555555555,139.3342046023549,0.10230117812214017,0.009038790686767087,19
noisy_sensor,ITAC_K_NoKinematics,8,16710.769434731803,3.7135043188292896,3763,404,84968,112,3184,537,3.0,0.0,52668,11.704,157.87491412060157,0.041954534711826086,0.009447495205844503,19
noisy_sensor,ITAC_K_NoHysteresis,8,16236.287724580943,3.608063938795765,3467,278,70452,117,3236,489,0.0,0.0,50980,11.328888888888889,159.63264699027704,0.046043451684533325,0.009831843934903977,19
noisy_sensor,Greedy,9,30477.181607701146,6.772707023933588,0,0,0,12,1112,11,,,13500,3.0,0.0,0.0,0.0,23
noisy_sensor,SPI_HCPI,9,30824.786069555405,6.849952459901201,40,0,0,10,1055,18,,,27000,6.0,0.0,0.0,0.0,23
noisy_sensor,DualControl,9,19798.993890271235,4.399776420060275,740,0,0,50,2582,423,7.0,0.0,40500,9.0,0.0,0.0,0.0,23
noisy_sensor,ConstrainedBandit,9,18508.56376394389,4.113014169765309,424,0,0,29,2580,345,13.0,0.0,40500,9.0,0.0,0.0,0.0,23
noisy_sensor,GenericEIG,9,24986.24846433123,5.552499658740274,173,0,0,15,1726,183,174.0,0.0,54000,12.0,0.0,0.0,0.0,23
noisy_sensor,ITAC_K_Full,9,18932.214182728614,4.207158707273026,3812,365,72504,112,2976,537,1.0,0.0,52708,11.71288888888889,142.60295325936374,0.03740895940696845,0.007532291357101636,19
noisy_sensor,ITAC_K_LocalOnly,9,20235.431100896865,4.49676246686597,4479,0,56696,113,2822,548,0.0,0.0,53916,11.981333333333334,145.10442754910997,0.032396612536081705,0.0071708097952347906,19
noisy_sensor,ITAC_K_GenericVoI_Local,9,20520.385940806882,4.560085764623752,4500,0,46664,113,2790,535,0.0,0.0,54000,12.0,124.35616439735863,0.027634703199413028,0.006060127950618302,19
noisy_sensor,ITAC_K_UnqualifiedRemote,9,19483.642258850225,4.329698279744495,1594,2109,176472,93,2768,388,1.0,0.0,50812,11.291555555555556,116.57517289993359,0.07313373456708507,0.005983233080918463,19
noisy_sensor,ITAC_K_NoKinematics,9,18053.58104805546,4.01190689956788,3764,383,74784,112,3057,563,1.0,0.0,52588,11.686222222222222,144.13770290160002,0.0382937574127524,0.007983884333968468,19
noisy_sensor,ITAC_K_NoHysteresis,9,19689.210271665626,4.375380060370139,3523,344,65208,110,2883,529,1.0,0.0,51468,11.437333333333333,139.36898582470243,0.039559746189242816,0.0070784446862892075,19
noisy_sensor,Greedy,10,26866.44481639415,5.970321070309811,0,0,0,11,1465,8,156.0,0.0,13500,3.0,0.0,0.0,0.0,23
noisy_sensor,SPI_HCPI,10,30846.73677713613,6.854830394919141,40,0,0,10,1044,16,,,27000,6.0,0.0,0.0,0.0,23
noisy_sensor,DualControl,10,20997.44473581684,4.66609883018152,797,0,0,51,2437,453,41.0,0.0,40500,9.0,0.0,0.0,0.0,23
noisy_sensor,ConstrainedBandit,10,25953.03045063946,5.7673401001421025,515,0,0,30,1798,355,28.0,0.0,40500,9.0,0.0,0.0,0.0,23
noisy_sensor,GenericEIG,10,26878.501857068037,5.973000412681786,162,0,0,15,1547,164,39.0,0.0,54000,12.0,0.0,0.0,0.0,23
noisy_sensor,ITAC_K_Full,10,20868.24088021648,4.637386862270328,4000,361,74328,113,2797,572,0.0,0.0,53444,11.876444444444445,141.05788561224293,0.03526447140306073,0.006759452625734673,19
noisy_sensor,ITAC_K_LocalOnly,10,21601.872804756356,4.8004161788347455,4446,0,54796,113,2765,550,4.0,0.0,53784,11.952,140.3183156000946,0.03156057480883819,0.006495655116032298,19
noisy_sensor,ITAC_K_GenericVoI_Local,10,21248.548073462334,4.721899571880519,4500,0,46284,108,2768,531,6.0,0.0,54000,12.0,122.11844447361956,0.027137432105248792,0.005747143007203175,19
noisy_sensor,ITAC_K_UnqualifiedRemote,10,13594.872560385924,3.021082791196872,1464,1976,164844,75,3297,369,0.0,0.0,49760,11.057777777777778,135.8855502334428,0.09281799879333526,0.009995353000174454,19
noisy_sensor,ITAC_K_NoKinematics,10,20868.24088021648,4.637386862270328,4000,361,74328,113,2797,572,0.0,0.0,53444,11.876444444444445,141.05788561224293,0.03526447140306073,0.006759452625734673,19
noisy_sensor,ITAC_K_NoHysteresis,10,19650.261132518688,4.366724696115264,3772,265,66652,113,2925,527,6.0,0.0,52148,11.588444444444445,145.74949137879133,0.03863984394983864,0.007417178346683364,19
noisy_sensor,Greedy,11,30386.308307430165,6.7525129572067035,0,0,0,12,1112,16,,,13500,3.0,0.0,0.0,0.0,23
noisy_sensor,SPI_HCPI,11,30706.03393654,6.823563097008889,40,0,0,10,1068,16,,,27000,6.0,0.0,0.0,0.0,23
noisy_sensor,DualControl,11,17754.758438883197,3.945501875307377,656,0,0,48,2792,438,59.0,0.0,40500,9.0,0.0,0.0,0.0,23
noisy_sensor,ConstrainedBandit,11,27545.22154623581,6.121160343607958,519,0,0,30,1630,352,92.0,0.0,40500,9.0,0.0,0.0,0.0,23
noisy_sensor,GenericEIG,11,27427.721916587238,6.095049314797164,215,0,0,15,1518,178,68.0,0.0,54000,12.0,0.0,0.0,0.0,23
noisy_sensor,ITAC_K_Full,11,21100.69954157516,4.689044342572258,3914,391,69540,115,2764,546,1.0,0.0,53220,11.826666666666666,132.4794241937323,0.03384757899686569,0.006278437543395435,19
noisy_sensor,ITAC_K_LocalOnly,11,20466.55235927347,4.548122746505216,4406,0,51072,118,2834,587,0.0,0.0,53624,11.916444444444444,134.09161262863432,0.030433865780443558,0.006551744049254926,19
noisy_sensor,ITAC_K_GenericVoI_Local,11,21527.987597483356,4.7839972438851905,4500,0,43396,124,2749,550,0.0,0.0,54000,12.0,116.742958024635,0.02594287956103,0.005422845841767504,19
noisy_sensor,ITAC_K_UnqualifiedRemote,11,17055.090069325564,3.790020015405681,1911,1545,133988,106,3126,474,4.0,0.0,49824,11.072,125.55004284550782,0.06569860954762313,0.007361441208177251,19
noisy_sensor,ITAC_K_NoKinematics,11,21100.69954157516,4.689044342572258,3914,391,69540,115,2764,546,1.0,0.0,53220,11.826666666666666,132.4794241937323,0.03384757899686569,0.006278437543395435,19
noisy_sensor,ITAC_K_NoHysteresis,11,20654.030079780205,4.5897844621733785,3707,328,63536,114,2797,548,0.0,0.0,52140,11.586666666666666,132.4350520701274,0.03572566821422374,0.006412068325579621,19
noisy_sensor,Greedy,12,30499.605908279143,6.7776902018398095,0,0,0,11,1111,14,,,13500,3.0,0.0,0.0,0.0,23
noisy_sensor,SPI_HCPI,12,30699.730268954863,6.82216228198997,40,0,0,10,1083,20,,,27000,6.0,0.0,0.0,0.0,23
noisy_sensor,DualControl,12,17266.35376577107,3.836967503504682,615,0,0,48,2814,435,12.0,0.0,40500,9.0,0.0,0.0,0.0,23
noisy_sensor,ConstrainedBandit,12,23497.05137199284,5.2215669715539645,445,0,0,29,2106,358,52.0,0.0,40500,9.0,0.0,0.0,0.0,23
noisy_sensor,GenericEIG,12,31797.754757538027,7.0661677238973395,231,0,0,16,1065,220,,,54000,12.0,0.0,0.0,0.0,23
noisy_sensor,ITAC_K_Full,12,20212.154711042323,4.491589935787183,4007,287,63232,112,2887,585,1.0,0.0,53176,11.816888888888888,130.51911305871423,0.032572775906841586,0.006457456660343535,19
noisy_sensor,ITAC_K_LocalOnly,12,21542.41773803468,4.787203941785485,4429,0,49552,117,2791,577,1.0,0.0,53716,11.93688888888889,131.5092611833411,0.029692766128548452,0.00610466581711263,19
noisy_sensor,ITAC_K_GenericVoI_Local,12,23077.15352681055,5.128256339291234,4500,0,39900,119,2643,557,18.0,0.0,54000,12.0,111.56819136662018,0.024792931414804487,0.004834573347055243,19
noisy_sensor,ITAC_K_UnqualifiedRemote,12,17027.878752397944,3.783973056088432,1660,1942,163476,81,3070,416,1.0,0.0,50408,11.201777777777778,117.66518818082292,0.07088264348242344,0.006910149519607824,19
noisy_sensor,ITAC_K_NoKinematics,12,20212.154711042323,4.491589935787183,4007,287,63232,112,2887,585,1.0,0.0,53176,11.816888888888888,130.51911305871423,0.032572775906841586,0.006457456660343535,19
noisy_sensor,ITAC_K_NoHysteresis,12,20662.791644647274,4.591731476588283,3739,194,51528,122,2863,566,7.0,0.0,51732,11.496,130.82225504388876,0.0349885678106148,0.00633129623981755,19
noisy_sensor,Greedy,13,26241.138051146638,5.8313640113659195,0,0,0,10,1562,12,58.0,0.0,13500,3.0,0.0,0.0,0.0,23
noisy_sensor,SPI_HCPI,13,31080.772440771474,6.906838320171438,40,0,0,10,1045,18,,,27000,6.0,0.0,0.0,0.0,23
noisy_sensor,DualControl,13,21950.044756403702,4.877787723645267,736,0,0,48,2393,399,95.0,0.0,40500,9.0,0.0,0.0,0.0,23
noisy_sensor,ConstrainedBandit,13,20448.467799430568,4.544103955429015,442,0,0,30,2379,348,103.0,0.0,40500,9.0,0.0,0.0,0.0,23
noisy_sensor,GenericEIG,13,27466.442983844125,6.103653996409806,192,0,0,16,1523,185,58.0,0.0,54000,12.0,0.0,0.0,0.0,23
noisy_sensor,ITAC_K_Full,13,18960.18550425404,4.213374556500898,3845,408,77064,121,2990,588,4.0,0.0,53012,11.780444444444445,144.10973466707586,0.0374797749459235,0.007600650037666687,19
noisy_sensor,ITAC_K_LocalOnly,13,20608.194969453907,4.579598882100869,4471,0,54872,123,2857,571,19.0,0.0,53884,11.974222222222222,143.63954920225004,0.03212694010338851,0.006970020878352371,19
noisy_sensor,ITAC_K_GenericVoI_Local,13,20056.37900403565,4.456973112007923,4500,0,46056,124,2907,554,19.0,0.0,54000,12.0,123.53158830419704,0.027451464067599345,0.006159216889516328,19
noisy_sensor,ITAC_K_UnqualifiedRemote,13,26048.00186536773,5.788444858970607,1451,2764,229292,88,2049,363,0.0,0.0,52860,11.746666666666666,104.69476498101295,0.07215352514197998,0.004019301193317652,19
noisy_sensor,ITAC_K_NoKinematics,13,18960.18550425404,4.213374556500898,3845,408,77064,121,2990,588,4.0,0.0,53012,11.780444444444445,144.10973466707586,0.0374797749459235,0.007600650037666687,19
noisy_sensor,ITAC_K_NoHysteresis,13,19622.601817747087,4.360578181721575,3771,406,75240,119,2898,596,3.0,0.0,52708,11.71288888888889,143.61284782538075,0.03808349186565387,0.007318746472014447,19
noisy_sensor,Greedy,14,30608.838491042385,6.80196410912053,0,0,0,10,1110,7,,,13500,3.0,0.0,0.0,0.0,23
noisy_sensor,SPI_HCPI,14,30987.662239416713,6.886147164314825,40,0,0,10,1063,18,,,27000,6.0,0.0,0.0,0.0,23
noisy_sensor,DualControl,14,18587.147627401457,4.130477250533657,693,0,0,47,2677,429,5.0,0.0,40500,9.0,0.0,0.0,0.0,23
noisy_sensor,ConstrainedBandit,14,14424.346803195185,3.2054104007100412,414,0,0,27,2976,338,1.0,0.0,40500,9.0,0.0,0.0,0.0,23
noisy_sensor,GenericEIG,14,31928.296729864665,7.095177051081037,240,0,0,15,1078,194,,246.0,54000,12.0,0.0,0.0,0.0,23
noisy_sensor,ITAC_K_Full,14,18066.94520882556,4.014876713072347,3463,477,81472,117,3097,587,0.0,0.0,51760,11.502222222222223,152.5841845816108,0.04406127189766411,0.008445488864773589,19
noisy_sensor,ITAC_K_LocalOnly,14,19600.12227921297,4.355582728713993,4442,0,60876,117,2940,558,1.0,0.0,53768,11.948444444444444,154.89177035098805,0.034869826733675835,0.007902592042257791,19
noisy_sensor,ITAC_K_GenericVoI_Local,14,20431.42394003093,4.540316431117985,4500,0,51528,121,2884,542,1.0,0.0,54000,12.0,136.15266061686737,0.0302561468037483,0.006663885053557419,19
noisy_sensor,ITAC_K_UnqualifiedRemote,14,15064.107372018563,3.347579416004125,1422,1961,166364,62,3103,328,1.0,0.0,49532,11.007111111111112,137.42678872144907,0.0966433113371653,0.009122796680055403,19
noisy_sensor,ITAC_K_NoKinematics,14,18066.94520882556,4.014876713072347,3463,477,81472,117,3097,587,0.0,0.0,51760,11.502222222222223,152.5841845816108,0.04406127189766411,0.008445488864773589,19
noisy_sensor,ITAC_K_NoHysteresis,14,17519.48235517174,3.893218301149276,3482,364,71820,116,3135,588,0.0,0.0,51384,11.418666666666667,156.36017444859934,0.044905276981217504,0.008924931186819108,19
noisy_sensor,Greedy,15,27130.637309857626,6.029030513301695,0,0,0,12,1450,10,172.0,0.0,13500,3.0,0.0,0.0,0.0,23
noisy_sensor,SPI_HCPI,15,30704.451742772064,6.823211498393792,40,0,0,10,1084,18,,,27000,6.0,0.0,0.0,0.0,23
noisy_sensor,DualControl,15,16361.369780818763,3.6358599512930585,568,0,0,46,2882,392,20.0,0.0,40500,9.0,0.0,0.0,0.0,23
noisy_sensor,ConstrainedBandit,15,15633.233291290986,3.474051842509108,379,0,0,28,2876,321,18.0,0.0,40500,9.0,0.0,0.0,0.0,23
noisy_sensor,GenericEIG,15,21298.842793273343,4.733076176282965,205,0,0,15,2170,193,18.0,0.0,54000,12.0,0.0,0.0,0.0,23
noisy_sensor,ITAC_K_Full,15,17880.667108064674,3.9734815795699276,3796,433,80256,116,3080,541,4.0,0.0,52916,11.75911111111111,147.81615552219503,0.03893997774557298,0.008266814354791376,19
noisy_sensor,ITAC_K_LocalOnly,15,20536.561634430473,4.563680363206772,4494,0,58292,117,2824,541,13.0,0.0,53976,11.994666666666667,145.2344989776061,0.03231742300347266,0.00707199683972968,19
noisy_sensor,ITAC_K_GenericVoI_Local,15,20233.07173487092,4.496238163304649,4500,0,49324,113,2840,539,13.0,0.0,54000,12.0,123.97572064375561,0.027550160143056803,0.0061273800769503645,19
noisy_sensor,ITAC_K_UnqualifiedRemote,15,11446.667544268237,2.543703898726275,1307,2260,190380,74,3515,257,3.0,0.0,50268,11.170666666666667,133.47783316344407,0.10212535054586387,0.011660846499405958,19
noisy_sensor,ITAC_K_NoKinematics,15,17880.667108064674,3.9734815795699276,3796,433,80256,116,3080,541,4.0,0.0,52916,11.75911111111111,147.81615552219503,0.03893997774557298,0.008266814354791376,19
noisy_sensor,ITAC_K_NoHysteresis,15,17361.221094155626,3.8580491320345836,3602,387,74860,117,3134,550,4.0,0.0,51956,11.545777777777777,150.39291409105914,0.04175261357330903,0.008662576974017483,19
noisy_sensor,Greedy,16,30621.27006074353,6.804726680165229,0,0,0,11,1111,15,,,13500,3.0,0.0,0.0,0.0,23
noisy_sensor,SPI_HCPI,16,30924.130816263852,6.872029070280856,40,0,0,10,1064,20,,,27000,6.0,0.0,0.0,0.0,23
noisy_sensor,DualControl,16,15758.842892500837,3.501965087222408,594,0,0,48,2914,435,24.0,0.0,40500,9.0,0.0,0.0,0.0,23
noisy_sensor,ConstrainedBandit,16,20912.82344177436,4.64729409817208,454,0,0,29,2323,362,94.0,0.0,40500,9.0,0.0,0.0,0.0,23
noisy_sensor,GenericEIG,16,28563.532214041694,6.347451603120376,217,0,0,15,1400,201,181.0,0.0,54000,12.0,0.0,0.0,0.0,23
noisy_sensor,ITAC_K_Full,16,20804.76135973267,4.623280302162816,3812,202,49172,115,2748,561,0.0,0.0,52056,11.568,127.98569677283842,0.03357442202855153,0.006151750292149612,19
noisy_sensor,ITAC_K_LocalOnly,16,22258.094072487278,4.946243127219395,4425,0,43168,117,2628,555,0.0,0.0,53700,11.933333333333334,126.92109300867385,0.028682732883316124,0.005702244432759322,19
noisy_sensor,ITAC_K_GenericVoI_Local,16,20862.57741054741,4.6361283134549796,4500,0,37392,117,2760,530,10.0,0.0,54000,12.0,110.69866101329718,0.024599702447399376,0.005306087490289273,19
noisy_sensor,ITAC_K_UnqualifiedRemote,16,16043.51880733108,3.565226401629129,1685,1924,159296,91,3106,433,0.0,0.0,50436,11.208,117.08196599255564,0.06948484628638317,0.007297773474672843,19
noisy_sensor,ITAC_K_NoKinematics,16,20804.76135973267,4.623280302162816,3812,202,49172,115,2748,561,0.0,0.0,52056,11.568,127.98569677283842,0.03357442202855153,0.006151750292149612,19
noisy_sensor,ITAC_K_NoHysteresis,16,21085.67579826234,4.685705732947186,3655,183,44384,118,2741,545,24.0,0.0,51352,11.411555555555555,125.82784035377126,0.03442622171101813,0.005967455895539316,19
noisy_sensor,Greedy,17,30293.840951565402,6.731964655903423,0,0,0,10,1125,7,,235.0,13500,3.0,0.0,0.0,0.0,23
noisy_sensor,SPI_HCPI,17,31053.19095706906,6.900709101570902,40,0,0,10,1025,20,,,27000,6.0,0.0,0.0,0.0,23
noisy_sensor,DualControl,17,14903.198883730725,3.3118219741623833,610,0,0,47,3083,414,0.0,0.0,40500,9.0,0.0,0.0,0.0,23
noisy_sensor,ConstrainedBandit,17,30233.10017989417,6.718466706643149,511,0,0,30,1432,374,,0.0,40500,9.0,0.0,0.0,0.0,23
noisy_sensor,GenericEIG,17,31647.14572385218,7.032699049744929,199,0,0,15,1058,190,,,54000,12.0,0.0,0.0,0.0,23
noisy_sensor,ITAC_K_Full,17,20454.527891565496,4.545450642570111,3777,511,82992,113,2777,590,9.0,0.0,53152,11.811555555555556,138.8181380329095,0.03675354462083916,0.006786670353323173,19
noisy_sensor,ITAC_K_LocalOnly,17,20113.292568248336,4.469620570721853,4488,0,58140,121,2869,565,5.0,0.0,53952,11.989333333333333,147.66542471021714,0.032902278233114333,0.007341683327538714,19
noisy_sensor,ITAC_K_GenericVoI_Local,17,20641.289834908086,4.586953296646241,4500,0,48792,123,2810,570,5.0,0.0,54000,12.0,128.60194663297398,0.028578210362883105,0.006230325123165765,19
noisy_sensor,ITAC_K_UnqualifiedRemote,17,20360.480615649296,4.524551247922066,1789,2053,173888,97,2769,403,8.0,0.0,51368,11.415111111111111,117.68225595603275,0.06578102624708371,0.005779935070176135,19
noisy_sensor,ITAC_K_NoKinematics,17,20454.527891565496,4.545450642570111,3777,511,82992,113,2777,590,9.0,0.0,53152,11.811555555555556,138.8181380329095,0.03675354462083916,0.006786670353323173,19
noisy_sensor,ITAC_K_NoHysteresis,17,17877.12546678454,3.972694548174342,3416,247,59660,119,3116,531,5.0,0.0,50652,11.256,147.97904216018875,0.043319391733076335,0.008277563550982055,19
noisy_sensor,Greedy,18,30211.993271874515,6.713776282638781,0,0,0,11,1111,13,,,13500,3.0,0.0,0.0,0.0,23
noisy_sensor,SPI_HCPI,18,30560.951012250553,6.79132244716679,40,0,0,10,1065,18,,,27000,6.0,0.0,0.0,0.0,23
noisy_sensor,DualControl,18,14776.162964007695,3.2835917697794876,609,0,0,47,3058,417,43.0,0.0,40500,9.0,0.0,0.0,0.0,23
noisy_sensor,ConstrainedBandit,18,19739.338356113938,4.386519634691986,488,0,0,29,2470,379,75.0,0.0,40500,9.0,0.0,0.0,0.0,23
noisy_sensor,GenericEIG,18,31322.882106304613,6.960640468067692,183,0,0,16,1076,181,,,54000,12.0,0.0,0.0,0.0,23
noisy_sensor,ITAC_K_Full,18,19618.257381366653,4.3596127514148115,3773,472,78052,117,2913,548,8.0,0.0,52980,11.773333333333333,140.13695591022798,0.03714205033401219,0.007143190813845145,19
noisy_sensor,ITAC_K_LocalOnly,18,20842.593241888833,4.631687387086408,4500,0,53808,121,2811,566,8.0,0.0,54000,12.0,142.55339701852117,0.03167853267078248,0.006839523055702183,19
noisy_sensor,ITAC_K_GenericVoI_Local,18,20842.593241888833,4.631687387086408,4500,0,43320,121,2811,566,8.0,0.0,54000,12.0,122.59479997103507,0.027243288882452237,0.005881936021504638,19
noisy_sensor,ITAC_K_UnqualifiedRemote,18,17301.698894809128,3.8448219766242504,1640,1963,165756,94,2994,392,0.0,0.0,50412,11.202666666666667,124.8400774174071,0.07612199842524824,0.007215480871353145,19
noisy_sensor,ITAC_K_NoKinematics,18,19618.257381366653,4.3596127514148115,3773,472,78052,117,2913,548,8.0,0.0,52980,11.773333333333333,140.13695591022798,0.03714205033401219,0.007143190813845145,19
noisy_sensor,ITAC_K_NoHysteresis,18,19675.099587793844,4.372244352843077,3612,448,75088,114,2887,533,17.0,0.0,52240,11.608888888888888,140.7888459804866,0.0389780858196253,0.007155686574914722,19
noisy_sensor,Greedy,19,26862.552616955156,5.969456137101146,0,0,0,11,1518,8,103.0,0.0,13500,3.0,0.0,0.0,0.0,23
noisy_sensor,SPI_HCPI,19,31053.60373997403,6.90080083110534,40,0,0,10,1078,16,,,27000,6.0,0.0,0.0,0.0,23
noisy_sensor,DualControl,19,18303.92779854466,4.067539510787702,669,0,0,49,2719,433,17.0,0.0,40500,9.0,0.0,0.0,0.0,23
noisy_sensor,ConstrainedBandit,19,15364.053617703876,3.414234137267528,403,0,0,29,2859,350,12.0,0.0,40500,9.0,0.0,0.0,0.0,23
noisy_sensor,GenericEIG,19,31923.811360293475,7.094180302287439,166,0,0,16,1072,191,,,54000,12.0,0.0,0.0,0.0,23
noisy_sensor,ITAC_K_Full,19,18994.23978920811,4.22094217537958,3651,263,62396,119,2982,572,20.0,0.0,51656,11.479111111111111,138.1498108356752,0.037838896421713286,0.007273247698713759,19
noisy_sensor,ITAC_K_LocalOnly,19,19200.610940856168,4.266802431301371,4476,0,54340,114,2987,582,0.0,0.0,53904,11.978666666666667,138.43796157720823,0.030928945839412025,0.007210081075213703,19
noisy_sensor,ITAC_K_GenericVoI_Local,19,19579.40408071487,4.350978684603304,4500,0,43548,119,2923,548,0.0,0.0,54000,12.0,116.25547857772187,0.025834550795049305,0.005937641314233361,19
noisy_sensor,ITAC_K_UnqualifiedRemote,19,16034.579756843648,3.5632399459652553,1552,2303,191672,87,3080,350,0.0,0.0,51420,11.426666666666666,119.11139947554784,0.07674703574455402,0.00742840793346707,19
noisy_sensor,ITAC_K_NoKinematics,19,18994.23978920811,4.22094217537958,3651,263,62396,119,2982,572,20.0,0.0,51656,11.479111111111111,138.1498108356752,0.037838896421713286,0.007273247698713759,19
noisy_sensor,ITAC_K_NoHysteresis,19,20022.68832416752,4.449486294259449,3777,357,68552,114,2828,565,1.0,0.0,52536,11.674666666666667,135.78278134508713,0.03594990239478081,0.006781446084899418,19
noisy_sensor,Greedy,20,30531.79290170781,6.78484286704618,0,0,0,11,1111,11,,,13500,3.0,0.0,0.0,0.0,23
noisy_sensor,SPI_HCPI,20,30797.763312478444,6.843947402772987,40,0,0,10,1070,20,,,27000,6.0,0.0,0.0,0.0,23
noisy_sensor,DualControl,20,14554.306526596263,3.234290339243614,561,0,0,48,3064,407,0.0,0.0,40500,9.0,0.0,0.0,0.0,23
noisy_sensor,ConstrainedBandit,20,20341.52924836941,4.52033983297098,397,0,0,29,2375,348,6.0,0.0,40500,9.0,0.0,0.0,0.0,23
noisy_sensor,GenericEIG,20,27368.35274333143,6.081856165184762,161,0,0,15,1574,176,,0.0,54000,12.0,0.0,0.0,0.0,23
noisy_sensor,ITAC_K_Full,20,17725.905731023864,3.9390901624497476,3471,402,65056,119,3076,656,3.0,0.0,51492,11.442666666666666,136.2229457708562,0.039246022982096285,0.007684963907510741,19
noisy_sensor,ITAC_K_LocalOnly,20,19506.852075867046,4.3348560168593435,4431,0,50236,117,2932,637,7.0,0.0,53724,11.938666666666666,138.25140687405442,0.031200949418653673,0.007087325332470867,19
noisy_sensor,ITAC_K_GenericVoI_Local,20,22379.96226792514,4.973324948427809,4500,0,39824,123,2671,580,0.0,0.0,54000,12.0,115.33555831223283,0.025630124069385075,0.005153518890312484,19
noisy_sensor,ITAC_K_UnqualifiedRemote,20,14421.899401771632,3.2048665337270292,1498,2381,195776,77,3221,380,6.0,0.0,51516,11.448,116.3874134471445,0.07769520256818725,0.008070186194257263,19
noisy_sensor,ITAC_K_NoKinematics,20,17725.905731023864,3.9390901624497476,3471,401,64980,119,3076,656,3.0,0.0,51488,11.441777777777778,136.2333315250503,0.039249015132541136,0.007685549815748757,19
noisy_sensor,ITAC_K_NoHysteresis,20,18355.914919897976,4.079092204421772,3312,271,52060,120,3059,593,1.0,0.0,50332,11.184888888888889,138.82078509978115,0.04191448825476484,0.007562727638778614,19
noisy_sensor,Greedy,21,27893.836798985674,6.198630399774594,0,0,0,10,1406,16,,87.0,13500,3.0,0.0,0.0,0.0,23
noisy_sensor,SPI_HCPI,21,28566.512754876378,6.348113945528084,40,0,0,9,1310,19,,10.0,27000,6.0,0.0,0.0,0.0,23
noisy_sensor,DualControl,21,16533.90151938843,3.6742003376418735,614,0,0,48,2887,417,1.0,0.0,40500,9.0,0.0,0.0,0.0,23
noisy_sensor,ConstrainedBandit,21,25596.41975403283,5.688093278673962,398,0,0,30,1826,366,175.0,0.0,40500,9.0,0.0,0.0,0.0,23
noisy_sensor,GenericEIG,21,30028.959886210116,6.673102196935581,210,0,0,15,1279,193,,48.0,54000,12.0,0.0,0.0,0.0,23
noisy_sensor,ITAC_K_Full,21,19259.31197873281,4.279847106385069,3929,325,69388,104,2902,554,4.0,0.0,53016,11.781333333333333,137.89751427480584,0.03509735664922521,0.0071600436415942504,19
noisy_sensor,ITAC_K_LocalOnly,21,19964.541755085058,4.436564834463346,4410,0,50768,114,2864,561,4.0,0.0,53640,11.92,138.4724756710785,0.03139965434718334,0.00693592056205392,19
noisy_sensor,ITAC_K_GenericVoI_Local,21,20911.75220958633,4.647056046574741,4500,0,40736,121,2813,560,3.0,0.0,54000,12.0,115.22447194059272,0.025605438209020604,0.005510034299649539,19
noisy_sensor,ITAC_K_UnqualifiedRemote,21,12600.803062840367,2.80017845840897,1419,2562,215004,72,3424,255,0.0,0.0,51924,11.538666666666666,120.15215850535533,0.08467382558516937,0.009535277863335771,19
noisy_sensor,ITAC_K_NoKinematics,21,19259.31197873281,4.279847106385069,3929,325,69388,104,2902,554,4.0,0.0,53016,11.781333333333333,137.89751427480584,0.03509735664922521,0.0071600436415942504,19
noisy_sensor,ITAC_K_NoHysteresis,21,20037.549704152527,4.452788823145006,3707,260,60192,111,2869,559,1.0,0.0,51868,11.526222222222222,138.32573997245078,0.037314739674251626,0.00690332610597515,19
noisy_sensor,Greedy,22,27258.99845245786,6.057555211657302,0,0,0,11,1468,12,153.0,0.0,13500,3.0,0.0,0.0,0.0,23
noisy_sensor,SPI_HCPI,22,31284.302079588662,6.952067128797481,40,0,0,10,1032,20,,,27000,6.0,0.0,0.0,0.0,23
noisy_sensor,DualControl,22,15045.303218101644,3.343400715133699,683,0,0,50,3051,428,4.0,0.0,40500,9.0,0.0,0.0,0.0,23
noisy_sensor,ConstrainedBandit,22,21319.12312664128,4.7375829170313954,462,0,0,28,2289,350,23.0,0.0,40500,9.0,0.0,0.0,0.0,23
noisy_sensor,GenericEIG,22,30298.677970916848,6.7330395490926325,201,0,0,15,1259,179,,74.0,54000,12.0,0.0,0.0,0.0,23
noisy_sensor,ITAC_K_Full,22,19249.486420773068,4.277663649060682,3865,392,77216,113,2961,553,8.0,0.0,53028,11.784,143.572202625256,0.037146753589975684,0.007458495228751671,19
noisy_sensor,ITAC_K_LocalOnly,22,22319.692463024458,4.95993165844988,4411,0,53504,123,2745,601,1.0,0.0,53644,11.92088888888889,140.65248921222965,0.03188675792614592,0.006301721649849756,19
noisy_sensor,ITAC_K_GenericVoI_Local,22,22971.112442631293,5.104691653918065,4500,0,45676,130,2697,556,1.0,0.0,54000,12.0,120.73934473237816,0.026830965496084033,0.0052561383360912985,19
noisy_sensor,ITAC_K_UnqualifiedRemote,22,20285.65685022677,4.507923744494837,1372,2343,192812,83,2688,327,2.0,0.0,50860,11.302222222222222,111.77066639136426,0.08146550028525092,0.005509837182822838,19
noisy_sensor,ITAC_K_NoKinematics,22,19249.486420773068,4.277663649060682,3865,392,77216,113,2961,553,8.0,0.0,53028,11.784,143.572202625256,0.037146753589975684,0.007458495228751671,19
noisy_sensor,ITAC_K_NoHysteresis,22,19196.902643225887,4.265978365161308,3569,407,71820,107,2927,533,4.0,0.0,51904,11.534222222222223,141.2168431665906,0.03956762206965273,0.007356230626945568,19
noisy_sensor,Greedy,23,21920.472442378723,4.871216098306383,0,0,0,10,2015,11,42.0,0.0,13500,3.0,0.0,0.0,0.0,23
noisy_sensor,SPI_HCPI,23,26896.41007053468,5.976980015674373,40,0,0,9,1430,15,124.0,0.0,27000,6.0,0.0,0.0,0.0,23
noisy_sensor,DualControl,23,14374.68444764726,3.194374321699391,633,0,0,46,3067,396,12.0,0.0,40500,9.0,0.0,0.0,0.0,23
noisy_sensor,ConstrainedBandit,23,25937.10193658347,5.763800430351882,497,0,0,29,1808,354,134.0,0.0,40500,9.0,0.0,0.0,0.0,23
noisy_sensor,GenericEIG,23,27653.991613731465,6.145331469718103,208,0,0,15,1481,187,105.0,0.0,54000,12.0,0.0,0.0,0.0,23
noisy_sensor,ITAC_K_Full,23,18276.453216719226,4.061434048159828,3672,419,77140,110,3041,582,1.0,0.0,52364,11.636444444444445,144.4247523728843,0.0393313595786722,0.007902230846451384,19
noisy_sensor,ITAC_K_LocalOnly,23,21388.49590255487,4.752999089456638,4473,0,53732,114,2699,557,1.0,0.0,53892,11.976,140.21974340612292,0.031348031166135236,0.006555848716289282,19
noisy_sensor,ITAC_K_GenericVoI_Local,23,22200.293200762088,4.933398489058241,4500,0,44840,119,2641,555,4.0,0.0,54000,12.0,120.98468402201154,0.026885485338224786,0.0054496885661788645,19
noisy_sensor,ITAC_K_UnqualifiedRemote,23,13838.752321205962,3.075278293601325,1288,2274,188176,66,3233,363,1.0,0.0,50248,11.166222222222222,125.21798057881276,0.09721892902081736,0.00904835766060598,19
noisy_sensor,ITAC_K_NoKinematics,23,18276.453216719226,4.061434048159828,3672,418,77064,110,3041,582,1.0,0.0,52360,11.635555555555555,144.44118076001257,0.03933583354030844,0.007903129729124814,19
noisy_sensor,ITAC_K_NoHysteresis,23,18834.551866404134,4.18545597031203,3507,311,65664,105,2929,550,1.0,0.0,51272,11.393777777777778,141.95123849478128,0.040476543625543565,0.0075367462683295795,19
noisy_sensor,Greedy,24,30535.357462661683,6.785634991702596,0,0,0,11,1111,9,,,13500,3.0,0.0,0.0,0.0,23
noisy_sensor,SPI_HCPI,24,31095.104009250666,6.910023113166814,40,0,0,10,1032,20,,,27000,6.0,0.0,0.0,0.0,23
noisy_sensor,DualControl,24,26419.916947700225,5.871092655044494,775,0,0,51,1914,455,107.0,0.0,40500,9.0,0.0,0.0,0.0,23
noisy_sensor,ConstrainedBandit,24,24101.588205154625,5.355908490034361,497,0,0,29,2031,372,45.0,0.0,40500,9.0,0.0,0.0,0.0,23
noisy_sensor,GenericEIG,24,28537.282153123047,6.341618256249566,235,0,0,16,1468,187,,20.0,54000,12.0,0.0,0.0,0.0,23
noisy_sensor,ITAC_K_Full,24,18533.8389531833,4.118630878485178,3739,405,74176,114,3016,613,1.0,0.0,52576,11.683555555555555,140.3770631502114,0.03754401261038016,0.007574095334744493,19
noisy_sensor,ITAC_K_LocalOnly,24,21097.53348764571,4.68834077503238,4411,0,51072,117,2791,564,1.0,0.0,53644,11.92088888888889,139.54226888335648,0.03163506435804953,0.006614150842091073,19
noisy_sensor,ITAC_K_GenericVoI_Local,24,20912.034833624613,4.647118851916581,4500,0,41572,119,2781,531,1.0,0.0,54000,12.0,116.94816573400747,0.025988481274223884,0.005592385756070264,19
noisy_sensor,ITAC_K_UnqualifiedRemote,24,14506.267389597167,3.2236149754660373,1807,1421,122968,93,3306,439,1.0,0.0,48912,10.869333333333334,131.93121875194765,0.07301118912670042,0.009094773673244095,19
noisy_sensor,ITAC_K_NoKinematics,24,18533.8389531833,4.118630878485178,3739,405,74176,114,3016,613,1.0,0.0,52576,11.683555555555555,140.3770631502114,0.03754401261038016,0.007574095334744493,19
noisy_sensor,ITAC_K_NoHysteresis,24,18152.51674702259,4.033892610449464,3530,293,61864,111,3014,529,1.0,0.0,51292,11.398222222222222,140.35268909308698,0.039759968581611044,0.007731858400081514,19
noisy_sensor,Greedy,25,30423.627546480257,6.760806121440057,0,0,0,13,1113,12,,,13500,3.0,0.0,0.0,0.0,23
noisy_sensor,SPI_HCPI,25,31063.5776154281,6.903017247872912,40,0,0,10,1018,18,,,27000,6.0,0.0,0.0,0.0,23
noisy_sensor,DualControl,25,19771.35016546092,4.393633370102427,668,0,0,52,2554,440,17.0,0.0,40500,9.0,0.0,0.0,0.0,23
noisy_sensor,ConstrainedBandit,25,19185.977902748924,4.263550645055316,430,0,0,30,2462,363,127.0,0.0,40500,9.0,0.0,0.0,0.0,23
noisy_sensor,GenericEIG,25,31900.92437383503,7.0890943052966735,233,0,0,17,1064,208,,,54000,12.0,0.0,0.0,0.0,23
noisy_sensor,ITAC_K_Full,25,19157.206841914922,4.257157075981094,3729,417,72580,109,2884,547,6.0,0.0,52584,11.685333333333332,142.07938588309378,0.03810120297213564,0.007416497981962164,19
noisy_sensor,ITAC_K_LocalOnly,25,18990.545639820622,4.220121253293471,4452,0,58748,119,2959,545,6.0,0.0,53808,11.957333333333333,147.45889585862764,0.033121944262944215,0.007764858296089511,19
noisy_sensor,ITAC_K_GenericVoI_Local,25,19154.94183778695,4.2566537417304335,4500,0,48716,119,2947,531,6.0,0.0,54000,12.0,129.6857191007669,0.028819048689059313,0.006770353060792694,19
noisy_sensor,ITAC_K_UnqualifiedRemote,25,18462.552180985855,4.102789373552413,1632,1800,152152,103,2846,436,2.0,0.0,49728,11.050666666666666,128.62718519851938,0.07881567720497511,0.0069669233125304025,19
noisy_sensor,ITAC_K_NoKinematics,25,19157.206841914922,4.257157075981094,3729,417,72580,109,2884,547,6.0,0.0,52584,11.685333333333332,142.07938588309378,0.03810120297213564,0.007416497981962164,19
noisy_sensor,ITAC_K_NoHysteresis,25,19226.33101444248,4.27251800320944,3412,331,62092,120,2892,566,3.0,0.0,50972,11.327111111111112,141.93749391232868,0.041599499974305,0.007382453459565829,19
noisy_sensor,Greedy,26,30005.508694489363,6.667890820997636,0,0,0,10,1110,9,,,13500,3.0,0.0,0.0,0.0,23
noisy_sensor,SPI_HCPI,26,26636.604688152776,5.919245486256172,40,0,0,8,1454,17,58.0,0.0,27000,6.0,0.0,0.0,0.0,23
noisy_sensor,DualControl,26,14235.090074199987,3.163353349822219,599,0,0,47,3136,419,29.0,0.0,40500,9.0,0.0,0.0,0.0,23
noisy_sensor,ConstrainedBandit,26,22481.537064230088,4.995897125384464,484,0,0,29,2193,386,23.0,0.0,40500,9.0,0.0,0.0,0.0,23
noisy_sensor,GenericEIG,26,29447.257211450913,6.543834935877981,167,0,0,15,1278,193,,40.0,54000,12.0,0.0,0.0,0.0,23
noisy_sensor,ITAC_K_Full,26,21174.261786321873,4.705391508071528,3875,329,69008,122,2783,570,7.0,0.0,52816,11.736888888888888,140.3819707585708,0.036227605357050524,0.006629840141546497,19
noisy_sensor,ITAC_K_LocalOnly,26,22213.120262348337,4.93624894718852,4493,0,54264,123,2681,587,8.0,0.0,53972,11.993777777777778,141.01592666557175,0.03138569478423587,0.006348316895605001,19
noisy_sensor,ITAC_K_GenericVoI_Local,26,23384.08754744575,5.196463899432389,4500,0,43700,123,2572,561,8.0,0.0,54000,12.0,120.23187247431642,0.026718193883181425,0.005141610602952493,19
noisy_sensor,ITAC_K_UnqualifiedRemote,26,17726.77866383246,3.939284147518325,1487,2091,177384,89,2962,363,15.0,0.0,50312,11.180444444444445,122.77521131270419,0.08256571036496582,0.0069259741795727175,19
noisy_sensor,ITAC_K_NoKinematics,26,21174.261786321873,4.705391508071528,3875,329,69008,122,2783,570,7.0,0.0,52816,11.736888888888888,140.3819707585708,0.036227605357050524,0.006629840141546497,19
noisy_sensor,ITAC_K_NoHysteresis,26,19136.430291821634,4.252540064849252,3805,305,67564,113,2925,639,3.0,0.0,52440,11.653333333333334,143.87513778539554,0.03781212556777806,0.007518389563328521,19
noisy_sensor,Greedy,27,30681.24716755323,6.81805492612294,0,0,0,11,1111,17,,,13500,3.0,0.0,0.0,0.0,23
noisy_sensor,SPI_HCPI,27,30977.289944688382,6.8838422099307515,40,0,0,10,1064,20,,,27000,6.0,0.0,0.0,0.0,23
noisy_sensor,DualControl,27,19562.951878453572,4.347322639656349,704,0,0,49,2564,456,47.0,0.0,40500,9.0,0.0,0.0,0.0,23
noisy_sensor,ConstrainedBandit,27,29777.71238285675,6.617269418412611,532,0,0,29,1456,366,71.0,0.0,40500,9.0,0.0,0.0,0.0,23
noisy_sensor,GenericEIG,27,31973.091424383478,7.105131427640773,211,0,0,15,1058,203,,,54000,12.0,0.0,0.0,0.0,23
noisy_sensor,ITAC_K_Full,27,20114.21737347115,4.469826082993589,3917,318,64372,114,2849,585,2.0,0.0,52940,11.764444444444445,127.26742722240908,0.032491046010316334,0.0063272373396075264,19
noisy_sensor,ITAC_K_LocalOnly,27,22280.176466279103,4.951150325839801,4441,0,44764,122,2684,582,2.0,0.0,53764,11.947555555555555,127.43584758553195,0.02869530456778472,0.005719696510411632,19
noisy_sensor,ITAC_K_GenericVoI_Local,27,21976.230462110416,4.88360676935787,4500,0,35112,132,2734,580,3.0,0.0,54000,12.0,106.70869950548988,0.023713044334553304,0.004855641630145266,19
noisy_sensor,ITAC_K_UnqualifiedRemote,27,18005.35950702297,4.00119100156066,1569,2170,178904,94,2904,417,0.0,0.0,50956,11.323555555555556,111.57856824897584,0.07111444757742245,0.0061969641986573355,19
noisy_sensor,ITAC_K_NoKinematics,27,20114.21737347115,4.469826082993589,3917,318,64372,114,2849,585,2.0,0.0,52940,11.764444444444445,127.26742722240908,0.032491046010316334,0.0063272373396075264,19
noisy_sensor,ITAC_K_NoHysteresis,27,20877.896001162222,4.639532444702716,3604,242,52060,119,2827,588,2.0,0.0,51384,11.418666666666667,126.05057048698482,0.03497518603967392,0.006037513094229796,19
noisy_sensor,Greedy,28,30435.963874670626,6.763547527704583,0,0,0,11,1111,7,,,13500,3.0,0.0,0.0,0.0,23
noisy_sensor,SPI_HCPI,28,30913.573636502366,6.869683030333859,40,0,0,10,1045,18,,,27000,6.0,0.0,0.0,0.0,23
noisy_sensor,DualControl,28,14961.268630506436,3.3247263623347636,540,0,0,48,3014,431,25.0,0.0,40500,9.0,0.0,0.0,0.0,23
noisy_sensor,ConstrainedBandit,28,30071.939086838833,6.68265313040863,529,0,0,31,1432,353,,79.0,40500,9.0,0.0,0.0,0.0,23
noisy_sensor,GenericEIG,28,31584.614470113815,7.0188032155808475,181,0,0,16,1061,199,,,54000,12.0,0.0,0.0,0.0,23
noisy_sensor,ITAC_K_Full,28,18462.904862484367,4.102867747218748,3829,450,78584,124,3068,551,1.0,0.0,53116,11.803555555555555,146.34639323756483,0.03822052578677587,0.007926509632562364,19
noisy_sensor,ITAC_K_LocalOnly,28,19029.154306207765,4.228700956935059,4396,0,57000,120,3011,560,0.0,0.0,53584,11.907555555555556,148.64658784435457,0.0338140554695984,0.007811518339302262,19
noisy_sensor,ITAC_K_GenericVoI_Local,28,19788.711643061175,4.397491476235817,4500,0,47120,117,2918,553,0.0,0.0,54000,12.0,124.87265312007635,0.02774947847112808,0.006310297273135636,19
noisy_sensor,ITAC_K_UnqualifiedRemote,28,16910.948961439903,3.757988658097756,1311,2495,203148,75,2992,353,1.0,0.0,51224,11.383111111111111,121.0173455391836,0.09230918805429718,0.007156153437345566,19
noisy_sensor,ITAC_K_NoKinematics,28,18462.904862484367,4.102867747218748,3829,450,78584,124,3068,551,1.0,0.0,53116,11.803555555555555,146.34639323756483,0.03822052578677587,0.007926509632562364,19
noisy_sensor,ITAC_K_NoHysteresis,28,16948.15776346049,3.766257280768998,3329,508,79648,109,3182,528,1.0,0.0,51348,11.410666666666666,147.84930402136868,0.0444125274921504,0.008723620943635864,19
noisy_sensor,Greedy,29,26156.359214699773,5.812524269933283,0,0,0,11,1562,8,59.0,0.0,13500,3.0,0.0,0.0,0.0,23
noisy_sensor,SPI_HCPI,29,30886.423487078628,6.86364966379525,40,0,0,10,1072,18,,,27000,6.0,0.0,0.0,0.0,23
noisy_sensor,DualControl,29,16909.033215504453,3.757562936778767,654,0,0,50,2845,417,16.0,0.0,40500,9.0,0.0,0.0,0.0,23
noisy_sensor,ConstrainedBandit,29,17313.11137918922,3.8473580842642714,523,0,0,30,2708,381,61.0,0.0,40500,9.0,0.0,0.0,0.0,23
noisy_sensor,GenericEIG,29,18846.51472498164,4.188114383329253,160,0,0,15,2382,172,34.0,0.0,54000,12.0,0.0,0.0,0.0,23
noisy_sensor,ITAC_K_Full,29,19387.820526183048,4.308404561374011,3930,366,73340,122,2925,554,5.0,0.0,53184,11.818666666666667,138.41322277862633,0.03521964956199143,0.007139184241555193,19
noisy_sensor,ITAC_K_LocalOnly,29,21301.973221069824,4.733771826904405,4451,0,51376,123,2765,589,3.0,0.0,53804,11.956444444444445,138.2861480073172,0.031068557179806156,0.006491706029868542,19
noisy_sensor,ITAC_K_GenericVoI_Local,29,22014.066706570244,4.892014823682277,4500,0,42256,123,2706,571,3.0,0.0,54000,12.0,117.37102344858286,0.026082449655240637,0.00533163749401889,19
noisy_sensor,ITAC_K_UnqualifiedRemote,29,15441.25168157053,3.4313892625712286,1431,2243,185060,84,3142,354,0.0,0.0,50696,11.265777777777778,121.71001845051258,0.08505242379490746,0.007882134231111337,19
noisy_sensor,ITAC_K_NoKinematics,29,19387.820526183048,4.308404561374011,3930,365,73264,122,2925,554,5.0,0.0,53180,11.817777777777778,138.42479490076096,0.03522259412233103,0.007139781117419554,19
noisy_sensor,ITAC_K_NoHysteresis,29,19517.385823432807,4.337196849651735,3613,351,67412,114,2911,580,4.0,0.0,51856,11.523555555555555,138.6425770422243,0.03837325686194971,0.007103542364560338,19
high_node_heterogeneity,Greedy,0,28926.68876260548,6.428153058356774,0,0,0,10,1110,5,,,13500,3.0,0.0,0.0,0.0,23
high_node_heterogeneity,SPI_HCPI,0,24192.940669192914,5.376209037598425,40,0,0,9,1566,19,9.0,0.0,27000,6.0,0.0,0.0,0.0,23
high_node_heterogeneity,DualControl,0,22318.528690677333,4.95967304237274,399,0,0,49,2038,425,6.0,0.0,40500,9.0,0.0,0.0,0.0,23
high_node_heterogeneity,ConstrainedBandit,0,30172.4707048311,6.704993489962466,249,0,0,30,1132,344,,150.0,40500,9.0,0.0,0.0,0.0,23
high_node_heterogeneity,GenericEIG,0,29683.987773971217,6.596441727549159,97,0,0,15,1080,176,,,54000,12.0,0.0,0.0,0.0,23
high_node_heterogeneity,ITAC_K_Full,0,19195.754620211603,4.265723248935911,4208,286,28044,175,2938,705,9.0,0.0,53976,11.994666666666667,55.55771861707528,0.013202879899495076,0.0028942711404831892,19
high_node_heterogeneity,ITAC_K_LocalOnly,0,18511.04951425919,4.113566558724265,4482,0,7600,178,3011,707,2.0,0.0,53928,11.984,56.93817340282455,0.012703742392419578,0.0030759019556921762,19
high_node_heterogeneity,ITAC_K_GenericVoI_Local,0,17918.526503870406,3.981894778637868,4500,0,8132,176,3043,695,2.0,0.0,54000,12.0,54.8197554072305,0.012182167868273445,0.0030593896990017246,19
high_node_heterogeneity,ITAC_K_UnqualifiedRemote,0,14556.156987656888,3.2347015528126417,2726,610,50312,148,3206,588,2.0,0.0,49344,10.965333333333334,51.89358814584197,0.019036532702069685,0.0035650610384214674,19
high_node_heterogeneity,ITAC_K_NoKinematics,0,19195.754620211603,4.265723248935911,4208,286,28044,175,2938,705,9.0,0.0,53976,11.994666666666667,55.55771861707528,0.013202879899495076,0.0028942711404831892,19
high_node_heterogeneity,ITAC_K_NoHysteresis,0,18558.215063351283,4.1240477918558405,3669,283,27968,152,2924,658,6.0,0.0,51808,11.512888888888888,56.022036074745586,0.015269020461909399,0.003018718981513355,19
high_node_heterogeneity,Greedy,1,28855.274114038504,6.412283136453001,0,0,0,10,1110,5,,,13500,3.0,0.0,0.0,0.0,23
high_node_heterogeneity,SPI_HCPI,1,29569.291005562583,6.570953556791685,40,0,0,10,1035,18,,,27000,6.0,0.0,0.0,0.0,23
high_node_heterogeneity,DualControl,1,29075.858208614598,6.461301824136577,413,0,0,50,1323,465,175.0,0.0,40500,9.0,0.0,0.0,0.0,23
high_node_heterogeneity,ConstrainedBandit,1,30632.87398026455,6.8073053289476775,237,0,0,30,1066,346,,219.0,40500,9.0,0.0,0.0,0.0,23
high_node_heterogeneity,GenericEIG,1,29653.655448673813,6.589701210816403,102,0,0,15,1078,175,,,54000,12.0,0.0,0.0,0.0,23
high_node_heterogeneity,ITAC_K_Full,1,18114.724185147123,4.025494263366027,3685,213,23028,176,2997,742,4.0,0.0,51592,11.464888888888888,53.406423089571035,0.014492923497848314,0.0029482327494315796,19
high_node_heterogeneity,ITAC_K_LocalOnly,1,19459.133565951623,4.324251903544805,4409,0,7296,168,2882,742,3.0,0.0,53636,11.91911111111111,54.343574337959936,0.012325600893163969,0.0027927026737226846,19
high_node_heterogeneity,ITAC_K_GenericVoI_Local,1,19639.35006699861,4.36430001488858,4498,0,7980,168,2855,714,3.0,0.0,53992,11.998222222222223,54.82417746644613,0.012188567689294383,0.002791547443241061,19
high_node_heterogeneity,ITAC_K_UnqualifiedRemote,1,14230.15937194255,3.1622576382094554,2690,631,54036,151,3217,603,0.0,0.0,49284,10.952,51.73403628715376,0.019231983749871284,0.003635520512100321,19
high_node_heterogeneity,ITAC_K_NoKinematics,1,18114.724185147123,4.025494263366027,3685,213,23028,176,2997,742,4.0,0.0,51592,11.464888888888888,53.406423089571035,0.014492923497848314,0.0029482327494315796,19
high_node_heterogeneity,ITAC_K_NoHysteresis,1,16777.797439278555,3.7283994309507897,3091,210,22952,161,3081,669,4.0,0.0,49204,10.934222222222223,54.388220330142964,0.017595671410593,0.003241678207582512,19
high_node_heterogeneity,Greedy,2,28841.761285111144,6.409280285580254,0,0,0,11,1111,11,,,13500,3.0,0.0,0.0,0.0,23
high_node_heterogeneity,SPI_HCPI,2,31058.264243545473,6.90183649856566,32,0,0,8,865,16,,,27000,6.0,0.0,0.0,0.0,23
high_node_heterogeneity,DualControl,2,26741.690948247982,5.942597988499552,380,0,0,50,1555,446,34.0,0.0,40500,9.0,0.0,0.0,0.0,23
high_node_heterogeneity,ConstrainedBandit,2,30027.170235458696,6.672704496768599,253,0,0,30,1139,362,,140.0,40500,9.0,0.0,0.0,0.0,23
high_node_heterogeneity,GenericEIG,2,29571.168986770983,6.571370885949107,100,0,0,15,1077,188,,,54000,12.0,0.0,0.0,0.0,23
high_node_heterogeneity,ITAC_K_Full,2,18153.672460921014,4.034149435760225,3616,271,28576,173,3010,683,12.0,0.0,51548,11.455111111111112,63.02214891418172,0.01742869162449716,0.0034715922659642575,19
high_node_heterogeneity,ITAC_K_LocalOnly,2,19757.2176381257,4.390492808472378,4424,0,10792,167,2861,720,0.0,0.0,53696,11.932444444444444,62.94124550470142,0.014227225475746253,0.0031857342798736533,19
high_node_heterogeneity,ITAC_K_GenericVoI_Local,2,19772.48018735109,4.39388448607802,4500,0,10564,175,2837,679,3.0,0.0,54000,12.0,64.63931352976515,0.014364291895503365,0.003269155559509241,19
high_node_heterogeneity,ITAC_K_UnqualifiedRemote,2,12622.783633382222,2.8050630296404937,1817,895,74404,110,3254,455,0.0,0.0,46848,10.410666666666666,60.55668880850422,0.03332784194193958,0.004797411614372915,19
high_node_heterogeneity,ITAC_K_NoKinematics,2,18153.672460921014,4.034149435760225,3616,271,28576,173,3010,683,12.0,0.0,51548,11.455111111111112,63.02214891418172,0.01742869162449716,0.0034715922659642575,19
high_node_heterogeneity,ITAC_K_NoHysteresis,2,18003.29520931271,4.000732268736158,3102,174,19988,142,2921,578,0.0,0.0,49104,10.912,63.061878131169784,0.020329425574200446,0.0035027964268757456,19
high_node_heterogeneity,Greedy,3,28750.169523389486,6.3889265607532195,0,0,0,11,1111,9,,,13500,3.0,0.0,0.0,0.0,23
high_node_heterogeneity,SPI_HCPI,3,30940.489979393897,6.87566443986531,32,0,0,8,865,14,,,27000,6.0,0.0,0.0,0.0,23
high_node_heterogeneity,DualControl,3,20656.89778496112,4.59042172999136,344,0,0,49,2144,424,3.0,0.0,40500,9.0,0.0,0.0,0.0,23
high_node_heterogeneity,ConstrainedBandit,3,27992.73141897193,6.220606981993762,274,0,0,30,1328,342,,0.0,40500,9.0,0.0,0.0,0.0,23
high_node_heterogeneity,GenericEIG,3,27485.556277807675,6.107901395068372,117,0,0,15,1292,187,,31.0,54000,12.0,0.0,0.0,0.0,23
high_node_heterogeneity,ITAC_K_Full,3,17000.692804396476,3.7779317343103282,3431,175,22724,171,3104,661,0.0,0.0,50424,11.205333333333334,63.776616225280875,0.018588346320396642,0.0037514127782361834,19
high_node_heterogeneity,ITAC_K_LocalOnly,3,19873.339710138713,4.416297713364158,4455,0,11704,176,2864,735,9.0,0.0,53820,11.96,64.03132489649136,0.014372912434678194,0.0032219710340796277,19
high_node_heterogeneity,ITAC_K_GenericVoI_Local,3,20353.129231768784,4.52291760705973,4500,0,11780,176,2819,715,9.0,0.0,54000,12.0,64.55587488986706,0.014345749975526012,0.0031717911361316916,19
high_node_heterogeneity,ITAC_K_UnqualifiedRemote,3,12495.543195295359,2.776787376732302,1734,940,79800,130,3326,408,0.0,0.0,46696,10.376888888888889,61.18049306778437,0.03528286797450079,0.004896185152704619,19
high_node_heterogeneity,ITAC_K_NoKinematics,3,17000.692804396476,3.7779317343103282,3431,175,22724,171,3104,661,0.0,0.0,50424,11.205333333333334,63.776616225280875,0.018588346320396642,0.0037514127782361834,19
high_node_heterogeneity,ITAC_K_NoHysteresis,3,15874.5127293407,3.5276694954090444,2885,177,21432,164,3211,571,0.0,0.0,48248,10.721777777777778,64.38466808780805,0.022317042664751492,0.004055851614821948,19
high_node_heterogeneity,Greedy,4,28913.828342517667,6.425295187226149,0,0,0,10,1110,9,,,13500,3.0,0.0,0.0,0.0,23
high_node_heterogeneity,SPI_HCPI,4,31227.51108516889,6.939446907815309,33,0,0,9,858,18,,,27000,6.0,0.0,0.0,0.0,23
high_node_heterogeneity,DualControl,4,31971.810004367097,7.1048466676371325,420,0,0,50,1076,481,,161.0,40500,9.0,0.0,0.0,0.0,23
high_node_heterogeneity,ConstrainedBandit,4,31024.58918088085,6.894353151306855,215,0,0,30,1026,345,,,40500,9.0,0.0,0.0,0.0,23
high_node_heterogeneity,GenericEIG,4,29667.5031259727,6.592778472438378,92,0,0,15,1079,173,,,54000,12.0,0.0,0.0,0.0,23
high_node_heterogeneity,ITAC_K_Full,4,18937.132068351533,4.208251570744785,3697,156,19228,172,2929,732,0.0,0.0,51412,11.424888888888889,60.3531101650905,0.01632488779147701,0.0031870248328655293,19
high_node_heterogeneity,ITAC_K_LocalOnly,4,20166.44042448586,4.481431205441302,4361,0,8664,173,2810,757,0.0,0.0,53444,11.876444444444445,60.42376073734424,0.013855482856533877,0.0029962531545219256,19
high_node_heterogeneity,ITAC_K_GenericVoI_Local,4,20911.979327844703,4.647106517298823,4500,0,9272,176,2753,714,0.0,0.0,54000,12.0,62.532989412021365,0.013896219869338082,0.0029902951046225207,19
high_node_heterogeneity,ITAC_K_UnqualifiedRemote,4,15768.878639972907,3.5041952533273126,2615,664,55708,153,3112,648,0.0,0.0,49116,10.914666666666667,57.27690658487569,0.02190321475521059,0.0036322751853567503,19
high_node_heterogeneity,ITAC_K_NoKinematics,4,18937.132068351533,4.208251570744785,3697,156,19228,172,2929,732,0.0,0.0,51412,11.424888888888889,60.3531101650905,0.01632488779147701,0.0031870248328655293,19
high_node_heterogeneity,ITAC_K_NoHysteresis,4,17392.567228931883,3.8650149397626405,3126,142,17860,153,3007,596,0.0,0.0,49072,10.90488888888889,62.410306495948035,0.0199649093077249,0.003588332054403724,19
high_node_heterogeneity,Greedy,5,28975.070354854015,6.438904523300892,0,0,0,10,1110,7,,,13500,3.0,0.0,0.0,0.0,23
high_node_heterogeneity,SPI_HCPI,5,30074.605947179003,6.683245766039779,40,0,0,10,991,16,,,27000,6.0,0.0,0.0,0.0,23
high_node_heterogeneity,DualControl,5,18551.033686683873,4.122451930374194,386,0,0,49,2371,437,21.0,0.0,40500,9.0,0.0,0.0,0.0,23
high_node_heterogeneity,ConstrainedBandit,5,27015.7022149945,6.003489381109889,227,0,0,30,1430,346,,0.0,40500,9.0,0.0,0.0,0.0,23
high_node_heterogeneity,GenericEIG,5,29773.737814259097,6.616386180946466,100,0,0,15,1080,166,,,54000,12.0,0.0,0.0,0.0,23
high_node_heterogeneity,ITAC_K_Full,5,16444.50968802921,3.6543354862287134,3403,228,24928,169,3181,685,9.0,0.0,50524,11.227555555555556,60.43862101959366,0.017760394069818882,0.0036753069666522185,19
high_node_heterogeneity,ITAC_K_LocalOnly,5,20985.65754820414,4.663479455156476,3924,0,9652,154,2713,664,6.0,0.0,51696,11.488,60.52638948028155,0.015424666024536583,0.00288417884172808,19
high_node_heterogeneity,ITAC_K_GenericVoI_Local,5,20331.795233559664,4.518176718568814,4500,0,10488,167,2839,678,6.0,0.0,54000,12.0,61.5131567426119,0.013669590387247089,0.0030254660759655044,19
high_node_heterogeneity,ITAC_K_UnqualifiedRemote,5,13593.252654480872,3.0207228121068606,2627,679,58216,142,3267,591,1.0,0.0,49224,10.938666666666666,58.19219456795383,0.022151577680987373,0.004280961742351739,19
high_node_heterogeneity,ITAC_K_NoKinematics,5,16444.50968802921,3.6543354862287134,3403,228,24928,169,3181,685,9.0,0.0,50524,11.227555555555556,60.43862101959366,0.017760394069818882,0.0036753069666522185,19
high_node_heterogeneity,ITAC_K_NoHysteresis,5,14668.024867115379,3.2595610815811953,2586,161,19456,140,3228,617,5.0,0.0,46988,10.441777777777778,62.79801337512439,0.024283841212345086,0.004281286263422751,19
high_node_heterogeneity,Greedy,6,28758.941207088286,6.390875823797397,0,0,0,11,1111,11,,,13500,3.0,0.0,0.0,0.0,23
high_node_heterogeneity,SPI_HCPI,6,30919.48292270045,6.870996205044544,32,0,0,8,869,16,,,27000,6.0,0.0,0.0,0.0,23
high_node_heterogeneity,DualControl,6,27892.798453191645,6.19839965626481,398,0,0,50,1466,476,,11.0,40500,9.0,0.0,0.0,0.0,23
high_node_heterogeneity,ConstrainedBandit,6,30818.37290485449,6.848527312189886,238,0,0,30,1037,339,,242.0,40500,9.0,0.0,0.0,0.0,23
high_node_heterogeneity,GenericEIG,6,29574.94329597888,6.57220962132864,112,0,0,15,1076,189,,,54000,12.0,0.0,0.0,0.0,23
high_node_heterogeneity,ITAC_K_Full,6,16201.130028942052,3.6002511175426783,3513,225,25156,178,3191,712,0.0,0.0,50952,11.322666666666667,59.696339588867154,0.016992980241635966,0.003684702207946255,19
high_node_heterogeneity,ITAC_K_LocalOnly,6,19581.923851238073,4.3515386336084605,4385,0,9500,181,2920,741,6.0,0.0,53540,11.897777777777778,60.45799232372832,0.01378745549001786,0.003087438843242455,19
high_node_heterogeneity,ITAC_K_GenericVoI_Local,6,19332.201417342723,4.296044759409494,4500,0,9880,184,2914,710,2.0,0.0,54000,12.0,60.57683789159512,0.013461519531465582,0.0031334681748790517,19
high_node_heterogeneity,ITAC_K_UnqualifiedRemote,6,13121.202664503064,2.9158228143340144,2270,795,68172,153,3312,540,1.0,0.0,48260,10.724444444444444,56.55498121335675,0.024914088640245264,0.004310197979515671,19
high_node_heterogeneity,ITAC_K_NoKinematics,6,16201.130028942052,3.6002511175426783,3513,225,25156,178,3191,712,0.0,0.0,50952,11.322666666666667,59.696339588867154,0.016992980241635966,0.003684702207946255,19
high_node_heterogeneity,ITAC_K_NoHysteresis,6,16340.639489951236,3.6312532199891634,3319,193,22496,170,3156,643,1.0,0.0,50048,11.121777777777778,60.299799436878914,0.01816806249981287,0.0036901737826087284,19
high_node_heterogeneity,Greedy,7,28802.02748589942,6.400450552422093,0,0,0,10,1110,5,,,13500,3.0,0.0,0.0,0.0,23
high_node_heterogeneity,SPI_HCPI,7,29300.318530881956,6.5111818957515455,40,0,0,10,1058,18,,,27000,6.0,0.0,0.0,0.0,23
high_node_heterogeneity,DualControl,7,29694.848659647734,6.598855257699497,389,0,0,50,1291,451,,77.0,40500,9.0,0.0,0.0,0.0,23
high_node_heterogeneity,ConstrainedBandit,7,30919.30794965714,6.870957322146031,232,0,0,30,1033,336,,,40500,9.0,0.0,0.0,0.0,23
high_node_heterogeneity,GenericEIG,7,29591.103924289047,6.5758008720642325,104,0,0,15,1078,180,,,54000,12.0,0.0,0.0,0.0,23
high_node_heterogeneity,ITAC_K_Full,7,18029.789128574594,4.00661980634991,3866,210,23408,173,3034,692,0.0,0.0,52304,11.623111111111111,59.49544556750689,0.015389406509960396,0.0032998414536759757,19
high_node_heterogeneity,ITAC_K_LocalOnly,7,18371.997980548793,4.082666217899732,4373,0,9500,175,3011,703,0.0,0.0,53492,11.88711111111111,61.349259192527775,0.014029101118803516,0.0033392807498390112,19
high_node_heterogeneity,ITAC_K_GenericVoI_Local,7,19614.897191491953,4.3588660425537675,4500,0,10488,184,2936,672,4.0,0.0,54000,12.0,58.74451019006578,0.013054335597792396,0.0029948925868215344,19
high_node_heterogeneity,ITAC_K_UnqualifiedRemote,7,13966.492368885607,3.103664970863468,2592,608,50844,152,3232,597,3.0,0.0,48800,10.844444444444445,56.49420519741864,0.021795603857028795,0.00404498163928946,19
high_node_heterogeneity,ITAC_K_NoKinematics,7,18029.789128574594,4.00661980634991,3866,210,23408,173,3034,692,0.0,0.0,52304,11.623111111111111,59.49544556750689,0.015389406509960396,0.0032998414536759757,19
high_node_heterogeneity,ITAC_K_NoHysteresis,7,15930.472040916262,3.5401048979813914,2841,153,18240,140,3090,567,7.0,0.0,47976,10.661333333333333,60.25242568913462,0.021208175180969596,0.003782212199009586,19
high_node_heterogeneity,Greedy,8,28875.971638895975,6.416882586421328,0,0,0,11,1111,5,,,13500,3.0,0.0,0.0,0.0,23
high_node_heterogeneity,SPI_HCPI,8,29252.095589340497,6.50046568652011,32,0,0,6,1003,9,55.0,0.0,27000,6.0,0.0,0.0,0.0,23
high_node_heterogeneity,DualControl,8,27836.98416815093,6.185996481811318,409,0,0,50,1459,458,135.0,0.0,40500,9.0,0.0,0.0,0.0,23
high_node_heterogeneity,ConstrainedBandit,8,30747.703987074437,6.832823108238764,258,0,0,30,1058,367,,219.0,40500,9.0,0.0,0.0,0.0,23
high_node_heterogeneity,GenericEIG,8,29662.620876552464,6.59169352812277,114,0,0,15,1082,170,,,54000,12.0,0.0,0.0,0.0,23
high_node_heterogeneity,ITAC_K_Full,8,13724.637583842432,3.049919463076096,3468,166,24852,155,3340,597,0.0,0.0,50536,11.230222222222222,80.95206243788745,0.02334257855763767,0.0058983023736225776,19
high_node_heterogeneity,ITAC_K_LocalOnly,8,15262.497482758004,3.3916661072795566,4144,0,15352,159,3236,657,11.0,0.0,52576,11.683555555555555,81.55738232408794,0.019680835502916973,0.005343645914846051,19
high_node_heterogeneity,ITAC_K_GenericVoI_Local,8,16582.267443889697,3.684948320864377,4500,0,15200,168,3141,673,11.0,0.0,54000,12.0,78.74039337660244,0.01749786519480054,0.0047484696313722175,19
high_node_heterogeneity,ITAC_K_UnqualifiedRemote,8,11485.520313929319,2.5523378475398486,1450,718,61484,98,3292,357,2.0,0.0,44672,9.927111111111111,79.02482142335627,0.05449987684369398,0.00688038671852917,19
high_node_heterogeneity,ITAC_K_NoKinematics,8,13724.637583842432,3.049919463076096,3468,166,24852,155,3340,597,0.0,0.0,50536,11.230222222222222,80.95206243788745,0.02334257855763767,0.0058983023736225776,19
high_node_heterogeneity,ITAC_K_NoHysteresis,8,13366.183913445024,2.970263091876672,2746,181,25004,131,3265,460,13.0,0.0,47708,10.601777777777778,83.5496095100545,0.03042593208669137,0.006250819983556569,19
high_node_heterogeneity,Greedy,9,28862.788173581375,6.413952927462528,0,0,0,10,1110,5,,,13500,3.0,0.0,0.0,0.0,23
high_node_heterogeneity,SPI_HCPI,9,31246.10221093278,6.943578269096173,33,0,0,9,852,16,,,27000,6.0,0.0,0.0,0.0,23
high_node_heterogeneity,DualControl,9,28246.58950808964,6.277019890686587,446,0,0,50,1438,445,172.0,0.0,40500,9.0,0.0,0.0,0.0,23
high_node_heterogeneity,ConstrainedBandit,9,30005.24621031568,6.6678324911812625,235,0,0,30,1137,349,,143.0,40500,9.0,0.0,0.0,0.0,23
high_node_heterogeneity,GenericEIG,9,29590.560915397848,6.575680203421744,92,0,0,15,1080,174,,,54000,12.0,0.0,0.0,0.0,23
high_node_heterogeneity,ITAC_K_Full,9,16827.080432545885,3.739351207232419,3672,206,23408,178,3138,694,2.0,0.0,51512,11.447111111111111,61.15660675433533,0.016654849333969317,0.003634415785881076,19
high_node_heterogeneity,ITAC_K_LocalOnly,9,19913.967330613796,4.425326073469733,4363,0,9272,173,2845,759,5.0,0.0,53452,11.878222222222222,60.846234810002116,0.013945962596837523,0.003055455188804244,19
high_node_heterogeneity,ITAC_K_GenericVoI_Local,9,20813.16188157488,4.625147084794418,4500,0,9576,171,2752,705,5.0,0.0,54000,12.0,63.560148108090814,0.014124477357353515,0.003053843931534413,19
high_node_heterogeneity,ITAC_K_UnqualifiedRemote,9,14282.19795421746,3.17382176760388,2572,759,63764,143,3192,557,0.0,0.0,49324,10.960888888888888,57.23037816597931,0.02225131343933877,0.004007112795203869,19
high_node_heterogeneity,ITAC_K_NoKinematics,9,16827.080432545885,3.739351207232419,3672,205,23332,178,3138,694,2.0,0.0,51508,11.446222222222222,61.1588780959192,0.016655467891045533,0.0036345507672043646,19
high_node_heterogeneity,ITAC_K_NoHysteresis,9,14713.640125798318,3.2696978057329598,3040,181,21584,159,3256,595,2.0,0.0,48884,10.863111111111111,62.94838463353973,0.020706705471559124,0.0042782332648715875,19
high_node_heterogeneity,Greedy,10,28819.96232997572,6.404436073327937,0,0,0,10,1110,5,,,13500,3.0,0.0,0.0,0.0,23
high_node_heterogeneity,SPI_HCPI,10,29661.416663572625,6.591425925238362,40,0,0,10,1018,18,,,27000,6.0,0.0,0.0,0.0,23
high_node_heterogeneity,DualControl,10,25655.471304152412,5.701215845367202,441,0,0,50,1693,446,89.0,0.0,40500,9.0,0.0,0.0,0.0,23
high_node_heterogeneity,ConstrainedBandit,10,30132.59556409914,6.696132347577587,252,0,0,30,1136,332,,147.0,40500,9.0,0.0,0.0,0.0,23
high_node_heterogeneity,GenericEIG,10,29586.25438313267,6.574723196251704,99,0,0,15,1081,164,,,54000,12.0,0.0,0.0,0.0,23
high_node_heterogeneity,ITAC_K_Full,10,16534.304653756255,3.6742899230569455,3461,168,20064,175,3155,639,15.0,0.0,50516,11.225777777777777,67.40424139378662,0.019475365904012314,0.004076629940314651,19
high_node_heterogeneity,ITAC_K_LocalOnly,10,19238.012341961818,4.275113853769293,4478,0,10716,172,2928,698,0.0,0.0,53912,11.980444444444444,63.48488757731188,0.01417706288015004,0.0032999712469691626,19
high_node_heterogeneity,ITAC_K_GenericVoI_Local,10,19758.105356558463,4.390690079235214,4500,0,11248,172,2884,697,0.0,0.0,54000,12.0,63.326997745106546,0.014072666165579232,0.0032051148934726134,19
high_node_heterogeneity,ITAC_K_UnqualifiedRemote,10,15086.045552930284,3.352454567317841,2626,663,56164,141,3103,574,0.0,0.0,49156,10.923555555555556,62.002334671204906,0.023610942372888386,0.004109912995666495,19
high_node_heterogeneity,ITAC_K_NoKinematics,10,16534.304653756255,3.6742899230569455,3461,168,20064,175,3155,639,15.0,0.0,50516,11.225777777777777,67.40424139378662,0.019475365904012314,0.004076629940314651,19
high_node_heterogeneity,ITAC_K_NoHysteresis,10,16077.011231917848,3.5726691626484106,2462,114,16872,119,2992,559,0.0,0.0,46304,10.289777777777777,65.28127963874847,0.026515548187956324,0.004060535798416618,19
high_node_heterogeneity,Greedy,11,28833.827592925925,6.407517242872427,0,0,0,10,1110,9,,,13500,3.0,0.0,0.0,0.0,23
high_node_heterogeneity,SPI_HCPI,11,29131.69688937893,6.473710419861985,40,0,0,10,1078,20,,,27000,6.0,0.0,0.0,0.0,23
high_node_heterogeneity,DualControl,11,23396.64225616864,5.199253834704143,476,0,0,50,1922,455,99.0,0.0,40500,9.0,0.0,0.0,0.0,23
high_node_heterogeneity,ConstrainedBandit,11,30069.154907064047,6.68203442379201,250,0,0,30,1134,353,,143.0,40500,9.0,0.0,0.0,0.0,23
high_node_heterogeneity,GenericEIG,11,29608.726002475036,6.579716889438897,96,0,0,15,1077,177,,,54000,12.0,0.0,0.0,0.0,23
high_node_heterogeneity,ITAC_K_Full,11,16980.282890924926,3.773396197983317,3705,206,22192,178,3103,693,0.0,0.0,51644,11.476444444444445,56.243323210171695,0.015180384132300053,0.003312272449844214,19
high_node_heterogeneity,ITAC_K_LocalOnly,11,20739.652684897934,4.6088117077550965,4379,0,8208,181,2766,736,7.0,0.0,53516,11.892444444444445,55.598094877274995,0.012696527718034938,0.0026807630639716575,19
high_node_heterogeneity,ITAC_K_GenericVoI_Local,11,20328.529647420535,4.5174510327601185,4500,0,8816,179,2818,718,7.0,0.0,54000,12.0,56.36000087957553,0.012524444639905673,0.002772458306482928,19
high_node_heterogeneity,ITAC_K_UnqualifiedRemote,11,16604.587617057616,3.689908359346137,2715,613,51376,150,3032,642,3.0,0.0,49312,10.958222222222222,51.16386861354424,0.018844887150476698,0.0030813092016199455,19
high_node_heterogeneity,ITAC_K_NoKinematics,11,16980.282890924926,3.773396197983317,3705,206,22192,178,3103,693,0.0,0.0,51644,11.476444444444445,56.243323210171695,0.015180384132300053,0.003312272449844214,19
high_node_heterogeneity,ITAC_K_NoHysteresis,11,16988.622020865092,3.7752493379700205,3403,199,22040,163,3069,672,7.0,0.0,50408,11.201777777777778,56.662665678419444,0.01665079802480736,0.003335330293935993,19
high_node_heterogeneity,Greedy,12,28887.6333142747,6.419474069838822,0,0,0,10,1110,9,,,13500,3.0,0.0,0.0,0.0,23
high_node_heterogeneity,SPI_HCPI,12,29100.493724222364,6.466776383160525,40,0,0,10,1087,20,,,27000,6.0,0.0,0.0,0.0,23
high_node_heterogeneity,DualControl,12,24008.90809131411,5.335312909180914,427,0,0,50,1833,455,158.0,0.0,40500,9.0,0.0,0.0,0.0,23
high_node_heterogeneity,ConstrainedBandit,12,31206.35944636669,6.934746543637042,265,0,0,30,1029,339,,248.0,40500,9.0,0.0,0.0,0.0,23
high_node_heterogeneity,GenericEIG,12,29662.09433946106,6.591576519880236,93,0,0,15,1079,170,,,54000,12.0,0.0,0.0,0.0,23
high_node_heterogeneity,ITAC_K_Full,12,21026.394776496956,4.672532172554879,4221,226,22116,185,2812,737,18.0,0.0,53788,11.95288888888889,49.926465053089316,0.011828113018974015,0.0023744662641308582,19
high_node_heterogeneity,ITAC_K_LocalOnly,12,20068.770321014425,4.459726738003205,4410,0,5320,182,2891,769,0.0,0.0,53640,11.92,50.24243067847945,0.011392841423691485,0.0025035131637273045,19
high_node_heterogeneity,ITAC_K_GenericVoI_Local,12,23328.715711872013,5.1841590470826695,4500,0,5624,179,2614,743,0.0,0.0,54000,12.0,53.19471723878485,0.01182104827528552,0.0022802248480277027,19
high_node_heterogeneity,ITAC_K_UnqualifiedRemote,12,16835.97139656697,3.741326977014882,2690,668,54568,150,3030,657,1.0,0.0,49432,10.98488888888889,46.04710457033941,0.017117882739903126,0.002735042931929006,19
high_node_heterogeneity,ITAC_K_NoKinematics,12,21026.394776496956,4.672532172554879,4221,226,22116,185,2812,737,18.0,0.0,53788,11.95288888888889,49.926465053089316,0.011828113018974015,0.0023744662641308582,19
high_node_heterogeneity,ITAC_K_NoHysteresis,12,21406.096044161586,4.756910232035908,3957,231,22268,161,2644,711,0.0,0.0,52752,11.722666666666667,50.151271953276975,0.012674064178235273,0.0023428499923485815,19
high_node_heterogeneity,Greedy,13,28794.299919324185,6.398733315405375,0,0,0,11,1111,11,,,13500,3.0,0.0,0.0,0.0,23
high_node_heterogeneity,SPI_HCPI,13,30982.295554679367,6.884954567706526,32,0,0,8,870,16,,,27000,6.0,0.0,0.0,0.0,23
high_node_heterogeneity,DualControl,13,21807.37547022283,4.8460834378272954,399,0,0,50,2071,459,130.0,0.0,40500,9.0,0.0,0.0,0.0,23
high_node_heterogeneity,ConstrainedBandit,13,26886.90434914659,5.9748676331436865,265,0,0,30,1430,345,104.0,0.0,40500,9.0,0.0,0.0,0.0,23
high_node_heterogeneity,GenericEIG,13,27767.861552307073,6.170635900512683,111,0,0,15,1275,185,,50.0,54000,12.0,0.0,0.0,0.0,23
high_node_heterogeneity,ITAC_K_Full,13,15227.376315193684,3.383861403376374,3212,144,21052,171,3267,641,9.0,0.0,49424,10.98311111111111,66.95286090888037,0.020844601777360014,0.004396874387485626,19
high_node_heterogeneity,ITAC_K_LocalOnly,13,19197.718411227015,4.266159646939337,4230,0,10412,165,2902,696,15.0,0.0,52920,11.76,66.5726506058457,0.015738215273249572,0.0034677376331821467,19
high_node_heterogeneity,ITAC_K_GenericVoI_Local,13,19889.816198207773,4.419959155157283,4500,0,13452,173,2857,708,15.0,0.0,54000,12.0,66.61959177140605,0.014804353726979122,0.003349432247514132,19
high_node_heterogeneity,ITAC_K_UnqualifiedRemote,13,16018.372515259656,3.559638336724368,1614,982,83372,142,3017,434,1.0,0.0,46384,10.307555555555556,63.17901410597295,0.03914437057371311,0.003944159373605929,19
high_node_heterogeneity,ITAC_K_NoKinematics,13,15227.376315193684,3.383861403376374,3212,144,21052,171,3267,641,9.0,0.0,49424,10.98311111111111,66.95286090888037,0.020844601777360014,0.004396874387485626,19
high_node_heterogeneity,ITAC_K_NoHysteresis,13,15830.392819082193,3.517865070907154,3208,140,20748,169,3208,619,7.0,0.0,49392,10.976,66.19764074676428,0.020635174796372904,0.004181680233921211,19
high_node_heterogeneity,Greedy,14,28843.009373239413,6.409557638497647,0,0,0,11,1111,5,,,13500,3.0,0.0,0.0,0.0,23
high_node_heterogeneity,SPI_HCPI,14,32664.175249019234,7.258705610893163,32,0,0,8,696,12,,,27000,6.0,0.0,0.0,0.0,23
high_node_heterogeneity,DualControl,14,28104.26773174928,6.245392829277618,369,0,0,50,1444,465,,68.0,40500,9.0,0.0,0.0,0.0,23
high_node_heterogeneity,ConstrainedBandit,14,31088.774969675967,6.908616659927993,249,0,0,30,1023,366,,,40500,9.0,0.0,0.0,0.0,23
high_node_heterogeneity,GenericEIG,14,29613.666685199652,6.5808148189332565,97,0,0,15,1080,169,,,54000,12.0,0.0,0.0,0.0,23
high_node_heterogeneity,ITAC_K_Full,14,15250.520378510726,3.389004528557939,3179,286,32832,167,3251,599,7.0,0.0,49860,11.08,76.18131373459619,0.023963923791945955,0.004995325526199231,19
high_node_heterogeneity,ITAC_K_LocalOnly,14,16704.030683840767,3.7120068186312816,4254,0,14516,170,3130,688,0.0,0.0,53016,11.781333333333333,76.89084536826527,0.018074951896630297,0.004603131233627842,19
high_node_heterogeneity,ITAC_K_GenericVoI_Local,14,19222.983457556493,4.27177410167922,4500,0,14288,173,2991,684,4.0,0.0,54000,12.0,72.48362542412809,0.016107472316472908,0.0037706751183638467,19
high_node_heterogeneity,ITAC_K_UnqualifiedRemote,14,12739.527115865641,2.83100602574792,1160,1158,95912,79,3077,289,0.0,0.0,45272,10.060444444444444,71.8606609482492,0.06194884564504242,0.005640763608780648,19
high_node_heterogeneity,ITAC_K_NoKinematics,14,15250.520378510726,3.389004528557939,3179,286,32832,167,3251,599,7.0,0.0,49860,11.08,76.18131373459619,0.023963923791945955,0.004995325526199231,19
high_node_heterogeneity,ITAC_K_NoHysteresis,14,14112.995898208776,3.1362213107130614,2634,291,33060,153,3318,576,1.0,0.0,47700,10.6,77.6649661107697,0.029485560406518486,0.00550308146271246,19
high_node_heterogeneity,Greedy,15,28880.673657949043,6.417927479544232,0,0,0,10,1110,5,,,13500,3.0,0.0,0.0,0.0,23
high_node_heterogeneity,SPI_HCPI,15,29683.515450320905,6.596336766737979,40,0,0,10,1027,18,,,27000,6.0,0.0,0.0,0.0,23
high_node_heterogeneity,DualControl,15,22168.571021212523,4.926349115825005,359,0,0,49,2012,431,46.0,0.0,40500,9.0,0.0,0.0,0.0,23
high_node_heterogeneity,ConstrainedBandit,15,27188.080623867056,6.041795694192679,251,0,0,30,1407,339,136.0,0.0,40500,9.0,0.0,0.0,0.0,23
high_node_heterogeneity,GenericEIG,15,29655.814650944954,6.590181033543323,96,0,0,15,1081,172,,,54000,12.0,0.0,0.0,0.0,23
high_node_heterogeneity,ITAC_K_Full,15,15108.99629003,3.357554731117778,3455,179,21888,176,3286,627,1.0,0.0,50536,11.230222222222222,64.02388480642813,0.018530791550340993,0.004237467769363057,19
high_node_heterogeneity,ITAC_K_LocalOnly,15,17144.486413775743,3.809885869727943,4485,0,11172,172,3100,675,1.0,0.0,53940,11.986666666666666,64.15982313149534,0.014305423217724714,0.0037423006780735275,19
high_node_heterogeneity,ITAC_K_GenericVoI_Local,15,17715.31026942599,3.936735615427998,4500,0,11020,168,3036,667,10.0,0.0,54000,12.0,62.90856796746803,0.01397968177054845,0.003551084740301666,19
high_node_heterogeneity,ITAC_K_UnqualifiedRemote,15,12507.059291048905,2.7793465091219787,2127,746,62472,121,3292,479,0.0,0.0,47492,10.553777777777778,62.81996247097687,0.029534538068160258,0.005022760427460041,19
high_node_heterogeneity,ITAC_K_NoKinematics,15,15108.99629003,3.357554731117778,3455,179,21888,176,3286,627,1.0,0.0,50536,11.230222222222222,64.02388480642813,0.018530791550340993,0.004237467769363057,19
high_node_heterogeneity,ITAC_K_NoHysteresis,15,13923.79533248443,3.0941767405520952,2784,175,20900,146,3302,545,2.0,0.0,47836,10.630222222222223,66.92467693743195,0.024039036256261477,0.004806496744554673,19
high_node_heterogeneity,Greedy,16,28942.365711515646,6.431636824781255,0,0,0,10,1110,11,,,13500,3.0,0.0,0.0,0.0,23
high_node_heterogeneity,SPI_HCPI,16,29192.30144607634,6.487178099128076,40,0,0,10,1083,20,,,27000,6.0,0.0,0.0,0.0,23
high_node_heterogeneity,DualControl,16,20215.782802783375,4.492396178396305,358,0,0,50,2203,443,101.0,0.0,40500,9.0,0.0,0.0,0.0,23
high_node_heterogeneity,ConstrainedBandit,16,27660.14371265319,6.14669860281182,253,0,0,30,1361,360,177.0,0.0,40500,9.0,0.0,0.0,0.0,23
high_node_heterogeneity,GenericEIG,16,29744.89571497199,6.609976825549331,104,0,0,15,1074,185,,,54000,12.0,0.0,0.0,0.0,23
high_node_heterogeneity,ITAC_K_Full,16,20816.30917755811,4.625846483901802,3935,197,19608,189,2802,733,24.0,0.0,52528,11.672888888888888,50.064357149844376,0.01272283536209514,0.00240505445623465,19
high_node_heterogeneity,ITAC_K_LocalOnly,16,21926.452077243823,4.872544906054183,4379,0,5548,186,2707,748,2.0,0.0,53516,11.892444444444445,50.8084941820758,0.011602761859345924,0.0023172236895912107,19
high_node_heterogeneity,ITAC_K_GenericVoI_Local,16,22866.058576152252,5.081346350256056,4500,0,6384,183,2597,702,2.0,0.0,54000,12.0,54.58616298672767,0.012130258441495038,0.002387213467722738,19
high_node_heterogeneity,ITAC_K_UnqualifiedRemote,16,16715.132990136346,3.714473997808077,2725,616,50692,161,3044,617,2.0,0.0,49364,10.969777777777777,46.67610123970165,0.017128844491633634,0.002792445699788651,19
high_node_heterogeneity,ITAC_K_NoKinematics,16,20816.30917755811,4.625846483901802,3935,197,19608,189,2802,733,24.0,0.0,52528,11.672888888888888,50.064357149844376,0.01272283536209514,0.00240505445623465,19
high_node_heterogeneity,ITAC_K_NoHysteresis,16,20016.773322913472,4.448171849536327,3601,216,21432,163,2762,677,2.0,0.0,51268,11.392888888888889,50.520849840642526,0.014029672268992648,0.0025239257609422304,19
high_node_heterogeneity,Greedy,17,28860.631798735154,6.413473733052257,0,0,0,10,1110,7,,,13500,3.0,0.0,0.0,0.0,23
high_node_heterogeneity,SPI_HCPI,17,30852.826872791415,6.856183749509203,40,0,0,10,895,16,,,27000,6.0,0.0,0.0,0.0,23
high_node_heterogeneity,DualControl,17,29085.23846096031,6.463386324657847,376,0,0,50,1368,447,,1.0,40500,9.0,0.0,0.0,0.0,23
high_node_heterogeneity,ConstrainedBandit,17,29941.9675297544,6.653770562167645,239,0,0,30,1148,339,,149.0,40500,9.0,0.0,0.0,0.0,23
high_node_heterogeneity,GenericEIG,17,29626.35978307214,6.583635507349364,96,0,0,15,1081,170,,,54000,12.0,0.0,0.0,0.0,23
high_node_heterogeneity,ITAC_K_Full,17,17226.773833627012,3.828171963028225,3533,178,22800,174,3088,625,11.0,0.0,50844,11.298666666666668,66.43587233210359,0.0188043793750647,0.003856547544753819,19
high_node_heterogeneity,ITAC_K_LocalOnly,17,19893.089715076996,4.420686603350443,4476,0,11552,177,2865,720,1.0,0.0,53904,11.978666666666667,65.3325325136137,0.01459618688865364,0.0032841822687854315,19
high_node_heterogeneity,ITAC_K_GenericVoI_Local,17,20741.280843615106,4.609173520803357,4500,0,11704,180,2784,706,1.0,0.0,54000,12.0,66.9921644171901,0.014887147648264466,0.0032298952471786543,19
high_node_heterogeneity,ITAC_K_UnqualifiedRemote,17,14108.6030594261,3.135245124316911,2090,823,68020,124,3157,476,1.0,0.0,47652,10.589333333333334,62.4949523597639,0.029901891081226747,0.0044295634441292465,19
high_node_heterogeneity,ITAC_K_NoKinematics,17,17226.773833627012,3.828171963028225,3533,178,22800,174,3088,625,11.0,0.0,50844,11.298666666666668,66.43587233210359,0.0188043793750647,0.003856547544753819,19
high_node_heterogeneity,ITAC_K_NoHysteresis,17,16301.08710873939,3.6224638019420867,3047,162,20900,157,3088,556,2.0,0.0,48836,10.852444444444444,67.91328020498817,0.022288572433537306,0.0041661810498870525,19
high_node_heterogeneity,Greedy,18,28769.787002200366,6.3932860004889704,0,0,0,10,1110,11,,,13500,3.0,0.0,0.0,0.0,23
high_node_heterogeneity,SPI_HCPI,18,29411.116965492503,6.535803770109445,40,0,0,10,1041,16,,,27000,6.0,0.0,0.0,0.0,23
high_node_heterogeneity,DualControl,18,24275.268107752898,5.394504023945088,379,0,0,50,1818,451,22.0,0.0,40500,9.0,0.0,0.0,0.0,23
high_node_heterogeneity,ConstrainedBandit,18,27995.601809032607,6.2212448464516905,238,0,0,30,1320,341,,0.0,40500,9.0,0.0,0.0,0.0,23
high_node_heterogeneity,GenericEIG,18,29581.276929241656,6.573617095387035,106,0,0,15,1073,186,,,54000,12.0,0.0,0.0,0.0,23
high_node_heterogeneity,ITAC_K_Full,18,17059.21894476679,3.790937543281509,3405,237,25688,179,3123,662,0.0,0.0,50568,11.237333333333334,63.30409896766018,0.01859151217846114,0.003710843923899564,19
high_node_heterogeneity,ITAC_K_LocalOnly,18,17647.61116121802,3.9216913691595603,4377,0,10260,172,3068,722,0.0,0.0,53508,11.890666666666666,63.751347463587834,0.014565078241623905,0.003612463289291318,19
high_node_heterogeneity,ITAC_K_GenericVoI_Local,18,18591.644137403495,4.131476474978554,4500,0,10792,175,2998,696,0.0,0.0,54000,12.0,61.73714094794835,0.013719364655099632,0.0033206929140679295,19
high_node_heterogeneity,ITAC_K_UnqualifiedRemote,18,14306.24787337598,3.179166194083551,2617,695,58748,143,3194,572,0.0,0.0,49248,10.944,58.45763708471529,0.022337652688083794,0.004086161347274384,19
high_node_heterogeneity,ITAC_K_NoKinematics,18,17059.21894476679,3.790937543281509,3405,237,25688,179,3123,662,0.0,0.0,50568,11.237333333333334,63.30409896766018,0.01859151217846114,0.003710843923899564,19
high_node_heterogeneity,ITAC_K_NoHysteresis,18,14462.919235348318,3.213982052299626,2658,186,21356,142,3200,580,13.0,0.0,47376,10.528,65.54702968076413,0.0246602820469391,0.004532074653404889,19
high_node_heterogeneity,Greedy,19,29015.627268973818,6.447917170883071,0,0,0,10,1110,5,,,13500,3.0,0.0,0.0,0.0,23
high_node_heterogeneity,SPI_HCPI,19,29348.39524664824,6.521865610366276,40,0,0,10,1075,18,,,27000,6.0,0.0,0.0,0.0,23
high_node_heterogeneity,DualControl,19,18982.838675670115,4.218408594593359,403,0,0,49,2324,458,4.0,0.0,40500,9.0,0.0,0.0,0.0,23
high_node_heterogeneity,ConstrainedBandit,19,29840.370943410144,6.631193542980032,272,0,0,30,1185,347,,99.0,40500,9.0,0.0,0.0,0.0,23
high_node_heterogeneity,GenericEIG,19,29820.29867013545,6.6267330378078775,104,0,0,15,1078,178,,,54000,12.0,0.0,0.0,0.0,23
high_node_heterogeneity,ITAC_K_Full,19,16595.71541927319,3.687936759838487,3670,224,23484,168,3129,682,1.0,0.0,51576,11.461333333333334,55.97380815439185,0.015251718843158542,0.003372786694654181,19
high_node_heterogeneity,ITAC_K_LocalOnly,19,18638.836986298,4.141963774732889,4449,0,7372,171,2950,690,3.0,0.0,53796,11.954666666666666,56.530575076191866,0.012706355377880842,0.0030329454095096857,19
high_node_heterogeneity,ITAC_K_GenericVoI_Local,19,18991.728768239638,4.220384170719919,4500,0,7752,172,2935,663,3.0,0.0,54000,12.0,55.33003034641518,0.012295562299203373,0.0029133751340712608,19
high_node_heterogeneity,ITAC_K_UnqualifiedRemote,19,14061.016431034832,3.12467031800774,2631,612,52060,130,3151,588,0.0,0.0,48972,10.882666666666667,51.028823761298646,0.019395219977688578,0.0036290992199305137,19
high_node_heterogeneity,ITAC_K_NoKinematics,19,16595.71541927319,3.687936759838487,3670,224,23484,168,3129,682,1.0,0.0,51576,11.461333333333334,55.97380815439185,0.015251718843158542,0.003372786694654181,19
high_node_heterogeneity,ITAC_K_NoHysteresis,19,16401.821472317304,3.644849216070512,2847,211,22116,146,3080,599,0.0,0.0,48232,10.718222222222222,56.525202381304666,0.019854303611276665,0.003446275919824324,19
high_node_heterogeneity,Greedy,20,28893.91398633108,6.420869774740241,0,0,0,10,1110,11,,,13500,3.0,0.0,0.0,0.0,23
high_node_heterogeneity,SPI_HCPI,20,29165.37467186046,6.481194371524547,40,0,0,10,1080,20,,,27000,6.0,0.0,0.0,0.0,23
high_node_heterogeneity,DualControl,20,27745.685053495556,6.165707789665679,415,0,0,50,1507,446,,0.0,40500,9.0,0.0,0.0,0.0,23
high_node_heterogeneity,ConstrainedBandit,20,28971.7470675703,6.438166015015622,264,0,0,30,1262,336,,22.0,40500,9.0,0.0,0.0,0.0,23
high_node_heterogeneity,GenericEIG,20,29677.39775473151,6.594977278829225,104,0,0,15,1078,174,,,54000,12.0,0.0,0.0,0.0,23
high_node_heterogeneity,ITAC_K_Full,20,18995.913681901777,4.221314151533728,3995,177,19304,180,2936,724,9.0,0.0,52688,11.708444444444444,52.273649318463505,0.013084768289978349,0.0027518365367319424,19
high_node_heterogeneity,ITAC_K_LocalOnly,20,19743.63496275081,4.387474436166847,4438,0,6992,186,2907,766,17.0,0.0,53752,11.944888888888888,52.60387475499908,0.011853058755069645,0.0026643459957725016,19
high_node_heterogeneity,ITAC_K_GenericVoI_Local,20,20350.12995449256,4.522251100998346,4500,0,7600,188,2859,720,0.0,0.0,54000,12.0,52.7626850367188,0.011725041119270845,0.00259274437827709,19
high_node_heterogeneity,ITAC_K_UnqualifiedRemote,20,14204.033456400746,3.1564518792001657,2623,751,61104,156,3248,613,0.0,0.0,49496,10.99911111111111,48.9061364581743,0.018645114928774038,0.0034431161126374137,19
high_node_heterogeneity,ITAC_K_NoKinematics,20,18995.913681901777,4.221314151533728,3995,177,19304,180,2936,724,9.0,0.0,52688,11.708444444444444,52.273649318463505,0.013084768289978349,0.0027518365367319424,19
high_node_heterogeneity,ITAC_K_NoHysteresis,20,19263.01872082881,4.280670826850847,3689,179,19380,167,2889,695,9.0,0.0,51472,11.438222222222223,52.63012051191015,0.014266771621553306,0.0027321844657193835,19
high_node_heterogeneity,Greedy,21,28848.144035096655,6.410698674465923,0,0,0,10,1110,13,,,13500,3.0,0.0,0.0,0.0,23
high_node_heterogeneity,SPI_HCPI,21,31018.84360061523,6.893076355692274,37,0,0,8,871,17,,245.0,27000,6.0,0.0,0.0,0.0,23
high_node_heterogeneity,DualControl,21,25129.827929163213,5.584406206480714,360,0,0,50,1719,457,,0.0,40500,9.0,0.0,0.0,0.0,23
high_node_heterogeneity,ConstrainedBandit,21,24910.986799103524,5.5357748442452275,239,0,0,30,1636,342,,0.0,40500,9.0,0.0,0.0,0.0,23
high_node_heterogeneity,GenericEIG,21,29637.25656319337,6.586057014042971,103,0,0,15,1078,174,,,54000,12.0,0.0,0.0,0.0,23
high_node_heterogeneity,ITAC_K_Full,21,18369.18279882771,4.082040621961713,3788,164,20292,177,3018,683,7.0,0.0,51808,11.512888888888888,57.28243254189135,0.01512207828455421,0.003118398524813364,19
high_node_heterogeneity,ITAC_K_LocalOnly,21,20913.298605679287,4.6473996901509524,4466,0,8056,178,2802,747,5.0,0.0,53864,11.969777777777777,58.71199156593919,0.013146437878624987,0.002807399859436577,19
high_node_heterogeneity,ITAC_K_GenericVoI_Local,21,21755.78100897128,4.834618001993618,4500,0,8208,178,2708,699,5.0,0.0,54000,12.0,59.1505867604195,0.013144574835648778,0.002718844556121795,19
high_node_heterogeneity,ITAC_K_UnqualifiedRemote,21,14226.921076749095,3.1615380170553546,2319,796,66500,143,3235,479,1.0,0.0,48460,10.768888888888888,56.20871592052363,0.02423834235468893,0.003950870017293126,19
high_node_heterogeneity,ITAC_K_NoKinematics,21,18369.18279882771,4.082040621961713,3788,164,20292,177,3018,683,7.0,0.0,51808,11.512888888888888,57.28243254189135,0.01512207828455421,0.003118398524813364,19
high_node_heterogeneity,ITAC_K_NoHysteresis,21,17293.91422437147,3.843092049860327,3508,159,19228,169,3091,684,7.0,0.0,50668,11.259555555555556,58.71856343439528,0.016738473042872085,0.003395331020645752,19
high_node_heterogeneity,Greedy,22,29006.020436372717,6.445782319193937,0,0,0,10,1110,9,,,13500,3.0,0.0,0.0,0.0,23
high_node_heterogeneity,SPI_HCPI,22,31114.37284786564,6.914305077303476,40,0,0,10,881,16,,,27000,6.0,0.0,0.0,0.0,23
high_node_heterogeneity,DualControl,22,27051.278712779553,6.0113952695065676,429,0,0,50,1571,447,102.0,0.0,40500,9.0,0.0,0.0,0.0,23
high_node_heterogeneity,ConstrainedBandit,22,31092.72269548363,6.9094939323296956,217,0,0,30,1034,352,,,40500,9.0,0.0,0.0,0.0,23
high_node_heterogeneity,GenericEIG,22,29755.886648317675,6.612419255181706,94,0,0,15,1079,179,,,54000,12.0,0.0,0.0,0.0,23
high_node_heterogeneity,ITAC_K_Full,22,17367.787582516237,3.859508351670275,3489,191,23256,173,3066,669,11.0,0.0,50720,11.27111111111111,68.09488029563563,0.019517019287943718,0.003920757319958544,19
high_node_heterogeneity,ITAC_K_LocalOnly,22,18968.080507634953,4.215129001696656,4267,0,12540,171,2924,719,10.0,0.0,53068,11.79288888888889,68.11319222807296,0.015962782336084592,0.003590937533223582,19
high_node_heterogeneity,ITAC_K_GenericVoI_Local,22,19686.961216720585,4.374880270382352,4500,0,12844,172,2859,697,9.0,0.0,54000,12.0,67.80037591696335,0.015066750203769633,0.0034439228670486203,19
high_node_heterogeneity,ITAC_K_UnqualifiedRemote,22,14328.518965468817,3.184115325659737,2015,774,65284,127,3137,514,1.0,0.0,47156,10.479111111111111,64.63024251091007,0.03207456204015388,0.0045106017353689154,19
high_node_heterogeneity,ITAC_K_NoKinematics,22,17367.787582516237,3.859508351670275,3489,191,23256,173,3066,669,11.0,0.0,50720,11.27111111111111,68.09488029563563,0.019517019287943718,0.003920757319958544,19
high_node_heterogeneity,ITAC_K_NoHysteresis,22,14990.852381260316,3.331300529168959,2925,181,22876,133,3158,535,7.0,0.0,48424,10.76088888888889,69.71931757164366,0.02383566412705766,0.004650790748816792,19
high_node_heterogeneity,Greedy,23,28689.771586857452,6.375504797079434,0,0,0,11,1111,5,,,13500,3.0,0.0,0.0,0.0,23
high_node_heterogeneity,SPI_HCPI,23,26920.046987640042,5.982232663920009,32,0,0,7,1245,15,124.0,0.0,27000,6.0,0.0,0.0,0.0,23
high_node_heterogeneity,DualControl,23,29895.614016952633,6.643469781545029,392,0,0,50,1259,457,,48.0,40500,9.0,0.0,0.0,0.0,23
high_node_heterogeneity,ConstrainedBandit,23,30877.871710817097,6.861749269070466,261,0,0,30,1033,338,,,40500,9.0,0.0,0.0,0.0,23
high_node_heterogeneity,GenericEIG,23,29463.386151625913,6.547419144805758,107,0,0,15,1077,177,,,54000,12.0,0.0,0.0,0.0,23
high_node_heterogeneity,ITAC_K_Full,23,18176.936933955654,4.039319318656812,3619,280,28196,170,2987,688,0.0,0.0,51596,11.465777777777777,61.30338121043539,0.01693931506229218,0.003372591401575303,19
high_node_heterogeneity,ITAC_K_LocalOnly,23,19812.81352549846,4.402847450110769,4454,0,9272,168,2850,710,1.0,0.0,53816,11.959111111111111,60.25353992470129,0.013527961366120632,0.0030411400100827128,19
high_node_heterogeneity,ITAC_K_GenericVoI_Local,23,23503.888546238453,5.2230863436085455,4500,0,9348,171,2557,673,2.0,0.0,54000,12.0,63.904380864124775,0.01420097352536106,0.0027188854617995538,19
high_node_heterogeneity,ITAC_K_UnqualifiedRemote,23,12310.50446569509,2.7356676590433535,1943,819,69160,132,3328,465,1.0,0.0,47048,10.455111111111112,58.92332210869182,0.03032595064780845,0.004786426281139797,19
high_node_heterogeneity,ITAC_K_NoKinematics,23,18176.936933955654,4.039319318656812,3619,280,28196,170,2987,688,0.0,0.0,51596,11.465777777777777,61.30338121043539,0.01693931506229218,0.003372591401575303,19
high_node_heterogeneity,ITAC_K_NoHysteresis,23,16492.938844807453,3.665097521068323,3181,236,24472,160,3131,637,0.0,0.0,49668,11.037333333333333,62.52782326861761,0.019656656167437163,0.0037911874807141197,19
high_node_heterogeneity,Greedy,24,28901.746571754582,6.422610349278796,0,0,0,10,1110,5,,,13500,3.0,0.0,0.0,0.0,23
high_node_heterogeneity,SPI_HCPI,24,29668.315235714446,6.592958941269877,40,0,0,10,1024,20,,,27000,6.0,0.0,0.0,0.0,23
high_node_heterogeneity,DualControl,24,27504.143161811164,6.112031813735814,396,0,0,50,1500,439,115.0,0.0,40500,9.0,0.0,0.0,0.0,23
high_node_heterogeneity,ConstrainedBandit,24,27246.815191867656,6.054847820415034,255,0,0,30,1405,342,175.0,0.0,40500,9.0,0.0,0.0,0.0,23
high_node_heterogeneity,GenericEIG,24,29697.36602310705,6.599414671801567,104,0,0,15,1077,176,,,54000,12.0,0.0,0.0,0.0,23
high_node_heterogeneity,ITAC_K_Full,24,17484.869536832208,3.8855265637404908,3634,230,24472,175,3068,745,4.0,0.0,51456,11.434666666666667,56.79263737752454,0.015628133565636915,0.0032481018664674496,19
high_node_heterogeneity,ITAC_K_LocalOnly,24,17840.29339980133,3.9645096444002954,4088,0,8968,178,3072,777,1.0,0.0,52352,11.633777777777778,57.749695120909955,0.014126637749733354,0.0032370372967942926,19
high_node_heterogeneity,ITAC_K_GenericVoI_Local,24,20452.16469796017,4.5449254884355925,4500,0,9348,183,2839,691,2.0,0.0,54000,12.0,58.078034565244295,0.012906229903387622,0.0028397010987808446,19
high_node_heterogeneity,ITAC_K_UnqualifiedRemote,24,14801.667582969756,3.289259462882168,2670,616,51452,148,3178,628,0.0,0.0,49144,10.92088888888889,52.977010834841884,0.01984157709170108,0.0035791244829599636,19
high_node_heterogeneity,ITAC_K_NoKinematics,24,17484.869536832208,3.8855265637404908,3634,230,24472,175,3068,745,4.0,0.0,51456,11.434666666666667,56.79263737752454,0.015628133565636915,0.0032481018664674496,19
high_node_heterogeneity,ITAC_K_NoHysteresis,24,17193.259840074505,3.8207244089054453,2801,146,17404,133,2977,582,0.0,0.0,47788,10.619555555555555,57.48936990290335,0.020524587612603836,0.003343715527924821,19
high_node_heterogeneity,Greedy,25,28821.6954957393,6.4048212212754,0,0,0,11,1111,5,,,13500,3.0,0.0,0.0,0.0,23
high_node_heterogeneity,SPI_HCPI,25,31147.724806818445,6.921716623737432,32,0,0,8,848,16,,,27000,6.0,0.0,0.0,0.0,23
high_node_heterogeneity,DualControl,25,22647.234568509404,5.03271879300209,366,0,0,51,1981,449,,0.0,40500,9.0,0.0,0.0,0.0,23
high_node_heterogeneity,ConstrainedBandit,25,25032.55944084041,5.562790986853424,264,0,0,30,1654,343,,0.0,40500,9.0,0.0,0.0,0.0,23
high_node_heterogeneity,GenericEIG,25,29582.84581287047,6.573965736193438,107,0,0,15,1078,170,,,54000,12.0,0.0,0.0,0.0,23
high_node_heterogeneity,ITAC_K_Full,25,19051.785979515167,4.233730217670037,3686,217,23712,167,2864,661,2.0,0.0,51612,11.469333333333333,67.14598262023284,0.01821649013028563,0.0035243930775009464,19
high_node_heterogeneity,ITAC_K_LocalOnly,25,19084.918268274156,4.241092948505368,4480,0,10564,177,2905,700,1.0,0.0,53920,11.982222222222223,67.30389693408036,0.015023191279928651,0.003526548869007372,19
high_node_heterogeneity,ITAC_K_GenericVoI_Local,25,19330.573845357343,4.2956830767460765,4500,0,10640,177,2886,688,4.0,0.0,54000,12.0,66.4067596083435,0.014757057690743001,0.003435322724487692,19
high_node_heterogeneity,ITAC_K_UnqualifiedRemote,25,12376.24700045855,2.7502771112130113,1874,844,71440,124,3269,481,0.0,0.0,46872,10.416,64.0638901118053,0.03418564040117679,0.005176358399232957,19
high_node_heterogeneity,ITAC_K_NoKinematics,25,19051.785979515167,4.233730217670037,3686,216,23636,167,2864,661,2.0,0.0,51608,11.468444444444444,67.15381501803402,0.018218615034735222,0.003524804188449264,19
high_node_heterogeneity,ITAC_K_NoHysteresis,25,14612.163736256112,3.2471474969458027,3053,167,20216,152,3247,581,0.0,0.0,48880,10.862222222222222,67.7811381333023,0.022201486450475698,0.0046386790729097726,19
high_node_heterogeneity,Greedy,26,28577.604369032095,6.350578748673799,0,0,0,11,1111,11,,,13500,3.0,0.0,0.0,0.0,23
high_node_heterogeneity,SPI_HCPI,26,28411.512822506487,6.313669516112553,24,0,0,5,1061,11,101.0,0.0,27000,6.0,0.0,0.0,0.0,23
high_node_heterogeneity,DualControl,26,27367.76264464373,6.081725032143051,373,0,0,50,1485,471,12.0,0.0,40500,9.0,0.0,0.0,0.0,23
high_node_heterogeneity,ConstrainedBandit,26,28929.91793518159,6.428870652262575,263,0,0,30,1232,362,,36.0,40500,9.0,0.0,0.0,0.0,23
high_node_heterogeneity,GenericEIG,26,29346.50138695153,6.521444752655896,98,0,0,15,1076,185,,,54000,12.0,0.0,0.0,0.0,23
high_node_heterogeneity,ITAC_K_Full,26,17102.78550911083,3.8006190020246287,3505,162,21356,170,3103,631,0.0,0.0,50668,11.259555555555556,69.85587024094306,0.019930348142922414,0.004084473269206945,19
high_node_heterogeneity,ITAC_K_LocalOnly,26,17730.88077392566,3.9401957275390354,4207,0,11932,170,3061,695,0.0,0.0,52828,11.739555555555556,70.741289690323,0.016815138980347755,0.003989722258713305,19
high_node_heterogeneity,ITAC_K_GenericVoI_Local,26,20000.445485839482,4.444543441297663,4500,0,13224,181,2863,699,0.0,0.0,54000,12.0,69.72482941980734,0.015494406537734963,0.003486163819159589,19
high_node_heterogeneity,ITAC_K_UnqualifiedRemote,26,12364.629667580231,2.747695481684496,1513,803,68400,130,3324,395,0.0,0.0,45264,10.058666666666667,67.35029570477651,0.04451440562113451,0.0054470127707397014,19
high_node_heterogeneity,ITAC_K_NoKinematics,26,17102.78550911083,3.8006190020246287,3505,162,21356,170,3103,631,0.0,0.0,50668,11.259555555555556,69.85587024094306,0.019930348142922414,0.004084473269206945,19
high_node_heterogeneity,ITAC_K_NoHysteresis,26,16497.85024314872,3.666188942921938,3211,163,20748,158,3095,633,1.0,0.0,49496,10.99911111111111,70.33006909045423,0.0219028555249001,0.004262983846617296,19
high_node_heterogeneity,Greedy,27,28937.595631883392,6.430576807085198,0,0,0,10,1110,9,,,13500,3.0,0.0,0.0,0.0,23
high_node_heterogeneity,SPI_HCPI,27,29400.374686294257,6.53341659695428,40,0,0,10,1061,20,,,27000,6.0,0.0,0.0,0.0,23
high_node_heterogeneity,DualControl,27,31227.836794235718,6.939519287607937,394,0,0,50,1143,485,,102.0,40500,9.0,0.0,0.0,0.0,23
high_node_heterogeneity,ConstrainedBandit,27,31060.875843634552,6.902416854141012,210,0,0,30,1027,336,,,40500,9.0,0.0,0.0,0.0,23
high_node_heterogeneity,GenericEIG,27,29741.447124050377,6.609210472011195,97,0,0,15,1076,186,,,54000,12.0,0.0,0.0,0.0,23
high_node_heterogeneity,ITAC_K_Full,27,17574.534751992782,3.905452167109507,3642,204,20748,180,3102,702,2.0,0.0,51384,11.418666666666667,51.45105541078506,0.0141271431660585,0.0029275913210135484,19
high_node_heterogeneity,ITAC_K_LocalOnly,27,19337.427152035947,4.297206033785766,4406,0,6080,177,2938,748,0.0,0.0,53624,11.916444444444444,51.157167616272574,0.011610796099925687,0.0026455002112774073,19
high_node_heterogeneity,ITAC_K_GenericVoI_Local,27,21522.629908362545,4.782806646302788,4500,0,6536,177,2744,722,0.0,0.0,54000,12.0,53.75259926280604,0.01194502205840134,0.0024974921508974443,19
high_node_heterogeneity,ITAC_K_UnqualifiedRemote,27,16306.573195771753,3.6236829323937227,2718,614,51528,156,3072,631,0.0,0.0,49328,10.961777777777778,46.82681731318016,0.01722840960749822,0.002871652845204915,19
high_node_heterogeneity,ITAC_K_NoKinematics,27,17574.534751992782,3.905452167109507,3642,204,20748,180,3102,702,2.0,0.0,51384,11.418666666666667,51.45105541078506,0.0141271431660585,0.0029275913210135484,19
high_node_heterogeneity,ITAC_K_NoHysteresis,27,17910.618491214016,3.9801374424920035,3444,199,20140,170,3053,664,1.0,0.0,50572,11.238222222222221,52.23422368135315,0.01516673161479476,0.002916383022003201,19
high_node_heterogeneity,Greedy,28,28867.797277129222,6.415066061584271,0,0,0,10,1110,5,,,13500,3.0,0.0,0.0,0.0,23
high_node_heterogeneity,SPI_HCPI,28,29629.28400732752,6.58428533496167,40,0,0,10,1026,16,,,27000,6.0,0.0,0.0,0.0,23
high_node_heterogeneity,DualControl,28,23578.14708934835,5.239588242077411,415,0,0,50,1925,444,26.0,0.0,40500,9.0,0.0,0.0,0.0,23
high_node_heterogeneity,ConstrainedBandit,28,31111.773666237117,6.913727481386026,238,0,0,30,1027,343,,,40500,9.0,0.0,0.0,0.0,23
high_node_heterogeneity,GenericEIG,28,29625.648649169063,6.583477477593125,106,0,0,15,1079,175,,,54000,12.0,0.0,0.0,0.0,23
high_node_heterogeneity,ITAC_K_Full,28,17783.127444145368,3.9518060986989707,3673,273,29564,174,3053,664,1.0,0.0,51784,11.507555555555555,62.71386038030955,0.017074288151459175,0.003526593428365518,19
high_node_heterogeneity,ITAC_K_LocalOnly,28,18712.38037122591,4.158306749161313,4494,0,11172,173,2935,717,1.0,0.0,53976,11.994666666666667,62.96489993330691,0.014010881160059392,0.0033648792234967735,19
high_node_heterogeneity,ITAC_K_GenericVoI_Local,28,19046.937525756104,4.232652783501356,4500,0,11552,173,2910,705,1.0,0.0,54000,12.0,62.40303899411152,0.013867341998691449,0.003276276772038938,19
high_node_heterogeneity,ITAC_K_UnqualifiedRemote,28,14260.737870899055,3.16905286019979,2631,665,56848,143,3222,592,0.0,0.0,49184,10.929777777777778,59.7522036532811,0.022710833771676587,0.004189979802883375,19
high_node_heterogeneity,ITAC_K_NoKinematics,28,17783.127444145368,3.9518060986989707,3673,273,29564,174,3053,664,1.0,0.0,51784,11.507555555555555,62.71386038030955,0.017074288151459175,0.003526593428365518,19
high_node_heterogeneity,ITAC_K_NoHysteresis,28,16769.712109306314,3.7266026909569585,3440,259,28500,165,3112,625,1.0,0.0,50796,11.288,62.774810286330066,0.01824849136230525,0.003743344541466119,19
high_node_heterogeneity,Greedy,29,28917.864395579127,6.426192087906473,0,0,0,10,1110,5,,,13500,3.0,0.0,0.0,0.0,23
high_node_heterogeneity,SPI_HCPI,29,29275.272442585483,6.50561609835233,40,0,0,10,1073,20,,,27000,6.0,0.0,0.0,0.0,23
high_node_heterogeneity,DualControl,29,19157.49436447561,4.257220969883469,402,0,0,50,2324,449,20.0,0.0,40500,9.0,0.0,0.0,0.0,23
high_node_heterogeneity,ConstrainedBandit,29,26577.091342991025,5.90602029844245,247,0,0,30,1515,341,,3.0,40500,9.0,0.0,0.0,0.0,23
high_node_heterogeneity,GenericEIG,29,29667.385815250746,6.5927524033890545,97,0,0,15,1084,173,,,54000,12.0,0.0,0.0,0.0,23
high_node_heterogeneity,ITAC_K_Full,29,18853.797377276795,4.1897327505059545,3532,219,23712,178,2965,718,13.0,0.0,51004,11.334222222222222,58.53245360998994,0.016572042358434298,0.003104544534913436,19
high_node_heterogeneity,ITAC_K_LocalOnly,29,19648.363132711715,4.366302918380381,4258,0,9272,174,2872,747,6.0,0.0,53032,11.784888888888888,58.20997635810943,0.013670731883069382,0.0029625865505914914,19
high_node_heterogeneity,ITAC_K_GenericVoI_Local,29,22970.391297858245,5.104531399524054,4500,0,9348,175,2593,695,4.0,0.0,54000,12.0,61.52264119104818,0.013671698042455152,0.0026783453704937337,19
high_node_heterogeneity,ITAC_K_UnqualifiedRemote,29,15072.01663824161,3.3493370307203576,2734,657,55480,155,3165,597,2.0,0.0,49564,11.014222222222223,54.90121789395374,0.020080913640802393,0.00364259270751169,19
high_node_heterogeneity,ITAC_K_NoKinematics,29,18853.797377276795,4.1897327505059545,3532,219,23712,178,2965,718,13.0,0.0,51004,11.334222222222222,58.53245360998994,0.016572042358434298,0.003104544534913436,19
high_node_heterogeneity,ITAC_K_NoHysteresis,29,15736.797762169244,3.4970661693709433,2527,219,23560,143,3124,525,2.0,0.0,46984,10.440888888888889,59.809704198393376,0.023668264423582656,0.003800627364111775,19
rapid_oscillation,Greedy,0,37925.26572757066,8.427836828349035,0,0,0,10,610,5,,,13500,3.0,0.0,0.0,0.0,23
rapid_oscillation,SPI_HCPI,0,31960.946906619578,7.102432645915462,40,0,0,7,1230,16,,69.0,27000,6.0,0.0,0.0,0.0,23
rapid_oscillation,DualControl,0,8967.01876608711,1.9926708369082469,300,0,0,64,3761,382,0.0,0.0,40500,9.0,0.0,0.0,0.0,23
rapid_oscillation,ConstrainedBandit,0,24920.08227108676,5.537796060241503,239,0,0,40,2174,329,,65.0,40500,9.0,0.0,0.0,0.0,23
rapid_oscillation,GenericEIG,0,28757.656383013014,6.390590307336225,102,0,0,15,1631,166,,15.0,54000,12.0,0.0,0.0,0.0,23
rapid_oscillation,ITAC_K_Full,0,15600.786476535199,3.466841439230044,2524,187,21584,160,3506,579,0.0,0.0,46844,10.409777777777778,53.84877839850603,0.021334698256143435,0.0034516707525930695,19
rapid_oscillation,ITAC_K_LocalOnly,0,20455.42851864416,4.545650781920925,3939,0,9956,166,3133,739,6.0,0.0,51756,11.501333333333333,52.94708391208819,0.01344175778423158,0.002588412355372043,19
rapid_oscillation,ITAC_K_GenericVoI_Local,0,22748.987035619335,5.055330452359852,4500,0,9956,166,2896,701,6.0,0.0,54000,12.0,57.33867425877734,0.012741927613061631,0.0025204935133594755,19
rapid_oscillation,ITAC_K_UnqualifiedRemote,0,11219.754420838352,2.4932787601863002,1392,725,59052,41,3454,471,6.0,0.0,44468,9.881777777777778,48.18273381545245,0.03461403291339975,0.00429445529805564,19
rapid_oscillation,ITAC_K_NoKinematics,0,15600.786476535199,3.466841439230044,2524,187,21584,160,3506,579,0.0,0.0,46844,10.409777777777778,53.84877839850603,0.021334698256143435,0.0034516707525930695,19
rapid_oscillation,ITAC_K_NoHysteresis,0,14584.96020727375,3.241102268283056,2169,242,25460,122,3463,482,0.0,0.0,45644,10.14311111111111,54.61185877262227,0.02517835812476822,0.003744395459192715,19
rapid_oscillation,Greedy,1,37909.70414172599,8.42437869816133,0,0,0,10,610,5,,,13500,3.0,0.0,0.0,0.0,23
rapid_oscillation,SPI_HCPI,1,33244.55635191361,7.387679189314136,40,0,0,8,1098,17,,30.0,27000,6.0,0.0,0.0,0.0,23
rapid_oscillation,DualControl,1,12032.413253978935,2.673869611995319,318,0,0,65,3527,378,,0.0,40500,9.0,0.0,0.0,0.0,23
rapid_oscillation,ConstrainedBandit,1,24924.73474652839,5.538829943672975,240,0,0,40,2127,322,,0.0,40500,9.0,0.0,0.0,0.0,23
rapid_oscillation,GenericEIG,1,25081.10736503029,5.573579414451175,96,0,0,15,2003,167,,0.0,54000,12.0,0.0,0.0,0.0,23
rapid_oscillation,ITAC_K_Full,1,20810.731898054975,4.624607088456661,3385,286,30096,150,3035,731,1.0,0.0,50684,11.263111111111112,51.245653213742685,0.015139040831238607,0.002462462803556286,19
rapid_oscillation,ITAC_K_LocalOnly,1,22109.63609880784,4.913252466401743,4175,0,10640,161,2934,791,4.0,0.0,52700,11.71111111111111,52.16196547854624,0.012493883946957184,0.0023592412487222635,19
rapid_oscillation,ITAC_K_GenericVoI_Local,1,21583.38117920198,4.796306928711552,4500,0,10564,161,3005,692,4.0,0.0,54000,12.0,56.73850704511537,0.01260855712113675,0.002628805309697691,19
rapid_oscillation,ITAC_K_UnqualifiedRemote,1,10449.313855297385,2.3220697456216413,1401,663,54340,41,3535,444,,0.0,44256,9.834666666666667,48.062183270011126,0.034305626887945126,0.00459955399326488,19
rapid_oscillation,ITAC_K_NoKinematics,1,20810.731898054975,4.624607088456661,3385,286,30096,150,3035,731,1.0,0.0,50684,11.263111111111112,51.245653213742685,0.015139040831238607,0.002462462803556286,19
rapid_oscillation,ITAC_K_NoHysteresis,1,17358.28621367141,3.8573969363714244,3057,295,30780,126,3231,554,0.0,0.0,49408,10.979555555555555,53.82198377801174,0.017606144513579242,0.0031006507851922315,19
rapid_oscillation,Greedy,2,37908.40778820874,8.424090619601941,0,0,0,10,610,5,,,13500,3.0,0.0,0.0,0.0,23
rapid_oscillation,SPI_HCPI,2,25489.776946825237,5.664394877072275,40,0,0,8,1858,18,0.0,0.0,27000,6.0,0.0,0.0,0.0,23
rapid_oscillation,DualControl,2,11508.54248034361,2.5574538845208026,321,0,0,65,3579,386,23.0,0.0,40500,9.0,0.0,0.0,0.0,23
rapid_oscillation,ConstrainedBandit,2,18509.52850360449,4.113228556356554,261,0,0,40,2865,335,,45.0,40500,9.0,0.0,0.0,0.0,23
rapid_oscillation,GenericEIG,2,23865.262453054438,5.30339165623432,108,0,0,15,2146,171,,31.0,54000,12.0,0.0,0.0,0.0,23
rapid_oscillation,ITAC_K_Full,2,17277.254088393882,3.839389797420863,2965,231,25460,159,3352,630,0.0,0.0,48784,10.84088888888889,56.32233779550944,0.018995729441993067,0.0032599125710227514,19
rapid_oscillation,ITAC_K_LocalOnly,2,22984.819796210508,5.107737732491224,4352,0,10260,163,2824,781,0.0,0.0,53408,11.868444444444444,54.76681989582498,0.012584287659886255,0.0023827387110885397,19
rapid_oscillation,ITAC_K_GenericVoI_Local,2,22595.485843068767,5.021219076237504,4500,0,10184,164,2856,698,0.0,0.0,54000,12.0,60.74723924190086,0.01349938649820019,0.0026884679384105944,19
rapid_oscillation,ITAC_K_UnqualifiedRemote,2,13852.254074550761,3.0782786832335023,1608,782,63004,39,3235,497,2.0,0.0,45560,10.124444444444444,49.19159684813527,0.030591789084661238,0.0035511618963522795,19
rapid_oscillation,ITAC_K_NoKinematics,2,17277.254088393882,3.839389797420863,2965,231,25460,159,3352,630,0.0,0.0,48784,10.84088888888889,56.32233779550944,0.018995729441993067,0.0032599125710227514,19
rapid_oscillation,ITAC_K_NoHysteresis,2,15316.783414705373,3.403729647712305,2579,224,24928,125,3432,590,0.0,0.0,47212,10.491555555555555,57.6076205236916,0.022337192913412796,0.003761078221448476,19
rapid_oscillation,Greedy,3,37900.819712833225,8.422404380629606,0,0,0,10,610,7,,,13500,3.0,0.0,0.0,0.0,23
rapid_oscillation,SPI_HCPI,3,33414.22795816445,7.42538399070321,40,0,0,7,1070,15,,65.0,27000,6.0,0.0,0.0,0.0,23
rapid_oscillation,DualControl,3,13388.729996694838,2.975273332598853,304,0,0,65,3412,394,,0.0,40500,9.0,0.0,0.0,0.0,23
rapid_oscillation,ConstrainedBandit,3,29463.966263647686,6.547548058588375,292,0,0,40,1698,337,,0.0,40500,9.0,0.0,0.0,0.0,23
rapid_oscillation,GenericEIG,3,19146.90971536671,4.254868825637047,102,0,0,15,2631,161,,0.0,54000,12.0,0.0,0.0,0.0,23
rapid_oscillation,ITAC_K_Full,3,14810.570158593158,3.291237813020702,2446,216,24852,150,3552,595,2.0,0.0,46648,10.366222222222222,57.500484311683536,0.02350796578564331,0.003882395052719932,19
rapid_oscillation,ITAC_K_LocalOnly,3,23939.03679993422,5.3197859555409375,4279,0,10944,155,2748,826,0.0,0.0,53116,11.803555555555555,53.23280068990929,0.012440476908134912,0.002223681810374909,19
rapid_oscillation,ITAC_K_GenericVoI_Local,3,22592.769992037203,5.020615553786045,4500,0,11172,155,2847,700,0.0,0.0,54000,12.0,61.33007957614078,0.01362890657247573,0.002714588764359417,19
rapid_oscillation,ITAC_K_UnqualifiedRemote,3,10918.642922208008,2.4263650938240016,1308,634,51756,43,3510,488,11.0,0.0,43768,9.726222222222223,52.147073289935925,0.03986779303511921,0.0047759665428632365,19
rapid_oscillation,ITAC_K_NoKinematics,3,14810.570158593158,3.291237813020702,2446,216,24852,150,3552,595,2.0,0.0,46648,10.366222222222222,57.500484311683536,0.02350796578564331,0.003882395052719932,19
rapid_oscillation,ITAC_K_NoHysteresis,3,13338.175389744609,2.964038975498802,2211,207,24168,135,3640,552,0.0,0.0,45672,10.149333333333333,58.21087711281302,0.02632785034500815,0.004364230894547234,19
rapid_oscillation,Greedy,4,38024.85480425896,8.449967734279769,0,0,0,10,610,5,,,13500,3.0,0.0,0.0,0.0,23
rapid_oscillation,SPI_HCPI,4,19030.49312371521,4.228998471936713,40,0,0,6,2501,15,2.0,0.0,27000,6.0,0.0,0.0,0.0,23
rapid_oscillation,DualControl,4,10077.986833089477,2.239552629575439,325,0,0,65,3699,401,10.0,0.0,40500,9.0,0.0,0.0,0.0,23
rapid_oscillation,ConstrainedBandit,4,21427.083170186503,4.761574037819223,251,0,0,40,2529,333,,0.0,40500,9.0,0.0,0.0,0.0,23
rapid_oscillation,GenericEIG,4,25857.59221929157,5.746131604287016,89,0,0,15,1874,169,9.0,0.0,54000,12.0,0.0,0.0,0.0,23
rapid_oscillation,ITAC_K_Full,4,17776.041316314524,3.95023140362545,3100,185,22952,151,3270,631,0.0,0.0,49140,10.92,55.96649848926836,0.01805370919008657,0.003148423065258255,19
rapid_oscillation,ITAC_K_LocalOnly,4,22230.285806543965,4.940063512565326,4206,0,10032,156,2902,753,2.0,0.0,52824,11.738666666666667,55.13531841117391,0.013108730007411772,0.002480189363779733,19
rapid_oscillation,ITAC_K_GenericVoI_Local,4,23557.020245397427,5.234893387866095,4500,0,10488,156,2795,714,2.0,0.0,54000,12.0,60.98479674588998,0.013552177054642218,0.0025888162471569467,19
rapid_oscillation,ITAC_K_UnqualifiedRemote,4,10452.966346829431,2.32288141040654,1389,587,47500,40,3524,431,26.0,0.0,43904,9.756444444444444,52.39166196296282,0.03771897909500563,0.005012133419797542,19
rapid_oscillation,ITAC_K_NoKinematics,4,17776.041316314524,3.95023140362545,3100,185,22952,151,3270,631,0.0,0.0,49140,10.92,55.96649848926836,0.01805370919008657,0.003148423065258255,19
rapid_oscillation,ITAC_K_NoHysteresis,4,15680.856742941238,3.4846348317647196,2725,175,22344,128,3403,571,1.0,0.0,47600,10.577777777777778,57.025392618001796,0.020926749584587814,0.003636624806464855,19
rapid_oscillation,Greedy,5,38005.89158461619,8.445753685470265,0,0,0,10,610,5,,,13500,3.0,0.0,0.0,0.0,23
rapid_oscillation,SPI_HCPI,5,33067.90807836269,7.348424017413931,40,0,0,8,1131,17,,12.0,27000,6.0,0.0,0.0,0.0,23
rapid_oscillation,DualControl,5,11220.923022780677,2.493538449506817,307,0,0,65,3591,383,17.0,0.0,40500,9.0,0.0,0.0,0.0,23
rapid_oscillation,ConstrainedBandit,5,21188.034073028233,4.708452016228496,241,0,0,40,2576,322,,5.0,40500,9.0,0.0,0.0,0.0,23
rapid_oscillation,GenericEIG,5,30134.55699138967,6.696568220308816,93,0,0,15,1502,167,,85.0,54000,12.0,0.0,0.0,0.0,23
rapid_oscillation,ITAC_K_Full,5,16666.929873374425,3.7037621940832057,2779,183,20900,153,3429,607,0.0,0.0,47848,10.632888888888889,57.39386864572178,0.02065270552203015,0.0034435777363777727,19
rapid_oscillation,ITAC_K_LocalOnly,5,21583.028181246416,4.796228484721426,4015,0,9196,155,2950,742,0.0,0.0,52060,11.568888888888889,55.49938297831829,0.013823009459107917,0.00257143633934287,19
rapid_oscillation,ITAC_K_GenericVoI_Local,5,24842.49464768342,5.520554366151871,4500,0,9576,155,2704,694,0.0,0.0,54000,12.0,62.064561788471394,0.013792124841882532,0.002498322437769307,19
rapid_oscillation,ITAC_K_UnqualifiedRemote,5,11458.561056477365,2.5463469014394144,1383,682,55480,38,3450,447,5.0,0.0,44260,9.835555555555555,50.8518310330774,0.03676921983592003,0.004437889782358978,19
rapid_oscillation,ITAC_K_NoKinematics,5,16666.929873374425,3.7037621940832057,2779,183,20900,153,3429,607,0.0,0.0,47848,10.632888888888889,57.39386864572178,0.02065270552203015,0.0034435777363777727,19
rapid_oscillation,ITAC_K_NoHysteresis,5,11198.278020787917,2.4885062268417593,1896,215,24092,120,3789,424,0.0,0.0,44444,9.876444444444445,59.8792078896336,0.03158186070128354,0.005347179966283822,19
rapid_oscillation,Greedy,6,37840.28469737937,8.408952154973194,0,0,0,10,610,5,,,13500,3.0,0.0,0.0,0.0,23
rapid_oscillation,SPI_HCPI,6,20849.910256352417,4.633313390300537,40,0,0,6,2320,15,,0.0,27000,6.0,0.0,0.0,0.0,23
rapid_oscillation,DualControl,6,16794.413065152392,3.732091792256087,361,0,0,65,3076,414,15.0,0.0,40500,9.0,0.0,0.0,0.0,23
rapid_oscillation,ConstrainedBandit,6,25751.494318645484,5.72255429303233,264,0,0,40,2099,338,,105.0,40500,9.0,0.0,0.0,0.0,23
rapid_oscillation,GenericEIG,6,31424.489417192563,6.983219870487236,98,0,0,15,1346,174,,139.0,54000,12.0,0.0,0.0,0.0,23
rapid_oscillation,ITAC_K_Full,6,17870.079659524876,3.9711288132277502,3072,199,22724,148,3279,661,0.0,0.0,49084,10.907555555555556,54.43613724073734,0.017720096758052518,0.003046216820400266,19
rapid_oscillation,ITAC_K_LocalOnly,6,23441.055062496034,5.2091233472213405,4452,0,9500,159,2799,762,0.0,0.0,53808,11.957333333333333,55.494998701177025,0.012465183895143088,0.0023674275135322277,19
rapid_oscillation,ITAC_K_GenericVoI_Local,6,23302.20442041575,5.178267648981278,4500,0,9500,159,2822,705,0.0,0.0,54000,12.0,60.297628668437724,0.013399473037430606,0.0025876362416428376,19
rapid_oscillation,ITAC_K_UnqualifiedRemote,6,13993.574595707598,3.1096832434905775,1805,786,63460,42,3233,489,,0.0,46364,10.30311111111111,48.27618489591828,0.026745808806602923,0.003449882270304727,19
rapid_oscillation,ITAC_K_NoKinematics,6,17870.079659524876,3.9711288132277502,3072,199,22724,148,3279,661,0.0,0.0,49084,10.907555555555556,54.43613724073734,0.017720096758052518,0.003046216820400266,19
rapid_oscillation,ITAC_K_NoHysteresis,6,17562.922898771343,3.9028717552825207,2854,213,23180,138,3270,611,0.0,0.0,48268,10.726222222222223,54.57709643138479,0.019123019071963836,0.0031075178514393446,19
rapid_oscillation,Greedy,7,37824.29881743408,8.405399737207572,0,0,0,10,610,5,,,13500,3.0,0.0,0.0,0.0,23
rapid_oscillation,SPI_HCPI,7,38135.23554847697,8.474496788550438,40,0,0,9,574,18,,,27000,6.0,0.0,0.0,0.0,23
rapid_oscillation,DualControl,7,14435.028484144581,3.2077841075876847,340,0,0,65,3336,398,8.0,0.0,40500,9.0,0.0,0.0,0.0,23
rapid_oscillation,ConstrainedBandit,7,28241.44003516691,6.275875563370424,248,0,0,40,1811,320,,0.0,40500,9.0,0.0,0.0,0.0,23
rapid_oscillation,GenericEIG,7,22270.204359006595,4.948934302001466,100,0,0,15,2279,164,,0.0,54000,12.0,0.0,0.0,0.0,23
rapid_oscillation,ITAC_K_Full,7,15390.14115830194,3.420031368511542,2422,207,22268,157,3532,630,0.0,0.0,46516,10.33688888888889,55.248965823979354,0.022811298853831277,0.003589893377565044,19
rapid_oscillation,ITAC_K_LocalOnly,7,21134.942645449053,4.696653921210901,4176,0,10184,161,3019,708,0.0,0.0,52704,11.712,54.046258335464124,0.01294211167036976,0.0025571991957641675,19
rapid_oscillation,ITAC_K_GenericVoI_Local,7,22307.070623208798,4.957126805157511,4500,0,10412,161,2904,683,0.0,0.0,54000,12.0,60.33433352795291,0.013407629672878424,0.002704717914201592,19
rapid_oscillation,ITAC_K_UnqualifiedRemote,7,10396.103515218318,2.3102452256040706,1401,594,48184,40,3510,443,13.0,0.0,43980,9.773333333333333,51.66111699148115,0.036874458951806674,0.004969276894545838,19
rapid_oscillation,ITAC_K_NoKinematics,7,15390.14115830194,3.420031368511542,2422,207,22268,157,3532,630,0.0,0.0,46516,10.33688888888889,55.248965823979354,0.022811298853831277,0.003589893377565044,19
rapid_oscillation,ITAC_K_NoHysteresis,7,10294.090982633517,2.2875757739185594,1410,134,17556,111,3846,437,0.0,0.0,42176,9.372444444444444,58.58429449784051,0.04154914503392944,0.00569106049253637,19
rapid_oscillation,Greedy,8,37928.36437325758,8.428525416279463,0,0,0,10,610,5,,,13500,3.0,0.0,0.0,0.0,23
rapid_oscillation,SPI_HCPI,8,32998.57321084114,7.3330162690758085,40,0,0,7,1116,17,,86.0,27000,6.0,0.0,0.0,0.0,23
rapid_oscillation,DualControl,8,10952.175573185184,2.433816794041152,314,0,0,64,3615,387,13.0,0.0,40500,9.0,0.0,0.0,0.0,23
rapid_oscillation,ConstrainedBandit,8,17407.79122745345,3.868398050545211,263,0,0,39,2925,311,16.0,0.0,40500,9.0,0.0,0.0,0.0,23
rapid_oscillation,GenericEIG,8,21442.072683625658,4.764905040805702,92,0,0,15,2341,154,,0.0,54000,12.0,0.0,0.0,0.0,23
rapid_oscillation,ITAC_K_Full,8,13267.571402451067,2.9483492005446816,2132,198,23788,150,3694,571,0.0,0.0,45320,10.071111111111112,64.8175783231575,0.030402241239754928,0.004885413943292065,19
rapid_oscillation,ITAC_K_LocalOnly,8,18914.367823422355,4.203192849649413,3783,0,13452,154,3214,746,0.0,0.0,51132,11.362666666666666,62.306713708638746,0.01647018601867268,0.003294147300629422,19
rapid_oscillation,ITAC_K_GenericVoI_Local,8,23087.731217970602,5.1306069373268,4500,0,13604,154,2851,684,0.0,0.0,54000,12.0,66.89790100580913,0.01486620022351314,0.002897551967069782,19
rapid_oscillation,ITAC_K_UnqualifiedRemote,8,13313.66307932444,2.958591795405431,1856,829,67792,36,3288,494,6.0,0.0,46740,10.386666666666667,53.07504802921585,0.028596469843327504,0.0039865097766849135,19
rapid_oscillation,ITAC_K_NoKinematics,8,13267.571402451067,2.9483492005446816,2132,198,23788,150,3694,571,0.0,0.0,45320,10.071111111111112,64.8175783231575,0.030402241239754928,0.004885413943292065,19
rapid_oscillation,ITAC_K_NoHysteresis,8,16606.12042003383,3.6902489822297397,2616,223,25004,124,3326,525,0.0,0.0,47356,10.523555555555555,60.95723488020636,0.02330169529059876,0.003670769170544301,19
rapid_oscillation,Greedy,9,37933.18505345369,8.429596678545265,0,0,0,10,610,5,,,13500,3.0,0.0,0.0,0.0,23
rapid_oscillation,SPI_HCPI,9,27540.308421340407,6.120068538075646,40,0,0,7,1703,16,,0.0,27000,6.0,0.0,0.0,0.0,23
rapid_oscillation,DualControl,9,10564.497466016144,2.3476661035591433,315,0,0,64,3641,388,1.0,0.0,40500,9.0,0.0,0.0,0.0,23
rapid_oscillation,ConstrainedBandit,9,17039.82423103425,3.7866276068965,250,0,0,39,2957,315,3.0,0.0,40500,9.0,0.0,0.0,0.0,23
rapid_oscillation,GenericEIG,9,30914.797545373713,6.869955010083047,101,0,0,15,1412,174,,237.0,54000,12.0,0.0,0.0,0.0,23
rapid_oscillation,ITAC_K_Full,9,16952.60043150969,3.767244540335487,3082,212,24244,146,3340,582,2.0,0.0,49176,10.928,55.59295070436105,0.018037946367411115,0.0032793169949921538,19
rapid_oscillation,ITAC_K_LocalOnly,9,21618.38422769456,4.804085383932125,4454,0,9880,156,2962,735,1.0,0.0,53816,11.959111111111111,54.18860593486117,0.012166278835846693,0.0025065983361255107,19
rapid_oscillation,ITAC_K_GenericVoI_Local,9,21669.760043288938,4.815502231841986,4500,0,10336,157,2944,700,2.0,0.0,54000,12.0,58.39165030516361,0.012975922290036357,0.002694614531426126,19
rapid_oscillation,ITAC_K_UnqualifiedRemote,9,11202.701608625111,2.4894892463611358,1430,666,54340,38,3454,448,,0.0,44384,9.863111111111111,48.94301939624633,0.034225887689682745,0.0043688586116195785,19
rapid_oscillation,ITAC_K_NoKinematics,9,16952.60043150969,3.767244540335487,3082,212,24244,146,3340,582,2.0,0.0,49176,10.928,55.59295070436105,0.018037946367411115,0.0032793169949921538,19
rapid_oscillation,ITAC_K_NoHysteresis,9,16836.382041489436,3.741418231442097,2804,181,22268,129,3285,538,3.0,0.0,47940,10.653333333333334,55.654755568901884,0.019848343640835195,0.003305624416917684,19
rapid_oscillation,Greedy,10,37867.060407758,8.41490231283511,0,0,0,10,610,5,,,13500,3.0,0.0,0.0,0.0,23
rapid_oscillation,SPI_HCPI,10,32014.36198960596,7.11430266435688,40,0,0,7,1185,16,,0.0,27000,6.0,0.0,0.0,0.0,23
rapid_oscillation,DualControl,10,10943.285277911049,2.431841172869122,345,0,0,65,3609,399,23.0,0.0,40500,9.0,0.0,0.0,0.0,23
rapid_oscillation,ConstrainedBandit,10,32722.51476754275,7.271669948342834,267,0,0,40,1362,330,,150.0,40500,9.0,0.0,0.0,0.0,23
rapid_oscillation,GenericEIG,10,18575.788476530513,4.127952994784558,100,0,0,15,2711,167,,0.0,54000,12.0,0.0,0.0,0.0,23
rapid_oscillation,ITAC_K_Full,10,16183.974112967913,3.5964386917706475,2428,170,21432,155,3438,589,0.0,0.0,46392,10.309333333333333,59.16367050026714,0.02436724485183984,0.0036556948304100664,19
rapid_oscillation,ITAC_K_LocalOnly,10,22042.880280017496,4.898417840003888,4232,0,12160,166,2978,745,1.0,0.0,52928,11.761777777777779,56.770326727589364,0.01341453845169881,0.0025754495785677016,19
rapid_oscillation,ITAC_K_GenericVoI_Local,10,23879.37579132263,5.306527953627251,4500,0,12084,164,2806,684,0.0,0.0,54000,12.0,63.35969994522193,0.014079933321160427,0.0026533231228031426,19
rapid_oscillation,ITAC_K_UnqualifiedRemote,10,20383.499353459098,4.529666522990911,2756,1015,80560,41,2724,604,20.0,0.0,51084,11.352,43.0980566604363,0.015637901545876742,0.00211436004746273,19
rapid_oscillation,ITAC_K_NoKinematics,10,16183.974112967913,3.5964386917706475,2428,169,21356,155,3438,589,0.0,0.0,46388,10.308444444444444,59.147432687547635,0.02436055712007728,0.003654691503748385,19
rapid_oscillation,ITAC_K_NoHysteresis,10,16257.76765348765,3.612837256330589,2440,239,27512,107,3268,531,0.0,0.0,46716,10.381333333333334,59.436063353293854,0.024359042357907316,0.003655856364790864,19
rapid_oscillation,Greedy,11,37872.363393583204,8.4160807541296,0,0,0,10,610,5,,,13500,3.0,0.0,0.0,0.0,23
rapid_oscillation,SPI_HCPI,11,5590.336380982533,1.242296973551674,40,0,0,5,3809,15,20.0,0.0,27000,6.0,0.0,0.0,0.0,23
rapid_oscillation,DualControl,11,12637.111811689803,2.8082470692644006,335,0,0,65,3491,404,26.0,0.0,40500,9.0,0.0,0.0,0.0,23
rapid_oscillation,ConstrainedBandit,11,29666.085864623,6.592463525471778,264,0,0,40,1622,330,27.0,0.0,40500,9.0,0.0,0.0,0.0,23
rapid_oscillation,GenericEIG,11,31847.78027042864,7.077284504539698,91,0,0,15,1247,162,26.0,0.0,54000,12.0,0.0,0.0,0.0,23
rapid_oscillation,ITAC_K_Full,11,17467.099662808072,3.881577702846238,2990,159,19532,158,3337,662,0.0,0.0,48596,10.799111111111111,53.41427166009385,0.017864304903041424,0.0030579931809644684,19
rapid_oscillation,ITAC_K_LocalOnly,11,23370.09968566797,5.193355485703993,4237,0,8816,170,2871,794,1.0,0.0,52948,11.766222222222222,51.28735692991572,0.012104639350935973,0.0021945715944621485,19
rapid_oscillation,ITAC_K_GenericVoI_Local,11,25121.918906732913,5.5826486459406475,4500,0,9272,170,2753,709,1.0,0.0,54000,12.0,57.678587689943186,0.012817463931098486,0.002295946734963975,19
rapid_oscillation,ITAC_K_UnqualifiedRemote,11,11496.381830958422,2.5547515179907605,1385,624,50312,39,3399,448,1.0,0.0,44036,9.785777777777778,48.51910115791157,0.03503184199127189,0.004220380104917467,19
rapid_oscillation,ITAC_K_NoKinematics,11,17467.099662808072,3.881577702846238,2990,159,19532,158,3337,662,0.0,0.0,48596,10.799111111111111,53.41427166009385,0.017864304903041424,0.0030579931809644684,19
rapid_oscillation,ITAC_K_NoHysteresis,11,17172.591245419062,3.816131387870903,2856,155,19456,147,3323,674,0.0,0.0,48044,10.676444444444444,52.80996201143847,0.018490883057226355,0.0030752471340355224,19
rapid_oscillation,Greedy,12,37969.1401315823,8.437586695907179,0,0,0,10,610,5,,,13500,3.0,0.0,0.0,0.0,23
rapid_oscillation,SPI_HCPI,12,26675.338442210283,5.9278529871578405,40,0,0,8,1759,18,,0.0,27000,6.0,0.0,0.0,0.0,23
rapid_oscillation,DualControl,12,12794.354726449821,2.8431899392110713,333,0,0,65,3414,401,27.0,0.0,40500,9.0,0.0,0.0,0.0,23
rapid_oscillation,ConstrainedBandit,12,25589.23529067926,5.686496731262057,255,0,0,40,2121,327,,0.0,40500,9.0,0.0,0.0,0.0,23
rapid_oscillation,GenericEIG,12,28120.11409016476,6.248914242258835,116,0,0,15,1720,169,,0.0,54000,12.0,0.0,0.0,0.0,23
rapid_oscillation,ITAC_K_Full,12,20052.719891627046,4.456159975917122,3523,191,22268,148,3110,710,0.0,0.0,50856,11.301333333333334,50.73496129830845,0.01440106764073473,0.002530078790932131,19
rapid_oscillation,ITAC_K_LocalOnly,12,23095.28833169562,5.13228629593236,4287,0,9272,157,2849,772,0.0,0.0,53148,11.810666666666666,50.90907485582296,0.01187522156655539,0.002204305662898182,19
rapid_oscillation,ITAC_K_GenericVoI_Local,12,24362.129100424674,5.413806466761039,4500,0,9196,157,2715,719,0.0,0.0,54000,12.0,57.810004984958965,0.012846667774435326,0.0023729455150104774,19
rapid_oscillation,ITAC_K_UnqualifiedRemote,12,10059.304712974952,2.235401047327767,1240,672,54416,36,3540,456,1.0,0.0,43648,9.699555555555555,46.313267420159114,0.037349409209805735,0.004604022717437135,19
rapid_oscillation,ITAC_K_NoKinematics,12,20052.719891627046,4.456159975917122,3523,190,22192,148,3110,710,0.0,0.0,50852,11.300444444444445,50.73807098237734,0.014401950321424167,0.002530233866357594,19
rapid_oscillation,ITAC_K_NoHysteresis,12,16314.488603346574,3.6254419118547943,2729,218,24092,125,3340,576,0.0,0.0,47788,10.619555555555555,51.66591914853465,0.018932179973812625,0.0031668733482664285,19
rapid_oscillation,Greedy,13,37956.85784848167,8.434857299662593,0,0,0,10,610,5,,,13500,3.0,0.0,0.0,0.0,23
rapid_oscillation,SPI_HCPI,13,31420.066446588044,6.982236988130676,40,0,0,8,1301,18,,24.0,27000,6.0,0.0,0.0,0.0,23
rapid_oscillation,DualControl,13,12725.925443266035,2.8279834318368966,320,0,0,65,3480,390,26.0,0.0,40500,9.0,0.0,0.0,0.0,23
rapid_oscillation,ConstrainedBandit,13,29698.47011528246,6.599660025618324,272,0,0,40,1686,336,,22.0,40500,9.0,0.0,0.0,0.0,23
rapid_oscillation,GenericEIG,13,26723.843249997943,5.9386318333328765,97,0,0,15,1797,165,,0.0,54000,12.0,0.0,0.0,0.0,23
rapid_oscillation,ITAC_K_Full,13,14341.652877870896,3.187033972860199,2410,215,24624,148,3572,570,0.0,0.0,46500,10.333333333333334,56.348514330380475,0.023381126278166173,0.003929011168393705,19
rapid_oscillation,ITAC_K_LocalOnly,13,21831.759478148662,4.851502106255258,4080,0,10184,155,2971,716,1.0,0.0,52320,11.626666666666667,54.655379127262705,0.013395926256682036,0.002503480270656476,19
rapid_oscillation,ITAC_K_GenericVoI_Local,13,22781.297774063823,5.062510616458628,4500,0,9804,155,2877,687,1.0,0.0,54000,12.0,59.92968041425058,0.013317706758722353,0.002630652608495362,19
rapid_oscillation,ITAC_K_UnqualifiedRemote,13,10847.29164942164,2.4105092554270313,1394,697,57532,37,3490,417,3.0,0.0,44364,9.858666666666666,50.22266936148216,0.03602773985759122,0.004629973175300394,19
rapid_oscillation,ITAC_K_NoKinematics,13,14341.652877870896,3.187033972860199,2410,215,24624,148,3572,570,0.0,0.0,46500,10.333333333333334,56.348514330380475,0.023381126278166173,0.003929011168393705,19
rapid_oscillation,ITAC_K_NoHysteresis,13,14100.545463727338,3.133454547494964,2124,245,26296,125,3542,498,0.0,0.0,45476,10.105777777777778,57.179512393330256,0.026920674384807088,0.004055127692784689,19
rapid_oscillation,Greedy,14,38076.04703115243,8.46134378470054,0,0,0,10,610,5,,,13500,3.0,0.0,0.0,0.0,23
rapid_oscillation,SPI_HCPI,14,30959.999681465753,6.879999929214612,40,0,0,8,1300,18,28.0,0.0,27000,6.0,0.0,0.0,0.0,23
rapid_oscillation,DualControl,14,13204.326026875246,2.9342946726389436,321,0,0,64,3419,386,9.0,0.0,40500,9.0,0.0,0.0,0.0,23
rapid_oscillation,ConstrainedBandit,14,27730.05291184914,6.16223398041092,231,0,0,39,1833,309,8.0,0.0,40500,9.0,0.0,0.0,0.0,23
rapid_oscillation,GenericEIG,14,37085.89539131989,8.241310086959976,100,0,0,15,769,158,,385.0,54000,12.0,0.0,0.0,0.0,23
rapid_oscillation,ITAC_K_Full,14,17446.338590522355,3.87696413122719,3011,223,25536,145,3297,613,0.0,0.0,48936,10.874666666666666,61.52027556648929,0.02043184176901006,0.0035262571139086972,19
rapid_oscillation,ITAC_K_LocalOnly,14,20495.810718306162,4.554624604068036,4239,0,12464,150,3042,711,0.0,0.0,52956,11.768,60.21751162194742,0.014205593682931688,0.0029380399950787593,19
rapid_oscillation,ITAC_K_GenericVoI_Local,14,22169.05867041803,4.926457482315118,4500,0,12388,150,2886,697,0.0,0.0,54000,12.0,65.15893536667288,0.014479763414816195,0.002939183676464338,19
rapid_oscillation,ITAC_K_UnqualifiedRemote,14,16016.604420714055,3.5592454268253455,2066,1072,86488,37,3077,498,,0.0,48552,10.789333333333333,48.95128206614488,0.023693747369866833,0.003056283390681539,19
rapid_oscillation,ITAC_K_NoKinematics,14,17446.338590522355,3.87696413122719,3011,223,25536,145,3297,613,0.0,0.0,48936,10.874666666666666,61.52027556648929,0.02043184176901006,0.0035262571139086972,19
rapid_oscillation,ITAC_K_NoHysteresis,14,13539.04816537344,3.008677370082987,2158,256,28424,120,3573,487,1.0,0.0,45656,10.145777777777777,63.26478251542794,0.029316395975638527,0.004672764417607265,19
rapid_oscillation,Greedy,15,37928.90836361094,8.428646303024655,0,0,0,10,610,5,,,13500,3.0,0.0,0.0,0.0,23
rapid_oscillation,SPI_HCPI,15,28300.80925118689,6.289068722485975,40,0,0,8,1574,18,27.0,0.0,27000,6.0,0.0,0.0,0.0,23
rapid_oscillation,DualControl,15,15917.010757268947,3.5371135016153215,346,0,0,66,3226,412,,0.0,40500,9.0,0.0,0.0,0.0,23
rapid_oscillation,ConstrainedBandit,15,32377.293545657485,7.194954121257219,235,0,0,40,1390,330,,0.0,40500,9.0,0.0,0.0,0.0,23
rapid_oscillation,GenericEIG,15,34871.84053011707,7.749297895581571,99,0,0,16,985,174,,169.0,54000,12.0,0.0,0.0,0.0,23
rapid_oscillation,ITAC_K_Full,15,18060.266290671596,4.013392509038132,3202,235,26372,145,3240,592,0.0,0.0,49748,11.055111111111112,56.073154362073886,0.01751191579077885,0.003104780043638478,19
rapid_oscillation,ITAC_K_LocalOnly,15,20683.596935639747,4.59635487458661,4009,0,10716,153,3051,672,0.0,0.0,52036,11.563555555555556,55.719312846078495,0.01389855645948578,0.0026938889313816096,19
rapid_oscillation,ITAC_K_GenericVoI_Local,15,24345.813117712205,5.410180692824935,4500,0,10868,153,2724,679,0.0,0.0,54000,12.0,62.288939367772855,0.013841986526171746,0.0025585072499573263,19
rapid_oscillation,ITAC_K_UnqualifiedRemote,15,10443.476148970383,2.320772477548974,1394,669,55024,38,3536,424,6.0,0.0,44252,9.833777777777778,52.16758991257334,0.03742294828735534,0.004995232350649502,19
rapid_oscillation,ITAC_K_NoKinematics,15,18060.266290671596,4.013392509038132,3202,235,26372,145,3240,592,0.0,0.0,49748,11.055111111111112,56.073154362073886,0.01751191579077885,0.003104780043638478,19
rapid_oscillation,ITAC_K_NoHysteresis,15,16085.12701082832,3.5744726690729602,2620,279,30096,115,3353,556,0.0,0.0,47596,10.576888888888888,58.02465514910069,0.022146814942404842,0.003607348273348365,19
rapid_oscillation,Greedy,16,37937.24368860397,8.43049859746755,0,0,0,10,610,7,,,13500,3.0,0.0,0.0,0.0,23
rapid_oscillation,SPI_HCPI,16,37612.29763231659,8.35828836273702,40,0,0,7,630,15,,513.0,27000,6.0,0.0,0.0,0.0,23
rapid_oscillation,DualControl,16,15190.082860027806,3.375573968895068,306,0,0,65,3249,406,,0.0,40500,9.0,0.0,0.0,0.0,23
rapid_oscillation,ConstrainedBandit,16,27512.984296829374,6.113996510406528,255,0,0,40,1901,339,,234.0,40500,9.0,0.0,0.0,0.0,23
rapid_oscillation,GenericEIG,16,33283.75268478885,7.396389485508633,100,0,0,15,1158,169,,0.0,54000,12.0,0.0,0.0,0.0,23
rapid_oscillation,ITAC_K_Full,16,18893.380854684066,4.198529078818681,2988,232,24092,153,3172,636,0.0,0.0,48880,10.862222222222222,49.533124414802174,0.016577350875101128,0.0026217184100495107,19
rapid_oscillation,ITAC_K_LocalOnly,16,23993.45989029869,5.3318799756219315,4383,0,8132,171,2810,803,0.0,0.0,53532,11.896,48.790695456094184,0.011131803663265842,0.002033499781989416,19
rapid_oscillation,ITAC_K_GenericVoI_Local,16,24646.245437489655,5.4769434305532565,4500,0,8208,167,2707,707,0.0,0.0,54000,12.0,56.7021804452239,0.012600484543383089,0.002300641717986531,19
rapid_oscillation,ITAC_K_UnqualifiedRemote,16,10741.20554659419,2.38693456590982,1401,618,50540,44,3474,433,18.0,0.0,44076,9.794666666666666,45.07094231356736,0.032170551258791834,0.0041960785610194755,19
rapid_oscillation,ITAC_K_NoKinematics,16,18893.380854684066,4.198529078818681,2988,232,24092,153,3172,636,0.0,0.0,48880,10.862222222222222,49.533124414802174,0.016577350875101128,0.0026217184100495107,19
rapid_oscillation,ITAC_K_NoHysteresis,16,18632.229969519354,4.140495548782079,2821,205,22268,142,3157,578,0.0,0.0,48104,10.689777777777778,51.46028025757036,0.018241857588645997,0.0027618959374028085,19
rapid_oscillation,Greedy,17,37932.77875103783,8.429506389119519,0,0,0,10,610,5,,,13500,3.0,0.0,0.0,0.0,23
rapid_oscillation,SPI_HCPI,17,31149.74112221737,6.922164693826082,40,0,0,7,1263,16,3.0,0.0,27000,6.0,0.0,0.0,0.0,23
rapid_oscillation,DualControl,17,12856.426384152823,2.8569836409228495,310,0,0,64,3473,397,,0.0,40500,9.0,0.0,0.0,0.0,23
rapid_oscillation,ConstrainedBandit,17,23839.05512265297,5.297567805033994,244,0,0,39,2249,318,7.0,0.0,40500,9.0,0.0,0.0,0.0,23
rapid_oscillation,GenericEIG,17,28297.582888436154,6.288351752985812,101,0,0,15,1641,160,0.0,0.0,54000,12.0,0.0,0.0,0.0,23
rapid_oscillation,ITAC_K_Full,17,18975.265685384802,4.216725707863289,3603,292,31388,145,3182,629,0.0,0.0,51580,11.462222222222222,54.81939991664466,0.015214931977975205,0.002888992482401333,19
rapid_oscillation,ITAC_K_LocalOnly,17,23097.014500295696,5.132669888954599,4419,0,12616,154,2811,806,0.0,0.0,53676,11.928,57.31087239573094,0.01296919493001379,0.002481310837597527,19
rapid_oscillation,ITAC_K_GenericVoI_Local,17,22002.1024715818,4.889356104795955,4500,0,12540,154,2923,697,3.0,0.0,54000,12.0,62.81649622306468,0.013959221382903262,0.0028550224372511346,19
rapid_oscillation,ITAC_K_UnqualifiedRemote,17,24113.640889319522,5.358586864293227,2878,1249,99180,37,2435,510,3.0,0.0,52508,11.668444444444445,41.389050205276305,0.014381184921916715,0.0017164164629991008,19
rapid_oscillation,ITAC_K_NoKinematics,17,18975.265685384802,4.216725707863289,3603,292,31388,145,3182,629,0.0,0.0,51580,11.462222222222222,54.81939991664466,0.015214931977975205,0.002888992482401333,19
rapid_oscillation,ITAC_K_NoHysteresis,17,16958.543437714565,3.7685652083810144,2711,165,21812,121,3228,563,0.0,0.0,47504,10.556444444444445,59.94206590027278,0.02211068458143592,0.0035346234846423187,19
rapid_oscillation,Greedy,18,37793.94535383639,8.398654523074754,0,0,0,10,610,5,,,13500,3.0,0.0,0.0,0.0,23
rapid_oscillation,SPI_HCPI,18,17965.029773740527,3.992228838609006,40,0,0,6,2563,15,8.0,0.0,27000,6.0,0.0,0.0,0.0,23
rapid_oscillation,DualControl,18,11945.164100835815,2.6544809112968477,311,0,0,65,3537,379,11.0,0.0,40500,9.0,0.0,0.0,0.0,23
rapid_oscillation,ConstrainedBandit,18,28474.441366642604,6.32765363703169,255,0,0,40,1804,335,,80.0,40500,9.0,0.0,0.0,0.0,23
rapid_oscillation,GenericEIG,18,31487.236923378827,6.99716376075085,89,0,0,15,1327,157,,17.0,54000,12.0,0.0,0.0,0.0,23
rapid_oscillation,ITAC_K_Full,18,17741.529906997497,3.9425622015549995,3127,211,23712,156,3310,624,5.0,0.0,49352,10.96711111111111,55.09085537113181,0.017617798327832366,0.003105191923127398,19
rapid_oscillation,ITAC_K_LocalOnly,18,21159.26221935594,4.702058270967987,4481,0,9728,164,3031,724,16.0,0.0,53924,11.98311111111111,54.17525554021809,0.012089992309800957,0.002560356546395081,19
rapid_oscillation,ITAC_K_GenericVoI_Local,18,21887.448220191996,4.863877382264888,4500,0,9728,164,2950,713,16.0,0.0,54000,12.0,56.55920582790967,0.01256871240620215,0.002584093187059224,19
rapid_oscillation,ITAC_K_UnqualifiedRemote,18,10451.747453027921,2.322610545117316,1364,683,55480,41,3521,409,20.0,0.0,44188,9.819555555555555,50.64441240704924,0.03712933460927363,0.004845544980363768,19
rapid_oscillation,ITAC_K_NoKinematics,18,17741.529906997497,3.9425622015549995,3127,211,23712,156,3310,624,5.0,0.0,49352,10.96711111111111,55.09085537113181,0.017617798327832366,0.003105191923127398,19
rapid_oscillation,ITAC_K_NoHysteresis,18,15120.484799959793,3.3601077333243987,2946,248,27056,141,3487,543,0.0,0.0,48776,10.83911111111111,55.69941277119922,0.01890679320135751,0.0036837054835270446,19
rapid_oscillation,Greedy,19,38040.073782034386,8.453349729340975,0,0,0,10,610,5,,,13500,3.0,0.0,0.0,0.0,23
rapid_oscillation,SPI_HCPI,19,27122.300698331175,6.027177932962483,40,0,0,8,1717,18,,0.0,27000,6.0,0.0,0.0,0.0,23
rapid_oscillation,DualControl,19,9863.748179843284,2.191944039965174,304,0,0,63,3710,381,0.0,0.0,40500,9.0,0.0,0.0,0.0,23
rapid_oscillation,ConstrainedBandit,19,32760.7168634008,7.280159302977956,246,0,0,40,1363,329,,89.0,40500,9.0,0.0,0.0,0.0,23
rapid_oscillation,GenericEIG,19,24825.498028951017,5.516777339766892,98,0,0,15,2042,168,,0.0,54000,12.0,0.0,0.0,0.0,23
rapid_oscillation,ITAC_K_Full,19,18109.82621274535,4.024405825054522,2939,187,22496,154,3285,636,0.0,0.0,48504,10.778666666666666,55.27882018481395,0.018808717313648846,0.003052421350455024,19
rapid_oscillation,ITAC_K_LocalOnly,19,22873.49455571793,5.08299879015954,4410,0,10564,157,2858,761,0.0,0.0,53640,11.92,54.12216991829521,0.012272600888502315,0.0023661522198306036,19
rapid_oscillation,ITAC_K_GenericVoI_Local,19,23497.124566442017,5.221583236987115,4500,0,10412,157,2815,687,0.0,0.0,54000,12.0,59.83609345599605,0.013296909656888012,0.002546528333149853,19
rapid_oscillation,ITAC_K_UnqualifiedRemote,19,17095.506524228123,3.799001449828472,2383,920,73492,39,3018,551,0.0,0.0,49212,10.936,42.71218575148844,0.017923703630502913,0.0024984451727684,19
rapid_oscillation,ITAC_K_NoKinematics,19,18109.82621274535,4.024405825054522,2939,187,22496,154,3285,636,0.0,0.0,48504,10.778666666666666,55.27882018481395,0.018808717313648846,0.003052421350455024,19
rapid_oscillation,ITAC_K_NoHysteresis,19,17111.821244329985,3.8026269431844413,2635,227,25232,131,3268,528,1.0,0.0,47448,10.544,56.321086029506944,0.021374226197156336,0.0032913554451820246,19
rapid_oscillation,Greedy,20,37916.996109733904,8.425999135496424,0,0,0,10,610,5,,,13500,3.0,0.0,0.0,0.0,23
rapid_oscillation,SPI_HCPI,20,26414.023148828248,5.869782921961833,40,0,0,8,1766,18,,0.0,27000,6.0,0.0,0.0,0.0,23
rapid_oscillation,DualControl,20,11980.300479482952,2.662288995440656,327,0,0,65,3546,397,,0.0,40500,9.0,0.0,0.0,0.0,23
rapid_oscillation,ConstrainedBandit,20,25296.465177734073,5.621436706163127,259,0,0,40,2143,321,,89.0,40500,9.0,0.0,0.0,0.0,23
rapid_oscillation,GenericEIG,20,21655.817854071753,4.812403967571501,109,0,0,15,2386,166,,0.0,54000,12.0,0.0,0.0,0.0,23
rapid_oscillation,ITAC_K_Full,20,15372.16886777946,3.416037526173213,2380,161,19532,154,3547,631,0.0,0.0,46164,10.258666666666667,53.84481310253854,0.02262387105148678,0.003502746656354975,19
rapid_oscillation,ITAC_K_LocalOnly,20,22371.868735065607,4.971526385570135,4372,0,9348,163,2930,754,4.0,0.0,53488,11.886222222222223,52.97420206548244,0.012116697636203669,0.00236789347786807,19
rapid_oscillation,ITAC_K_GenericVoI_Local,20,22309.68922939104,4.957708717642453,4500,0,9576,167,2947,710,2.0,0.0,54000,12.0,55.99452863875833,0.01244322858639074,0.002509874882747829,19
rapid_oscillation,ITAC_K_UnqualifiedRemote,20,11204.766141514845,2.489948031447743,1385,634,50844,41,3464,463,,0.0,44076,9.794666666666666,48.250918429154424,0.034838208252097054,0.004306285184335947,19
rapid_oscillation,ITAC_K_NoKinematics,20,15372.16886777946,3.416037526173213,2380,161,19532,154,3547,631,0.0,0.0,46164,10.258666666666667,53.84481310253854,0.02262387105148678,0.003502746656354975,19
rapid_oscillation,ITAC_K_NoHysteresis,20,14267.826331067406,3.1706280735705348,2220,171,20216,138,3583,560,0.0,0.0,45564,10.125333333333334,54.54551558435044,0.024570052065022722,0.003822973052705343,19
rapid_oscillation,Greedy,21,37822.08786944499,8.404908415432221,0,0,0,10,610,5,,,13500,3.0,0.0,0.0,0.0,23
rapid_oscillation,SPI_HCPI,21,26829.2851189564,5.962063359768089,40,0,0,8,1750,18,,0.0,27000,6.0,0.0,0.0,0.0,23
rapid_oscillation,DualControl,21,17858.73810637262,3.9686084680828047,334,0,0,66,2990,401,,0.0,40500,9.0,0.0,0.0,0.0,23
rapid_oscillation,ConstrainedBandit,21,35628.62122437062,7.917471383193471,267,0,0,41,1049,326,,312.0,40500,9.0,0.0,0.0,0.0,23
rapid_oscillation,GenericEIG,21,37395.71305257238,8.310158456127194,106,0,0,17,717,174,,437.0,54000,12.0,0.0,0.0,0.0,23
rapid_oscillation,ITAC_K_Full,21,21772.80991988336,4.838402204418524,3632,214,25232,153,2934,646,0.0,0.0,51384,11.418666666666667,52.50060028745087,0.014455011092359821,0.0024112919040140193,19
rapid_oscillation,ITAC_K_LocalOnly,21,25374.37844692671,5.638750765983713,4481,0,9956,158,2648,725,0.0,0.0,53924,11.98311111111111,52.09662557188655,0.01162611594998584,0.0020531192786003545,19
rapid_oscillation,ITAC_K_GenericVoI_Local,21,25370.191376270846,5.637820305837966,4500,0,9956,158,2656,703,0.0,0.0,54000,12.0,60.435917006375135,0.013430203779194475,0.0023821624405601385,19
rapid_oscillation,ITAC_K_UnqualifiedRemote,21,11050.5591137467,2.455679803054822,1423,638,52592,41,3511,436,,0.0,44244,9.832,48.45557686404595,0.034051705456111,0.0043848982087945285,19
rapid_oscillation,ITAC_K_NoKinematics,21,21772.80991988336,4.838402204418524,3632,214,25232,153,2934,646,0.0,0.0,51384,11.418666666666667,52.50060028745087,0.014455011092359821,0.0024112919040140193,19
rapid_oscillation,ITAC_K_NoHysteresis,21,16791.7741461116,3.7315053658025774,2845,197,23636,146,3362,565,0.0,0.0,48168,10.704,53.78143797064068,0.018903844629399185,0.003202844291655425,19
rapid_oscillation,Greedy,22,38090.79144453249,8.46462032100722,0,0,0,10,610,5,,,13500,3.0,0.0,0.0,0.0,23
rapid_oscillation,SPI_HCPI,22,31646.064251602646,7.032458722578365,40,0,0,8,1229,17,20.0,0.0,27000,6.0,0.0,0.0,0.0,23
rapid_oscillation,DualControl,22,12817.867226121078,2.848414939138017,343,0,0,65,3495,396,,0.0,40500,9.0,0.0,0.0,0.0,23
rapid_oscillation,ConstrainedBandit,22,21728.411517072604,4.828535892682801,233,0,0,40,2501,334,,0.0,40500,9.0,0.0,0.0,0.0,23
rapid_oscillation,GenericEIG,22,25929.93110793228,5.76220691287384,96,0,0,15,1943,167,,63.0,54000,12.0,0.0,0.0,0.0,23
rapid_oscillation,ITAC_K_Full,22,16573.827207301685,3.6830727127337077,2656,228,25688,148,3411,608,0.0,0.0,47536,10.563555555555556,58.60212967041231,0.022064054845787766,0.0035358236174077426,19
rapid_oscillation,ITAC_K_LocalOnly,22,21265.884886391217,4.725752196975826,4459,0,11096,154,2994,757,0.0,0.0,53836,11.963555555555555,57.63058874487291,0.012924554551440438,0.0027100019139929014,19
rapid_oscillation,ITAC_K_GenericVoI_Local,22,23065.509118100512,5.1256686929112245,4500,0,11476,154,2833,689,0.0,0.0,54000,12.0,63.41880001448472,0.014093066669885492,0.002749507920669187,19
rapid_oscillation,ITAC_K_UnqualifiedRemote,22,18933.733300283162,4.2074962889518135,2901,936,74480,40,2854,576,0.0,0.0,51348,11.410666666666666,43.99949277704059,0.015167008885570696,0.002323867780285178,19
rapid_oscillation,ITAC_K_NoKinematics,22,16573.827207301685,3.6830727127337077,2656,228,25688,148,3411,608,0.0,0.0,47536,10.563555555555556,58.60212967041231,0.022064054845787766,0.0035358236174077426,19
rapid_oscillation,ITAC_K_NoHysteresis,22,14720.39080927731,3.27119795761718,2689,202,23940,122,3491,532,0.0,0.0,47564,10.569777777777778,60.30004200652197,0.022424708816110812,0.0040963614884815935,19
rapid_oscillation,Greedy,23,37732.1014196747,8.384911426594378,0,0,0,10,610,5,,,13500,3.0,0.0,0.0,0.0,23
rapid_oscillation,SPI_HCPI,23,33743.31433686768,7.498514297081707,40,0,0,9,1026,19,,103.0,27000,6.0,0.0,0.0,0.0,23
rapid_oscillation,DualControl,23,11275.6282972157,2.5056951771590446,321,0,0,65,3600,391,,0.0,40500,9.0,0.0,0.0,0.0,23
rapid_oscillation,ConstrainedBandit,23,20002.15957258038,4.444924349462307,241,0,0,39,2634,308,25.0,0.0,40500,9.0,0.0,0.0,0.0,23
rapid_oscillation,GenericEIG,23,25328.52101365234,5.628560225256075,101,0,0,15,1934,166,,0.0,54000,12.0,0.0,0.0,0.0,23
rapid_oscillation,ITAC_K_Full,23,15824.504765992297,3.516556614664955,2431,198,21736,156,3483,579,0.0,0.0,46516,10.33688888888889,55.355018718887194,0.02277047252936536,0.003498056940009148,19
rapid_oscillation,ITAC_K_LocalOnly,23,21613.218192456887,4.80293737610153,4010,0,10260,160,2973,709,1.0,0.0,52040,11.564444444444444,54.41035708438317,0.013568667602090566,0.0025174574466366438,19
rapid_oscillation,ITAC_K_GenericVoI_Local,23,24656.396470274398,5.479199215616533,4500,0,10336,161,2710,690,2.0,0.0,54000,12.0,61.747877816656796,0.013721750625923733,0.0025043350471387685,19
rapid_oscillation,ITAC_K_UnqualifiedRemote,23,11567.910859755319,2.5706468577234043,1394,633,51604,40,3396,426,8.0,0.0,44108,9.801777777777778,50.43838067549488,0.03618248255057021,0.004360197903233301,19
rapid_oscillation,ITAC_K_NoKinematics,23,15824.504765992297,3.516556614664955,2431,198,21736,156,3483,579,0.0,0.0,46516,10.33688888888889,55.355018718887194,0.02277047252936536,0.003498056940009148,19
rapid_oscillation,ITAC_K_NoHysteresis,23,13725.469392752078,3.050104309500462,1931,185,21204,121,3556,492,0.0,0.0,44464,9.880888888888888,57.852659999604086,0.029959948213155924,0.00421498590278843,19
rapid_oscillation,Greedy,24,37921.00606117167,8.426890235815927,0,0,0,10,610,5,,,13500,3.0,0.0,0.0,0.0,23
rapid_oscillation,SPI_HCPI,24,34453.9051952147,7.656423376714377,40,0,0,8,974,17,,152.0,27000,6.0,0.0,0.0,0.0,23
rapid_oscillation,DualControl,24,13683.209472810717,3.0407132161801593,339,0,0,65,3433,400,,0.0,40500,9.0,0.0,0.0,0.0,23
rapid_oscillation,ConstrainedBandit,24,30151.342304882914,6.700298289973981,262,0,0,40,1584,344,,0.0,40500,9.0,0.0,0.0,0.0,23
rapid_oscillation,GenericEIG,24,29558.786609062834,6.5686192464584074,98,0,0,15,1501,165,,0.0,54000,12.0,0.0,0.0,0.0,23
rapid_oscillation,ITAC_K_Full,24,18872.993173235463,4.193998482941214,3343,267,28728,136,3233,704,0.0,0.0,50440,11.20888888888889,53.18626132161053,0.01590974015004802,0.0028181147968111423,19
rapid_oscillation,ITAC_K_LocalOnly,24,21258.857972140642,4.724190660475698,3945,0,11020,159,3000,745,0.0,0.0,51780,11.506666666666666,56.18136957535079,0.014241158320747982,0.002642727546746654,19
rapid_oscillation,ITAC_K_GenericVoI_Local,24,23933.906839134244,5.318645964252054,4500,0,11248,159,2753,684,0.0,0.0,54000,12.0,62.52566261772618,0.01389459169282804,0.0026124302663153467,19
rapid_oscillation,ITAC_K_UnqualifiedRemote,24,10494.249505368713,2.332055445637492,1315,602,48564,38,3500,455,16.0,0.0,43668,9.704,51.33184882301589,0.039035626481380904,0.0048914263756312665,19
rapid_oscillation,ITAC_K_NoKinematics,24,18872.993173235463,4.193998482941214,3343,267,28728,136,3233,704,0.0,0.0,50440,11.20888888888889,53.18626132161053,0.01590974015004802,0.0028181147968111423,19
rapid_oscillation,ITAC_K_NoHysteresis,24,16098.07074297536,3.5773490539945243,2647,178,21356,106,3284,547,1.0,0.0,47300,10.511111111111111,58.24466576514344,0.022004029378595934,0.003618114660762029,19
rapid_oscillation,Greedy,25,37881.407368331995,8.418090526295998,0,0,0,10,610,5,,,13500,3.0,0.0,0.0,0.0,23
rapid_oscillation,SPI_HCPI,25,23787.88491509613,5.28619664779914,40,0,0,7,1990,17,,0.0,27000,6.0,0.0,0.0,0.0,23
rapid_oscillation,DualControl,25,10969.070309604338,2.437571179912075,352,0,0,64,3627,390,7.0,0.0,40500,9.0,0.0,0.0,0.0,23
rapid_oscillation,ConstrainedBandit,25,14658.319338641671,3.257404297475927,254,0,0,39,3157,304,7.0,0.0,40500,9.0,0.0,0.0,0.0,23
rapid_oscillation,GenericEIG,25,24223.31274596563,5.382958387992362,98,0,0,15,2047,163,1.0,0.0,54000,12.0,0.0,0.0,0.0,23
rapid_oscillation,ITAC_K_Full,25,17594.93918174548,3.9099864848323294,3092,178,22268,155,3325,640,2.0,0.0,49080,10.906666666666666,55.59603064099048,0.01798060499385203,0.003159773959245658,19
rapid_oscillation,ITAC_K_LocalOnly,25,21771.54898689609,4.83812199708802,4322,0,11172,161,2942,761,2.0,0.0,53288,11.841777777777779,55.42642400252926,0.012824253586887843,0.0025458190428200326,19
rapid_oscillation,ITAC_K_GenericVoI_Local,25,22576.29761366373,5.016955025258607,4500,0,10944,161,2880,703,2.0,0.0,54000,12.0,60.96331364572217,0.013547403032382704,0.0027003237948469315,19
rapid_oscillation,ITAC_K_UnqualifiedRemote,25,10100.917593758133,2.244648354168474,1400,638,52820,42,3542,438,,0.0,44152,9.811555555555556,51.27236074854029,0.03662311482038592,0.005076010201313202,19
rapid_oscillation,ITAC_K_NoKinematics,25,17594.93918174548,3.9099864848323294,3092,178,22268,155,3325,640,2.0,0.0,49080,10.906666666666666,55.59603064099048,0.01798060499385203,0.003159773959245658,19
rapid_oscillation,ITAC_K_NoHysteresis,25,14413.67658151663,3.203039240337029,2463,197,22800,130,3527,521,0.0,0.0,46640,10.364444444444445,57.428407549035924,0.023316446426729972,0.003984299718690733,19
rapid_oscillation,Greedy,26,37673.85633668415,8.3719680748187,0,0,0,10,610,5,,,13500,3.0,0.0,0.0,0.0,23
rapid_oscillation,SPI_HCPI,26,33682.39029965213,7.484975622144917,40,0,0,8,1029,17,,71.0,27000,6.0,0.0,0.0,0.0,23
rapid_oscillation,DualControl,26,19893.170119919494,4.420704471093221,343,0,0,66,2802,421,,0.0,40500,9.0,0.0,0.0,0.0,23
rapid_oscillation,ConstrainedBandit,26,24273.717593801124,5.394159465289139,246,0,0,40,2245,341,,7.0,40500,9.0,0.0,0.0,0.0,23
rapid_oscillation,GenericEIG,26,29535.214300583702,6.563380955685267,85,0,0,15,1534,162,,71.0,54000,12.0,0.0,0.0,0.0,23
rapid_oscillation,ITAC_K_Full,26,17091.455957845003,3.798101323965556,3046,181,21964,150,3332,636,0.0,0.0,48908,10.868444444444444,57.02436541486628,0.01872106546778276,0.0033364252615759172,19
rapid_oscillation,ITAC_K_LocalOnly,26,21264.96607916921,4.725548017593158,4237,0,10944,166,3034,779,0.0,0.0,52948,11.766222222222222,57.02706747813746,0.013459303157455148,0.0026817379941179486,19
rapid_oscillation,ITAC_K_GenericVoI_Local,26,24867.732780213002,5.526162840047334,4500,0,11172,166,2747,714,0.0,0.0,54000,12.0,62.66987155699625,0.013926638123776943,0.002520128075642747,19
rapid_oscillation,ITAC_K_UnqualifiedRemote,26,24126.78139899701,5.361506977554891,3008,1426,112328,37,2383,582,0.0,0.0,53736,11.941333333333333,39.214086774004905,0.013036597996677163,0.0016253343587568252,19
rapid_oscillation,ITAC_K_NoKinematics,26,17091.455957845003,3.798101323965556,3046,181,21964,150,3332,636,0.0,0.0,48908,10.868444444444444,57.02436541486628,0.01872106546778276,0.0033364252615759172,19
rapid_oscillation,ITAC_K_NoHysteresis,26,16724.194638637357,3.7164876974749683,2827,177,21432,137,3323,581,0.0,0.0,48016,10.670222222222222,58.26790250650811,0.020611214186950163,0.0034840483362884147,19
rapid_oscillation,Greedy,27,37976.77192099768,8.439282649110595,0,0,0,10,610,5,,,13500,3.0,0.0,0.0,0.0,23
rapid_oscillation,SPI_HCPI,27,33018.59316727713,7.337465148283807,40,0,0,8,1128,17,,18.0,27000,6.0,0.0,0.0,0.0,23
rapid_oscillation,DualControl,27,12721.510061750012,2.8270022359444473,302,0,0,65,3455,393,21.0,0.0,40500,9.0,0.0,0.0,0.0,23
rapid_oscillation,ConstrainedBandit,27,23505.950401264014,5.223544533614225,275,0,0,40,2329,336,,0.0,40500,9.0,0.0,0.0,0.0,23
rapid_oscillation,GenericEIG,27,28135.66747958027,6.252370551017838,99,0,0,15,1705,165,,7.0,54000,12.0,0.0,0.0,0.0,23
rapid_oscillation,ITAC_K_Full,27,18850.46834955377,4.188992966567504,3566,189,21432,151,3213,680,0.0,0.0,51020,11.337777777777777,51.67613440986423,0.014491344478369106,0.002741371378769351,19
rapid_oscillation,ITAC_K_LocalOnly,27,21715.985261497364,4.82577450255497,4265,0,8512,156,2972,775,0.0,0.0,53060,11.79111111111111,51.08264236288774,0.011977172886960784,0.002352305997069252,19
rapid_oscillation,ITAC_K_GenericVoI_Local,27,23123.845902021316,5.138632422671404,4500,0,8588,156,2843,696,0.0,0.0,54000,12.0,56.65507780008014,0.0125900172889067,0.0024500715858484325,19
rapid_oscillation,ITAC_K_UnqualifiedRemote,27,10491.707994168424,2.3314906653707608,1451,598,48640,42,3511,431,23.0,0.0,44196,9.821333333333333,47.84300409842427,0.03297243562951362,0.004560077741871648,19
rapid_oscillation,ITAC_K_NoKinematics,27,18850.46834955377,4.188992966567504,3566,189,21432,151,3213,680,0.0,0.0,51020,11.337777777777777,51.67613440986423,0.014491344478369106,0.002741371378769351,19
rapid_oscillation,ITAC_K_NoHysteresis,27,19151.576099919243,4.255905799982054,3489,185,21280,133,3092,602,0.0,0.0,50696,11.265777777777778,52.650165412290946,0.015090331158581527,0.002749129634950147,19
rapid_oscillation,Greedy,28,37898.68750309335,8.421930556242968,0,0,0,10,610,5,,,13500,3.0,0.0,0.0,0.0,23
rapid_oscillation,SPI_HCPI,28,24915.360256675867,5.536746723705749,40,0,0,7,1886,16,21.0,0.0,27000,6.0,0.0,0.0,0.0,23
rapid_oscillation,DualControl,28,16556.79076136255,3.6792868358583446,321,0,0,64,3084,398,7.0,0.0,40500,9.0,0.0,0.0,0.0,23
rapid_oscillation,ConstrainedBandit,28,32096.033471687566,7.132451882597237,215,0,0,40,1420,323,,81.0,40500,9.0,0.0,0.0,0.0,23
rapid_oscillation,GenericEIG,28,38638.705243919976,8.586378943093328,91,0,0,15,580,171,,,54000,12.0,0.0,0.0,0.0,23
rapid_oscillation,ITAC_K_Full,28,18295.503070621344,4.065667349026965,3119,168,21128,155,3248,614,0.0,0.0,49148,10.921777777777777,56.09084335813321,0.017983598383498948,0.0030658267849547733,19
rapid_oscillation,ITAC_K_LocalOnly,28,21989.071551045392,4.886460344676753,4099,0,10564,169,2988,751,0.0,0.0,52396,11.643555555555556,53.84966180096604,0.013137268065617477,0.0024489283995442705,19
rapid_oscillation,ITAC_K_GenericVoI_Local,28,24545.025414818647,5.454450092181921,4500,0,10792,169,2759,713,0.0,0.0,54000,12.0,60.75522741355678,0.013501161647457063,0.0024752562438528514,19
rapid_oscillation,ITAC_K_UnqualifiedRemote,28,12364.758002630817,2.747724000584626,1390,607,49628,41,3342,440,0.0,0.0,43988,9.77511111111111,51.077812536058886,0.03674662772378337,0.004130918900733131,19
rapid_oscillation,ITAC_K_NoKinematics,28,18295.503070621344,4.065667349026965,3119,167,21052,155,3248,614,0.0,0.0,49144,10.92088888888889,56.092309035241755,0.017984068302418003,0.003065906896286114,19
rapid_oscillation,ITAC_K_NoHysteresis,28,17353.141268958105,3.8562536153240234,2800,217,24320,131,3259,582,0.0,0.0,48068,10.681777777777778,56.25577290900612,0.020091347467502185,0.0032418207192053683,19
rapid_oscillation,Greedy,29,37976.72898790266,8.439273108422812,0,0,0,10,610,5,,,13500,3.0,0.0,0.0,0.0,23
rapid_oscillation,SPI_HCPI,29,28240.877072465464,6.275750460547881,40,0,0,7,1613,16,,0.0,27000,6.0,0.0,0.0,0.0,23
rapid_oscillation,DualControl,29,11168.117726915982,2.4818039393146627,314,0,0,65,3606,388,,0.0,40500,9.0,0.0,0.0,0.0,23
rapid_oscillation,ConstrainedBandit,29,17734.97587861049,3.9411057508023313,231,0,0,39,2860,313,12.0,0.0,40500,9.0,0.0,0.0,0.0,23
rapid_oscillation,GenericEIG,29,20303.74683042382,4.511943740094183,95,0,0,15,2515,163,,0.0,54000,12.0,0.0,0.0,0.0,23
rapid_oscillation,ITAC_K_Full,29,18050.421072534667,4.011204682785482,2937,209,23484,153,3282,646,0.0,0.0,48584,10.796444444444445,52.93835547781235,0.018024635845356605,0.0029328044628478393,19
rapid_oscillation,ITAC_K_LocalOnly,29,22402.518965751984,4.978337547944886,4271,0,9196,158,2931,793,0.0,0.0,53084,11.796444444444445,51.406340812991616,0.012036136926478955,0.0022946678849632687,19
rapid_oscillation,ITAC_K_GenericVoI_Local,29,24622.972455454616,5.471771656767692,4500,0,9348,158,2719,712,0.0,0.0,54000,12.0,59.23882496118387,0.013164183324707528,0.0024058356507668903,19
rapid_oscillation,ITAC_K_UnqualifiedRemote,29,10873.743793206278,2.416387509601395,1399,658,53960,37,3473,444,0.0,0.0,44228,9.828444444444445,47.88190189207011,0.03422580549826312,0.004403442163313234,19
rapid_oscillation,ITAC_K_NoKinematics,29,18050.421072534667,4.011204682785482,2937,209,23484,153,3282,646,0.0,0.0,48584,10.796444444444445,52.93835547781235,0.018024635845356605,0.0029328044628478393,19
rapid_oscillation,ITAC_K_NoHysteresis,29,16349.014639877427,3.633114364417206,2706,228,25156,121,3313,547,0.0,0.0,47736,10.608,54.48085918513459,0.020133355205149518,0.0033323634717561824,19
violent_shock,Greedy,0,38193.882534622826,8.487529452138405,0,0,0,5,755,5,,,13500,3.0,0.0,0.0,0.0,23
violent_shock,SPI_HCPI,0,38568.658915102314,8.57081309224496,40,0,0,5,713,10,,,27000,6.0,0.0,0.0,0.0,23
violent_shock,DualControl,0,10142.916595890305,2.253981465753401,318,0,0,50,4032,368,27.0,0.0,40500,9.0,0.0,0.0,0.0,23
violent_shock,ConstrainedBandit,0,5660.1630774147,1.2578140172032666,173,0,0,25,4296,223,1.0,0.0,40500,9.0,0.0,0.0,0.0,23
violent_shock,GenericEIG,0,39165.560155471576,8.703457812327017,112,0,0,10,726,176,,,54000,12.0,0.0,0.0,0.0,23
violent_shock,ITAC_K_Full,0,14379.358397861279,3.195412977302506,2638,90,12008,47,3657,580,0.0,0.0,46912,10.424888888888889,56.87910093220333,0.02156144842009224,0.00395560770921902,19
violent_shock,ITAC_K_LocalOnly,0,20511.44740199851,4.558099422666335,3182,0,8512,85,3356,686,0.0,0.0,48728,10.828444444444445,54.41482084738667,0.017100823647827362,0.0026529000991946,19
violent_shock,ITAC_K_GenericVoI_Local,0,27020.181159131076,6.004484702029128,4500,0,7600,89,2799,711,0.0,0.0,54000,12.0,61.20987402996134,0.013602194228880298,0.002265339142971525,19
violent_shock,ITAC_K_UnqualifiedRemote,0,12984.751292651246,2.8855002872558324,1649,475,38380,24,3585,490,0.0,0.0,44496,9.888,52.96693020326722,0.032120636872812136,0.004079164013964903,19
violent_shock,ITAC_K_NoKinematics,0,14379.358397861279,3.195412977302506,2638,90,12008,47,3657,580,0.0,0.0,46912,10.424888888888889,56.87910093220333,0.02156144842009224,0.00395560770921902,19
violent_shock,ITAC_K_NoHysteresis,0,17675.413311211993,3.927869624713776,2683,100,12768,43,3333,602,0.0,0.0,47132,10.473777777777778,54.59683698611054,0.020349175171863788,0.0030888577271049322,19
violent_shock,Greedy,1,38128.80784549912,8.473068410110915,0,0,0,5,755,5,,,13500,3.0,0.0,0.0,0.0,23
violent_shock,SPI_HCPI,1,38578.513483076465,8.573002996239214,40,0,0,5,705,10,,,27000,6.0,0.0,0.0,0.0,23
violent_shock,DualControl,1,8542.173579976115,1.898260795550248,269,0,0,47,4156,309,0.0,0.0,40500,9.0,0.0,0.0,0.0,23
violent_shock,ConstrainedBandit,1,13018.136227088353,2.8929191615751897,199,0,0,26,3538,261,7.0,0.0,40500,9.0,0.0,0.0,0.0,23
violent_shock,GenericEIG,1,39054.291302205136,8.67873140049003,103,0,0,10,725,173,,,54000,12.0,0.0,0.0,0.0,23
violent_shock,ITAC_K_Full,1,15767.042839322265,3.50378729762717,2540,86,12540,59,3600,623,0.0,0.0,46504,10.334222222222222,55.84335618930447,0.021985573302875778,0.003541777412441207,19
violent_shock,ITAC_K_LocalOnly,1,25393.7412885035,5.643053619667445,4149,0,8968,84,2895,779,0.0,0.0,52596,11.688,53.22531419175124,0.012828468110810133,0.002096001277915197,19
violent_shock,ITAC_K_GenericVoI_Local,1,26979.30127559252,5.995400283465004,4500,0,7828,84,2775,714,0.0,0.0,54000,12.0,59.453731329030994,0.013211940295340221,0.002203679432677423,19
violent_shock,ITAC_K_UnqualifiedRemote,1,13239.362869100973,2.9420806375779938,1686,474,38760,24,3560,482,0.0,0.0,44640,9.92,52.11967707967872,0.03091321297727089,0.003936720943068912,19
violent_shock,ITAC_K_NoKinematics,1,15767.042839322265,3.50378729762717,2540,86,12540,59,3600,623,0.0,0.0,46504,10.334222222222222,55.84335618930447,0.021985573302875778,0.003541777412441207,19
violent_shock,ITAC_K_NoHysteresis,1,11954.626662282219,2.6565837027293817,1810,79,11780,43,3841,485,0.0,0.0,43556,9.67911111111111,57.611088695276074,0.03182933077087076,0.004819145785375596,19
violent_shock,Greedy,2,38173.15854930574,8.482924122067942,0,0,0,5,755,5,,,13500,3.0,0.0,0.0,0.0,23
violent_shock,SPI_HCPI,2,38582.08558952607,8.57379679767246,40,0,0,5,712,10,,,27000,6.0,0.0,0.0,0.0,23
violent_shock,DualControl,2,8368.766603475313,1.8597259118834029,268,0,0,47,4187,306,4.0,0.0,40500,9.0,0.0,0.0,0.0,23
violent_shock,ConstrainedBandit,2,12914.409841378558,2.8698688536396797,201,0,0,26,3560,260,7.0,0.0,40500,9.0,0.0,0.0,0.0,23
violent_shock,GenericEIG,2,39105.35402865401,8.690078673034224,107,0,0,10,725,179,,,54000,12.0,0.0,0.0,0.0,23
violent_shock,ITAC_K_Full,2,19185.88778700941,4.263530619335425,3244,78,12236,55,3262,651,0.0,0.0,49288,10.95288888888889,55.271312405075676,0.017038012455325425,0.0028808316309709356,19
violent_shock,ITAC_K_LocalOnly,2,25765.85983471943,5.725746629937651,4465,0,9804,93,2901,746,0.0,0.0,53860,11.96888888888889,57.885294716641795,0.012964231739449451,0.0022465889005047488,19
violent_shock,ITAC_K_GenericVoI_Local,2,26685.173054009876,5.930038456446639,4500,0,10184,100,2864,703,0.0,0.0,54000,12.0,64.39657556148762,0.014310350124775027,0.0024131968502190773,19
violent_shock,ITAC_K_UnqualifiedRemote,2,12647.427032087031,2.8105393404637846,1697,464,37924,17,3577,476,5.0,0.0,44644,9.92088888888889,54.703998581910824,0.032235709240961,0.004325306518323813,19
violent_shock,ITAC_K_NoKinematics,2,19185.88778700941,4.263530619335425,3244,78,12236,55,3262,651,0.0,0.0,49288,10.95288888888889,55.271312405075676,0.017038012455325425,0.0028808316309709356,19
violent_shock,ITAC_K_NoHysteresis,2,17765.034615368568,3.9477854700819037,2763,69,11248,38,3333,628,0.0,0.0,47328,10.517333333333333,55.39739101857788,0.020049725305312297,0.003118338478814642,19
violent_shock,Greedy,3,38115.0217143888,8.470004825419734,0,0,0,5,755,5,,,13500,3.0,0.0,0.0,0.0,23
violent_shock,SPI_HCPI,3,38505.86679515104,8.556859287811342,40,0,0,5,713,10,,,27000,6.0,0.0,0.0,0.0,23
violent_shock,DualControl,3,9681.4975978581,2.1514439106351335,283,0,0,48,4052,332,0.0,0.0,40500,9.0,0.0,0.0,0.0,23
violent_shock,ConstrainedBandit,3,5994.908880799013,1.3322019735108916,184,0,0,25,4261,237,5.0,0.0,40500,9.0,0.0,0.0,0.0,23
violent_shock,GenericEIG,3,39058.20527600355,8.679601172445233,117,0,0,10,727,180,,,54000,12.0,0.0,0.0,0.0,23
violent_shock,ITAC_K_Full,3,15194.340835816743,3.376520185737054,2641,96,12540,43,3579,675,0.0,0.0,46948,10.43288888888889,53.65681895794739,0.02031685685647383,0.00353136865479977,19
violent_shock,ITAC_K_LocalOnly,3,24075.044031826586,5.350009784850353,4081,0,7524,83,3022,819,0.0,0.0,52324,11.627555555555556,51.97758225343716,0.012736481806772155,0.0021589818147258275,19
violent_shock,ITAC_K_GenericVoI_Local,3,28201.420814270135,6.266982403171141,4500,0,7144,83,2668,721,0.0,0.0,54000,12.0,60.163149505049894,0.013369588778899976,0.0021333375329304996,19
violent_shock,ITAC_K_UnqualifiedRemote,3,12694.8073562072,2.821068301379378,1848,324,27284,24,3646,518,0.0,0.0,44688,9.930666666666667,55.48622623152643,0.030025014194548935,0.0043707812710049605,19
violent_shock,ITAC_K_NoKinematics,3,15194.340835816743,3.376520185737054,2641,96,12540,43,3579,675,0.0,0.0,46948,10.43288888888889,53.65681895794739,0.02031685685647383,0.00353136865479977,19
violent_shock,ITAC_K_NoHysteresis,3,15215.867927974803,3.3813039839944006,2423,93,11932,41,3548,599,0.0,0.0,46064,10.236444444444444,54.51102660794177,0.022497328356558717,0.0035825118137179485,19
violent_shock,Greedy,4,38288.932940075625,8.50865176446125,0,0,0,5,755,5,,,13500,3.0,0.0,0.0,0.0,23
violent_shock,SPI_HCPI,4,38630.210332673,8.584491185038445,40,0,0,5,718,10,,,27000,6.0,0.0,0.0,0.0,23
violent_shock,DualControl,4,8355.17077125305,1.856704615834011,272,0,0,47,4186,316,4.0,0.0,40500,9.0,0.0,0.0,0.0,23
violent_shock,ConstrainedBandit,4,6031.033208560819,1.3402296019024043,184,0,0,25,4264,234,3.0,0.0,40500,9.0,0.0,0.0,0.0,23
violent_shock,GenericEIG,4,39205.52390381251,8.712338645291668,103,0,0,10,727,183,,,54000,12.0,0.0,0.0,0.0,23
violent_shock,ITAC_K_Full,4,16770.591156985905,3.7267980348857566,3002,102,12768,37,3404,721,0.0,0.0,48416,10.75911111111111,56.34367324600271,0.0187687119407071,0.003359671267314412,19
violent_shock,ITAC_K_LocalOnly,4,24834.75553480636,5.518834563290302,4179,0,8664,90,3004,786,0.0,0.0,52716,11.714666666666666,55.86140858620285,0.013367171233836527,0.00224932387628749,19
violent_shock,ITAC_K_GenericVoI_Local,4,26768.720590052177,5.94860457556715,4500,0,8816,96,2906,723,0.0,0.0,54000,12.0,62.59707408691719,0.01391046090820382,0.0023384410127609756,19
violent_shock,ITAC_K_UnqualifiedRemote,4,13299.114339591404,2.9553587421314234,1713,467,38000,24,3560,488,0.0,0.0,44720,9.937777777777777,54.29465652640671,0.03169565471477333,0.004082576864894812,19
violent_shock,ITAC_K_NoKinematics,4,16770.591156985905,3.7267980348857566,3002,102,12768,37,3404,721,0.0,0.0,48416,10.75911111111111,56.34367324600271,0.0187687119407071,0.003359671267314412,19
violent_shock,ITAC_K_NoHysteresis,4,12870.468518861984,2.860104115302663,1675,72,10260,32,3734,510,0.0,0.0,42988,9.552888888888889,57.420344035888654,0.034280802409485764,0.004461402780461157,19
violent_shock,Greedy,5,38244.88724669237,8.498863832598305,0,0,0,5,755,5,,,13500,3.0,0.0,0.0,0.0,23
violent_shock,SPI_HCPI,5,38573.19047339101,8.571820105198002,40,0,0,5,720,10,,,27000,6.0,0.0,0.0,0.0,23
violent_shock,DualControl,5,8102.267483741607,1.8005038852759128,254,0,0,46,4203,299,2.0,0.0,40500,9.0,0.0,0.0,0.0,23
violent_shock,ConstrainedBandit,5,5835.510804872912,1.296780178860647,176,0,0,25,4283,239,8.0,0.0,40500,9.0,0.0,0.0,0.0,23
violent_shock,GenericEIG,5,39168.11277433146,8.704025060962547,100,0,0,10,727,180,,,54000,12.0,0.0,0.0,0.0,23
violent_shock,ITAC_K_Full,5,13988.723091770416,3.108605131504537,2287,95,11704,43,3673,605,0.0,0.0,45528,10.117333333333333,56.12075137919768,0.024539025526540307,0.004011856622725886,19
violent_shock,ITAC_K_LocalOnly,5,26150.11607802303,5.811136906227341,4409,0,8968,89,2865,784,0.0,0.0,53636,11.91911111111111,53.4522812185954,0.01212344777015092,0.0020440552179237757,19
violent_shock,ITAC_K_GenericVoI_Local,5,27421.97057877025,6.093771239726722,4500,0,9804,90,2755,706,0.0,0.0,54000,12.0,64.63150364616209,0.014362556365813798,0.0023569241116537043,19
violent_shock,ITAC_K_UnqualifiedRemote,5,12780.023213492343,2.8400051585538537,1713,451,36708,24,3622,465,0.0,0.0,44656,9.923555555555556,56.01942191576633,0.0327025230097877,0.004383358385188578,19
violent_shock,ITAC_K_NoKinematics,5,13988.723091770416,3.108605131504537,2287,95,11704,43,3673,605,0.0,0.0,45528,10.117333333333333,56.12075137919768,0.024539025526540307,0.004011856622725886,19
violent_shock,ITAC_K_NoHysteresis,5,17967.338976944007,3.992741994876446,2747,65,9576,41,3335,667,0.0,0.0,47248,10.499555555555556,52.32906438503348,0.01904953199309555,0.0029124548967536606,19
violent_shock,Greedy,6,38086.7196116708,8.463715469260178,0,0,0,5,755,5,,,13500,3.0,0.0,0.0,0.0,23
violent_shock,SPI_HCPI,6,38722.547862268795,8.605010636059733,40,0,0,5,686,10,,,27000,6.0,0.0,0.0,0.0,23
violent_shock,DualControl,6,8209.206644917287,1.8242681433149528,275,0,0,47,4203,327,0.0,0.0,40500,9.0,0.0,0.0,0.0,23
violent_shock,ConstrainedBandit,6,5893.357125532221,1.3096349167849382,185,0,0,25,4273,237,2.0,0.0,40500,9.0,0.0,0.0,0.0,23
violent_shock,GenericEIG,6,39003.6387306504,8.667475273477866,99,0,0,10,725,173,,,54000,12.0,0.0,0.0,0.0,23
violent_shock,ITAC_K_Full,6,18430.26414051108,4.095614253446906,3048,97,12464,43,3252,704,0.0,0.0,48580,10.795555555555556,53.83564030130044,0.01766261164740828,0.0029210455092157756,19
violent_shock,ITAC_K_LocalOnly,6,22506.366237622115,5.0014147194715814,4031,0,8512,71,3080,758,0.0,0.0,52124,11.58311111111111,54.7519807878524,0.013582729046850013,0.0024327330413884338,19
violent_shock,ITAC_K_GenericVoI_Local,6,25341.926255902174,5.631539167978261,4500,0,8208,71,2806,701,0.0,0.0,54000,12.0,61.12355723840038,0.013583012719644528,0.0024119538752175405,19
violent_shock,ITAC_K_UnqualifiedRemote,6,13487.679214317577,2.9972620476261285,1705,459,37088,24,3538,479,0.0,0.0,44656,9.923555555555556,54.44861261647722,0.031934670156291624,0.004036914857722771,19
violent_shock,ITAC_K_NoKinematics,6,18430.26414051108,4.095614253446906,3048,97,12464,43,3252,704,0.0,0.0,48580,10.795555555555556,53.83564030130044,0.01766261164740828,0.0029210455092157756,19
violent_shock,ITAC_K_NoHysteresis,6,18349.471124575382,4.077660249905641,3082,90,11628,39,3241,653,0.0,0.0,48688,10.819555555555555,53.48295139533563,0.01735332621522895,0.0029146862616495853,19
violent_shock,Greedy,7,38075.05773455074,8.461123941011277,0,0,0,5,755,5,,,13500,3.0,0.0,0.0,0.0,23
violent_shock,SPI_HCPI,7,38413.48611918365,8.536330248707479,40,0,0,5,720,10,,,27000,6.0,0.0,0.0,0.0,23
violent_shock,DualControl,7,9406.012522299354,2.090225004955412,275,0,0,48,4072,319,2.0,0.0,40500,9.0,0.0,0.0,0.0,23
violent_shock,ConstrainedBandit,7,5613.1366036012805,1.2473636896891735,174,0,0,25,4292,229,0.0,0.0,40500,9.0,0.0,0.0,0.0,23
violent_shock,GenericEIG,7,39025.25959710057,8.672279910466793,115,0,0,10,727,177,,,54000,12.0,0.0,0.0,0.0,23
violent_shock,ITAC_K_Full,7,16140.340191412512,3.586742264758336,3231,94,12540,36,3433,589,0.0,0.0,49300,10.955555555555556,55.62711792773804,0.01721668769041722,0.003446465022920305,19
violent_shock,ITAC_K_LocalOnly,7,23440.091546799973,5.208909232622216,4052,0,7828,89,3109,683,0.0,0.0,52208,11.601777777777778,52.89227195709084,0.013053374125639398,0.0022564874310105525,19
violent_shock,ITAC_K_GenericVoI_Local,7,24166.0772709863,5.370239393552511,4500,0,7600,96,3091,682,0.0,0.0,54000,12.0,57.945299523357654,0.012876733227412812,0.0023977950113122644,19
violent_shock,ITAC_K_UnqualifiedRemote,7,12586.853721943398,2.7970786048763108,1686,465,37620,17,3565,426,11.0,0.0,44604,9.912,55.06784702624284,0.03266183097641924,0.004375028759589049,19
violent_shock,ITAC_K_NoKinematics,7,16140.340191412512,3.586742264758336,3231,94,12540,36,3433,589,0.0,0.0,49300,10.955555555555556,55.62711792773804,0.01721668769041722,0.003446465022920305,19
violent_shock,ITAC_K_NoHysteresis,7,14316.232643630156,3.1813850319178125,2519,70,10564,14,3443,531,0.0,0.0,46356,10.301333333333334,56.740642084056574,0.02252506632951829,0.0039633780406120095,19
violent_shock,Greedy,8,38085.24933095961,8.463388740213247,0,0,0,5,755,5,,,13500,3.0,0.0,0.0,0.0,23
violent_shock,SPI_HCPI,8,38733.56598762949,8.607459108362109,40,0,0,5,684,10,,,27000,6.0,0.0,0.0,0.0,23
violent_shock,DualControl,8,10154.370776316442,2.2565268391814315,312,0,0,49,4032,335,4.0,0.0,40500,9.0,0.0,0.0,0.0,23
violent_shock,ConstrainedBandit,8,5737.9464925588145,1.2750992205686253,179,0,0,25,4291,231,4.0,0.0,40500,9.0,0.0,0.0,0.0,23
violent_shock,GenericEIG,8,39005.9016839741,8.667978151994244,102,0,0,10,728,165,,,54000,12.0,0.0,0.0,0.0,23
violent_shock,ITAC_K_Full,8,18254.289324464862,4.05650873876997,2733,92,12844,62,3392,680,0.0,0.0,47300,10.511111111111111,57.414184074492724,0.02100775121642617,0.003145243457796233,19
violent_shock,ITAC_K_LocalOnly,8,25106.402438441717,5.579200541875937,4173,0,8208,91,2987,763,0.0,0.0,52692,11.709333333333333,53.39054848563749,0.012794284324379939,0.002126571045634497,19
violent_shock,ITAC_K_GenericVoI_Local,8,25947.323776585887,5.766071950352419,4500,0,7980,91,2932,702,0.0,0.0,54000,12.0,60.680454507737025,0.013484545446163784,0.002338601661975379,19
violent_shock,ITAC_K_UnqualifiedRemote,8,12876.098404335109,2.8613552009633576,1688,459,37696,24,3585,467,0.0,0.0,44588,9.908444444444445,56.61051945194316,0.033537037590013724,0.004396558466257419,19
violent_shock,ITAC_K_NoKinematics,8,18254.289324464862,4.05650873876997,2733,92,12844,62,3392,680,0.0,0.0,47300,10.511111111111111,57.414184074492724,0.02100775121642617,0.003145243457796233,19
violent_shock,ITAC_K_NoHysteresis,8,15540.872972827925,3.4535273272950944,2575,88,12160,32,3463,640,0.0,0.0,46652,10.367111111111111,59.64828389852029,0.023164382096512733,0.0038381552955751544,19
violent_shock,Greedy,9,38152.0802500123,8.47824005555829,0,0,0,5,755,5,,,13500,3.0,0.0,0.0,0.0,23
violent_shock,SPI_HCPI,9,38479.206322941915,8.550934738431536,40,0,0,5,719,10,,,27000,6.0,0.0,0.0,0.0,23
violent_shock,DualControl,9,8902.985953515397,1.9784413230034217,273,0,0,48,4126,332,2.0,0.0,40500,9.0,0.0,0.0,0.0,23
violent_shock,ConstrainedBandit,9,5845.0193300587525,1.2988931844575005,186,0,0,25,4272,233,9.0,0.0,40500,9.0,0.0,0.0,0.0,23
violent_shock,GenericEIG,9,39082.89196934931,8.685087104299846,103,0,0,10,726,183,,,54000,12.0,0.0,0.0,0.0,23
violent_shock,ITAC_K_Full,9,20090.21311598006,4.464491803551124,3666,72,11932,58,3187,699,0.0,0.0,50952,11.322666666666667,55.91521473134755,0.015252377177126991,0.0027832066493546424,19
violent_shock,ITAC_K_LocalOnly,9,25567.05680483688,5.68156817885264,4299,0,9728,96,2941,756,0.0,0.0,53196,11.821333333333333,57.79272940084249,0.013443295976004301,0.0022604373214326736,19
violent_shock,ITAC_K_GenericVoI_Local,9,27721.076160028864,6.160239146673081,4500,0,9424,94,2739,713,0.0,0.0,54000,12.0,66.1382373025496,0.014697386067233245,0.002385846672068042,19
violent_shock,ITAC_K_UnqualifiedRemote,9,12894.32324828178,2.86540516628484,1674,479,38988,24,3572,475,0.0,0.0,44612,9.913777777777778,54.34374076400804,0.03246340547431782,0.004214547729075239,19
violent_shock,ITAC_K_NoKinematics,9,20090.21311598006,4.464491803551124,3666,72,11932,58,3187,699,0.0,0.0,50952,11.322666666666667,55.91521473134755,0.015252377177126991,0.0027832066493546424,19
violent_shock,ITAC_K_NoHysteresis,9,14078.72685765099,3.128605968366887,2377,89,12388,39,3629,550,0.0,0.0,45864,10.192,58.038300686191,0.024416617873870845,0.004122411157842051,19
violent_shock,Greedy,10,38109.67252388082,8.46881611641796,0,0,0,5,755,5,,,13500,3.0,0.0,0.0,0.0,23
violent_shock,SPI_HCPI,10,38596.955332919526,8.577101185093229,40,0,0,5,702,10,,,27000,6.0,0.0,0.0,0.0,23
violent_shock,DualControl,10,9156.275951194695,2.034727989154377,290,0,0,48,4107,334,0.0,0.0,40500,9.0,0.0,0.0,0.0,23
violent_shock,ConstrainedBandit,10,5718.6351394792755,1.2708078087731722,179,0,0,25,4289,226,1.0,0.0,40500,9.0,0.0,0.0,0.0,23
violent_shock,GenericEIG,10,39042.44898586682,8.67609977463707,103,0,0,10,727,170,,,54000,12.0,0.0,0.0,0.0,23
violent_shock,ITAC_K_Full,10,17808.401130358016,3.957422473412892,3104,103,12312,43,3329,638,0.0,0.0,48828,10.850666666666667,53.63104752583801,0.017278043661674614,0.003011558821775025,19
violent_shock,ITAC_K_LocalOnly,10,24605.581763733433,5.467907058607429,4262,0,9044,91,3008,760,0.0,0.0,53048,11.788444444444444,56.99943333666862,0.013373869858439377,0.00231652451398979,19
violent_shock,ITAC_K_GenericVoI_Local,10,25583.975491062287,5.685327886902731,4500,0,9120,91,2963,703,0.0,0.0,54000,12.0,63.32191812094017,0.014071537360208925,0.0024750617097433337,19
violent_shock,ITAC_K_UnqualifiedRemote,10,13050.403862929108,2.9000897473175797,1721,456,37240,24,3600,450,0.0,0.0,44708,9.93511111111111,53.626009881434584,0.03115979656097303,0.004109145620678014,19
violent_shock,ITAC_K_NoKinematics,10,17808.401130358016,3.957422473412892,3104,103,12312,43,3329,638,0.0,0.0,48828,10.850666666666667,53.63104752583801,0.017278043661674614,0.003011558821775025,19
violent_shock,ITAC_K_NoHysteresis,10,16828.95223585628,3.7397671635236174,2384,82,10792,29,3347,598,0.0,0.0,45864,10.192,53.82885363025788,0.022579217126786025,0.003198586155326324,19
violent_shock,Greedy,11,38181.10802419308,8.484690672042907,0,0,0,5,755,5,,,13500,3.0,0.0,0.0,0.0,23
violent_shock,SPI_HCPI,11,38476.863746063835,8.550414165791963,40,0,0,5,724,10,,,27000,6.0,0.0,0.0,0.0,23
violent_shock,DualControl,11,7814.683823453475,1.7365964052118834,254,0,0,46,4231,290,0.0,0.0,40500,9.0,0.0,0.0,0.0,23
violent_shock,ConstrainedBandit,11,6051.163407993514,1.344702979554114,185,0,0,25,4253,235,6.0,0.0,40500,9.0,0.0,0.0,0.0,23
violent_shock,GenericEIG,11,39073.13777229021,8.68291950495338,95,0,0,10,728,171,,,54000,12.0,0.0,0.0,0.0,23
violent_shock,ITAC_K_Full,11,16864.3480102924,3.7476328911760888,2938,92,12692,43,3395,665,0.0,0.0,48120,10.693333333333333,53.38775586098954,0.018171462171882077,0.003165717158374976,19
violent_shock,ITAC_K_LocalOnly,11,24020.86260155648,5.3379694670125515,3968,0,9500,91,3058,733,0.0,0.0,51872,11.527111111111111,55.963009554800244,0.01410358103699603,0.0023297668565480244,19
violent_shock,ITAC_K_GenericVoI_Local,11,27411.513113582932,6.091447358573985,4500,0,9196,91,2738,715,0.0,0.0,54000,12.0,63.78885804545674,0.014175301787879275,0.002327082703575679,19
violent_shock,ITAC_K_UnqualifiedRemote,11,13673.322534137125,3.038516118697139,1706,457,37240,24,3508,463,0.0,0.0,44652,9.922666666666666,52.65015929857033,0.030861758088259278,0.0038505753935901645,19
violent_shock,ITAC_K_NoKinematics,11,16864.3480102924,3.7476328911760888,2938,92,12692,43,3395,665,0.0,0.0,48120,10.693333333333333,53.38775586098954,0.018171462171882077,0.003165717158374976,19
violent_shock,ITAC_K_NoHysteresis,11,16786.92682180493,3.7304281826233177,3043,91,12312,40,3389,671,0.0,0.0,48536,10.785777777777778,53.59198222099871,0.017611561689450776,0.003192483221609499,19
violent_shock,Greedy,12,38236.54940955543,8.497010979901207,0,0,0,5,755,5,,,13500,3.0,0.0,0.0,0.0,23
violent_shock,SPI_HCPI,12,38491.60793941595,8.553690653203546,40,0,0,5,729,10,,,27000,6.0,0.0,0.0,0.0,23
violent_shock,DualControl,12,10235.603189770207,2.2745784866156016,300,0,0,49,4026,344,0.0,0.0,40500,9.0,0.0,0.0,0.0,23
violent_shock,ConstrainedBandit,12,5867.128977370213,1.3038064394156028,184,0,0,25,4292,230,4.0,0.0,40500,9.0,0.0,0.0,0.0,23
violent_shock,GenericEIG,12,39193.29308370821,8.709620685268492,111,0,0,10,726,174,,,54000,12.0,0.0,0.0,0.0,23
violent_shock,ITAC_K_Full,12,19323.17426864582,4.294038726365738,3594,92,12540,42,3181,720,0.0,0.0,50744,11.276444444444444,52.841443715849955,0.014702683282095147,0.0027346150783099633,19
violent_shock,ITAC_K_LocalOnly,12,27085.981420909142,6.019106982424254,4437,0,7904,78,2742,808,0.0,0.0,53748,11.944,51.70154226268606,0.011652364720010381,0.001908793388700135,19
violent_shock,ITAC_K_GenericVoI_Local,12,27802.9945386901,6.178443230820022,4500,0,8208,83,2700,733,0.0,0.0,54000,12.0,60.91857759848689,0.013537461688552643,0.0021910797239381463,19
violent_shock,ITAC_K_UnqualifiedRemote,12,13577.908863802086,3.017313080844908,1671,449,36404,24,3553,485,0.0,0.0,44480,9.884444444444444,52.316684937158016,0.031308608579986845,0.0038530738025964553,19
violent_shock,ITAC_K_NoKinematics,12,19323.17426864582,4.294038726365738,3594,92,12540,42,3181,720,0.0,0.0,50744,11.276444444444444,52.841443715849955,0.014702683282095147,0.0027346150783099633,19
violent_shock,ITAC_K_NoHysteresis,12,17225.549677391293,3.827899928309176,2882,90,12312,33,3353,692,0.0,0.0,47888,10.641777777777778,53.69546181252356,0.01863131915771116,0.0031171987436197403,19
violent_shock,Greedy,13,38191.03213019691,8.486896028932646,0,0,0,5,755,5,,,13500,3.0,0.0,0.0,0.0,23
violent_shock,SPI_HCPI,13,38737.985370355804,8.608441193412402,40,0,0,5,697,10,,,27000,6.0,0.0,0.0,0.0,23
violent_shock,DualControl,13,8566.68830352879,1.9037085118952868,279,0,0,47,4166,315,0.0,0.0,40500,9.0,0.0,0.0,0.0,23
violent_shock,ConstrainedBandit,13,12843.319442376747,2.8540709871948327,196,0,0,26,3564,257,2.0,0.0,40500,9.0,0.0,0.0,0.0,23
violent_shock,GenericEIG,13,39155.40188144675,8.701200418099278,106,0,0,10,726,174,,,54000,12.0,0.0,0.0,0.0,23
violent_shock,ITAC_K_Full,13,17957.393733280023,3.990531940728894,3286,100,13300,43,3338,703,0.0,0.0,49544,11.009777777777778,54.491517064465064,0.016582932764596794,0.003034489184445357,19
violent_shock,ITAC_K_LocalOnly,13,25277.582917538668,5.617240648341927,4210,0,9728,95,3001,763,0.0,0.0,52840,11.742222222222223,55.88959797600005,0.013275438949168657,0.0022110341071108286,19
violent_shock,ITAC_K_GenericVoI_Local,13,26982.917430315552,5.996203873403456,4500,0,9348,95,2837,711,0.0,0.0,54000,12.0,63.43076974045299,0.014095726608989553,0.0023507750747955793,19
violent_shock,ITAC_K_UnqualifiedRemote,13,12477.592782664617,2.7727983961476927,1840,326,27968,24,3662,532,0.0,0.0,44664,9.925333333333333,55.603835005401855,0.030219475546414052,0.004456295054175308,19
violent_shock,ITAC_K_NoKinematics,13,17957.393733280023,3.990531940728894,3286,100,13300,43,3338,703,0.0,0.0,49544,11.009777777777778,54.491517064465064,0.016582932764596794,0.003034489184445357,19
violent_shock,ITAC_K_NoHysteresis,13,15162.473292646537,3.3694385094770083,2626,99,12996,36,3538,657,0.0,0.0,46900,10.422222222222222,55.26273138191666,0.021044452163715407,0.0036447042850665965,19
violent_shock,Greedy,14,38251.61779466737,8.500359509926083,0,0,0,5,755,5,,,13500,3.0,0.0,0.0,0.0,23
violent_shock,SPI_HCPI,14,38700.24843414235,8.600055207587188,40,0,0,5,707,10,,,27000,6.0,0.0,0.0,0.0,23
violent_shock,DualControl,14,8745.508893120461,1.9434464206934359,270,0,0,47,4142,313,0.0,0.0,40500,9.0,0.0,0.0,0.0,23
violent_shock,ConstrainedBandit,14,13043.421519158288,2.8985381153685084,193,0,0,26,3549,247,2.0,0.0,40500,9.0,0.0,0.0,0.0,23
violent_shock,GenericEIG,14,39186.53193951473,8.708118208781052,108,0,0,10,728,174,,,54000,12.0,0.0,0.0,0.0,23
violent_shock,ITAC_K_Full,14,17887.09989474888,3.9749110877219733,3037,78,12008,62,3407,665,0.0,0.0,48460,10.768888888888888,59.10996616719602,0.019463274997430367,0.0033046143038843847,19
violent_shock,ITAC_K_LocalOnly,14,24698.5924191011,5.488576093133577,4225,0,9880,100,3023,731,0.0,0.0,52900,11.755555555555556,59.8885678617242,0.01417480896135484,0.0024247765559064125,19
violent_shock,ITAC_K_GenericVoI_Local,14,25297.152210717384,5.621589380159419,4500,0,8740,100,2983,697,0.0,0.0,54000,12.0,62.044341430901675,0.01378763142908926,0.0024526215802510762,19
violent_shock,ITAC_K_UnqualifiedRemote,14,12698.305847419464,2.821845743870992,1573,555,44764,24,3633,466,0.0,0.0,44512,9.891555555555556,57.137963894412174,0.03632419827998231,0.0044996525190818025,19
violent_shock,ITAC_K_NoKinematics,14,17887.09989474888,3.9749110877219733,3037,78,12008,62,3407,665,0.0,0.0,48460,10.768888888888888,59.10996616719602,0.019463274997430367,0.0033046143038843847,19
violent_shock,ITAC_K_NoHysteresis,14,17538.17250319412,3.897371667376471,2745,71,11856,62,3439,573,0.0,0.0,47264,10.503111111111112,59.549148166058146,0.02169367874901936,0.0033954021238651187,19
violent_shock,Greedy,15,38151.88512063535,8.478196693474523,0,0,0,5,755,5,,,13500,3.0,0.0,0.0,0.0,23
violent_shock,SPI_HCPI,15,38490.89070011688,8.553531266692639,40,0,0,5,720,10,,,27000,6.0,0.0,0.0,0.0,23
violent_shock,DualControl,15,8324.991263124937,1.8499980584722082,258,0,0,46,4197,297,0.0,0.0,40500,9.0,0.0,0.0,0.0,23
violent_shock,ConstrainedBandit,15,5813.579455564434,1.2919065456809853,175,0,0,25,4294,228,4.0,0.0,40500,9.0,0.0,0.0,0.0,23
violent_shock,GenericEIG,15,39041.40779475263,8.675868398833918,95,0,0,10,727,167,,,54000,12.0,0.0,0.0,0.0,23
violent_shock,ITAC_K_Full,15,18200.7975133188,4.0446216696264,3580,102,13680,43,3287,695,0.0,0.0,50728,11.27288888888889,54.20071201571231,0.015139863691539752,0.0029779306085928295,19
violent_shock,ITAC_K_LocalOnly,15,23650.64287069976,5.255698415711058,4022,0,9348,92,3134,769,0.0,0.0,52088,11.575111111111111,56.28047754130477,0.013993157021706806,0.0023796595233793565,19
violent_shock,ITAC_K_GenericVoI_Local,15,25978.63653663817,5.773030341475149,4500,0,8968,92,2953,695,0.0,0.0,54000,12.0,61.30849058343753,0.013624109018541674,0.0023599579792023726,19
violent_shock,ITAC_K_UnqualifiedRemote,15,13288.59919878816,2.953022044175147,1681,476,38760,24,3566,475,0.0,0.0,44628,9.917333333333334,55.12297692234925,0.03279177687230771,0.004148140529919521,19
violent_shock,ITAC_K_NoKinematics,15,18200.7975133188,4.0446216696264,3580,102,13680,43,3287,695,0.0,0.0,50728,11.27288888888889,54.20071201571231,0.015139863691539752,0.0029779306085928295,19
violent_shock,ITAC_K_NoHysteresis,15,17514.10288393919,3.892022863097598,2845,93,12236,28,3234,633,0.0,0.0,47752,10.611555555555556,56.11961267795665,0.019725698656575273,0.0032042527698874913,19
violent_shock,Greedy,16,38235.99751501751,8.496888336670558,0,0,0,5,755,5,,,13500,3.0,0.0,0.0,0.0,23
violent_shock,SPI_HCPI,16,38540.974958424544,8.56466110187212,40,0,0,5,721,10,,,27000,6.0,0.0,0.0,0.0,23
violent_shock,DualControl,16,7643.826263609259,1.6986280585798352,260,0,0,46,4244,313,6.0,0.0,40500,9.0,0.0,0.0,0.0,23
violent_shock,ConstrainedBandit,16,5939.589741730497,1.319908831495666,186,0,0,25,4262,254,2.0,0.0,40500,9.0,0.0,0.0,0.0,23
violent_shock,GenericEIG,16,39172.027180673605,8.704894929038579,103,0,0,10,725,186,,,54000,12.0,0.0,0.0,0.0,23
violent_shock,ITAC_K_Full,16,18018.17901315396,4.00403978070088,3117,103,12920,43,3328,693,0.0,0.0,48880,10.862222222222222,48.43299084637542,0.01553833520897511,0.002688006974013161,19
violent_shock,ITAC_K_LocalOnly,16,26641.727444769345,5.92038387661541,4283,0,7980,78,2763,790,0.0,0.0,53132,11.80711111111111,48.357488933583454,0.011290564775527307,0.0018151033574618162,19
violent_shock,ITAC_K_GenericVoI_Local,16,28292.924744489646,6.287316609886588,4500,0,8816,82,2656,731,0.0,0.0,54000,12.0,61.31689559023856,0.01362597679783079,0.002167216579550712,19
violent_shock,ITAC_K_UnqualifiedRemote,16,13154.666045599604,2.9232591212443566,1695,441,35796,24,3556,461,0.0,0.0,44544,9.898666666666667,50.12202343852296,0.029570515302963396,0.003810208732382787,19
violent_shock,ITAC_K_NoKinematics,16,18018.17901315396,4.00403978070088,3117,103,12920,43,3328,693,0.0,0.0,48880,10.862222222222222,48.43299084637542,0.01553833520897511,0.002688006974013161,19
violent_shock,ITAC_K_NoHysteresis,16,21231.73141919014,4.7181625375978085,3520,81,11628,33,2927,697,0.0,0.0,50404,11.200888888888889,50.785894914623455,0.014427811055290755,0.0023919808475309275,19
violent_shock,Greedy,17,38173.18319984166,8.482929599964814,0,0,0,5,755,5,,,13500,3.0,0.0,0.0,0.0,23
violent_shock,SPI_HCPI,17,38599.34563813829,8.577632364030732,40,0,0,5,707,10,,,27000,6.0,0.0,0.0,0.0,23
violent_shock,DualControl,17,7946.472914795603,1.7658828699545785,262,0,0,46,4221,295,0.0,0.0,40500,9.0,0.0,0.0,0.0,23
violent_shock,ConstrainedBandit,17,6147.356578323351,1.3660792396274113,191,0,0,25,4253,256,12.0,0.0,40500,9.0,0.0,0.0,0.0,23
violent_shock,GenericEIG,17,39109.50980580132,8.69100217906696,109,0,0,10,731,176,,,54000,12.0,0.0,0.0,0.0,23
violent_shock,ITAC_K_Full,17,16269.901982851086,3.615533773966908,2632,89,12008,45,3487,625,0.0,0.0,46884,10.418666666666667,59.60952552225912,0.02264799601909541,0.003663791311409814,19
violent_shock,ITAC_K_LocalOnly,17,23934.023589714423,5.3186719088254275,4139,0,9728,77,2992,783,0.0,0.0,52556,11.67911111111111,57.65151533846658,0.013928851253555589,0.0024087682174443142,19
violent_shock,ITAC_K_GenericVoI_Local,17,26316.349777852305,5.848077728411623,4500,0,9728,82,2818,715,0.0,0.0,54000,12.0,65.61632637010248,0.014581405860022774,0.0024933673143881386,19
violent_shock,ITAC_K_UnqualifiedRemote,17,11315.124739931984,2.5144721644293297,1269,477,38760,17,3691,323,2.0,0.0,42984,9.552,55.545906230150514,0.04377139970855044,0.004908996366087291,19
violent_shock,ITAC_K_NoKinematics,17,16269.901982851086,3.615533773966908,2632,89,12008,45,3487,625,0.0,0.0,46884,10.418666666666667,59.60952552225912,0.02264799601909541,0.003663791311409814,19
violent_shock,ITAC_K_NoHysteresis,17,21985.486113320043,4.885663580737788,3381,66,11704,36,2894,681,0.0,0.0,49788,11.064,57.12435386596888,0.01689569768292484,0.002598275679306437,19
violent_shock,Greedy,18,38033.504597174506,8.451889910483224,0,0,0,5,755,5,,,13500,3.0,0.0,0.0,0.0,23
violent_shock,SPI_HCPI,18,38402.664052463704,8.533925344991934,40,0,0,5,715,10,,,27000,6.0,0.0,0.0,0.0,23
violent_shock,DualControl,18,9177.427386467964,2.0394283081039917,293,0,0,49,4121,341,10.0,0.0,40500,9.0,0.0,0.0,0.0,23
violent_shock,ConstrainedBandit,18,5730.644950412902,1.2734766556473116,183,0,0,25,4289,237,3.0,0.0,40500,9.0,0.0,0.0,0.0,23
violent_shock,GenericEIG,18,38944.37648007013,8.65430588446003,108,0,0,10,729,176,,,54000,12.0,0.0,0.0,0.0,23
violent_shock,ITAC_K_Full,18,18411.990132605315,4.091553362801181,2621,82,11628,62,3414,611,0.0,0.0,46812,10.402666666666667,54.16373299915823,0.02066529301761092,0.0029417641769881836,19
violent_shock,ITAC_K_LocalOnly,18,24649.545588696044,5.47767679748801,4252,0,9348,96,3035,756,0.0,0.0,53008,11.779555555555556,55.345857542205096,0.013016429337301292,0.0022453094456875494,19
violent_shock,ITAC_K_GenericVoI_Local,18,26715.489369070303,5.936775415348956,4500,0,8436,96,2896,722,0.0,0.0,54000,12.0,61.5378289772632,0.01367507310605849,0.0023034513097300122,19
violent_shock,ITAC_K_UnqualifiedRemote,18,12862.01174594466,2.8582248324321466,1691,483,38912,24,3607,445,0.0,0.0,44696,9.932444444444444,53.73183792383925,0.031775185052536514,0.004177560943433339,19
violent_shock,ITAC_K_NoKinematics,18,18411.990132605315,4.091553362801181,2621,82,11628,62,3414,611,0.0,0.0,46812,10.402666666666667,54.16373299915823,0.02066529301761092,0.0029417641769881836,19
violent_shock,ITAC_K_NoHysteresis,18,13655.94562810413,3.03465458402314,2518,87,11552,47,3721,579,0.0,0.0,46420,10.315555555555555,57.82248553613429,0.02296365589203109,0.004234235190358022,19
violent_shock,Greedy,19,38316.54567662747,8.51478792813944,0,0,0,5,755,5,,,13500,3.0,0.0,0.0,0.0,23
violent_shock,SPI_HCPI,19,38610.91373465723,8.580203052146052,40,0,0,5,724,10,,,27000,6.0,0.0,0.0,0.0,23
violent_shock,DualControl,19,8826.187750820016,1.9613750557377814,277,0,0,47,4130,314,0.0,0.0,40500,9.0,0.0,0.0,0.0,23
violent_shock,ConstrainedBandit,19,5758.5000711739685,1.2796666824831042,183,0,0,25,4284,235,4.0,0.0,40500,9.0,0.0,0.0,0.0,23
violent_shock,GenericEIG,19,39242.126250140456,8.720472500031212,106,0,0,10,727,177,,,54000,12.0,0.0,0.0,0.0,23
violent_shock,ITAC_K_Full,19,20500.829167187552,4.5557398149305675,3710,72,11780,62,3213,698,0.0,0.0,51128,11.361777777777778,55.85264308490255,0.015054620777601767,0.0027244089802132042,19
violent_shock,ITAC_K_LocalOnly,19,24673.216670133923,5.482937037807538,4018,0,9880,100,3091,800,0.0,0.0,52072,11.571555555555555,56.34324563560234,0.014022709217422184,0.0022835792506861858,19
violent_shock,ITAC_K_GenericVoI_Local,19,26581.808943248914,5.907068654055315,4500,0,9196,100,2873,710,0.0,0.0,54000,12.0,64.19132856676741,0.01426473968150387,0.002414859301103747,19
violent_shock,ITAC_K_UnqualifiedRemote,19,12701.969547797717,2.8226598995106036,1688,465,37620,24,3611,472,0.0,0.0,44612,9.913777777777778,54.30797076247075,0.032172968461179355,0.004275555106482422,19
violent_shock,ITAC_K_NoKinematics,19,20500.829167187552,4.5557398149305675,3710,72,11780,62,3213,698,0.0,0.0,51128,11.361777777777778,55.85264308490255,0.015054620777601767,0.0027244089802132042,19
violent_shock,ITAC_K_NoHysteresis,19,18822.67733295187,4.182817185100415,3363,70,11704,40,3211,642,0.0,0.0,49732,11.051555555555556,56.28017169367483,0.01673510903766721,0.002990019469501722,19
violent_shock,Greedy,20,38187.83176497188,8.486184836660419,0,0,0,5,755,5,,,13500,3.0,0.0,0.0,0.0,23
violent_shock,SPI_HCPI,20,38464.59543119505,8.5476878735989,40,0,0,5,725,10,,,27000,6.0,0.0,0.0,0.0,23
violent_shock,DualControl,20,8460.1184542205,1.8800263231601109,282,0,0,48,4182,329,2.0,0.0,40500,9.0,0.0,0.0,0.0,23
violent_shock,ConstrainedBandit,20,5957.666620419696,1.3239259156488214,186,0,0,25,4265,233,3.0,0.0,40500,9.0,0.0,0.0,0.0,23
violent_shock,GenericEIG,20,39127.88478843335,8.695085508540744,106,0,0,10,727,169,,,54000,12.0,0.0,0.0,0.0,23
violent_shock,ITAC_K_Full,20,12652.715515522708,2.811714559005046,1964,113,13300,37,3760,547,0.0,0.0,44308,9.846222222222222,57.01662293172686,0.029030867073180682,0.004506275578691172,19
violent_shock,ITAC_K_LocalOnly,20,27497.690934485003,6.110597985441112,4125,0,9804,90,2745,819,0.0,0.0,52500,11.666666666666666,55.64457617268769,0.013489594223681865,0.0020236090479474962,19
violent_shock,ITAC_K_GenericVoI_Local,20,27890.739016166786,6.197942003592619,4500,0,9044,98,2750,737,0.0,0.0,54000,12.0,62.75965089926129,0.013946589088724731,0.0022501967718705066,19
violent_shock,ITAC_K_UnqualifiedRemote,20,12805.318513248865,2.8456263362775256,1645,459,37544,24,3616,498,0.0,0.0,44416,9.870222222222223,53.53743310098864,0.03254555203707516,0.0041808747705569995,19
violent_shock,ITAC_K_NoKinematics,20,12652.715515522708,2.811714559005046,1964,113,13300,37,3760,547,0.0,0.0,44308,9.846222222222222,57.01662293172686,0.029030867073180682,0.004506275578691172,19
violent_shock,ITAC_K_NoHysteresis,20,14580.40705886379,3.2400904575252865,2356,92,12312,44,3617,599,0.0,0.0,45792,10.176,57.76758038839995,0.024519346514600998,0.003962000522700195,19
violent_shock,Greedy,21,38101.003630345724,8.466889695632384,0,0,0,5,755,5,,,13500,3.0,0.0,0.0,0.0,23
violent_shock,SPI_HCPI,21,38508.709656316336,8.557491034736964,40,0,0,5,711,10,,,27000,6.0,0.0,0.0,0.0,23
violent_shock,DualControl,21,7668.496125202732,1.7041102500450516,251,0,0,46,4251,288,2.0,0.0,40500,9.0,0.0,0.0,0.0,23
violent_shock,ConstrainedBandit,21,5940.081945401881,1.320018210089307,176,0,0,25,4271,226,8.0,0.0,40500,9.0,0.0,0.0,0.0,23
violent_shock,GenericEIG,21,39039.63549319686,8.675474554043747,112,0,0,10,727,175,,,54000,12.0,0.0,0.0,0.0,23
violent_shock,ITAC_K_Full,21,20599.69235333651,4.577709411852558,3550,75,12008,62,3157,716,0.0,0.0,50500,11.222222222222221,54.5004510698788,0.015352239737994029,0.002645692476133092,19
violent_shock,ITAC_K_LocalOnly,21,27509.533670360448,6.113229704524544,4282,0,9120,100,2765,760,0.0,0.0,53128,11.806222222222223,56.32751386610363,0.01315448712426521,0.002047563384427432,19
violent_shock,ITAC_K_GenericVoI_Local,21,28275.134004637377,6.28336311214164,4500,0,9424,100,2718,696,0.0,0.0,54000,12.0,65.69704571704023,0.014599343492675606,0.0023234919313296735,19
violent_shock,ITAC_K_UnqualifiedRemote,21,12703.98525003413,2.823107833340918,1580,469,38152,24,3605,445,0.0,0.0,44196,9.821333333333333,51.368652237244994,0.032511805213446196,0.004043506917414517,19
violent_shock,ITAC_K_NoKinematics,21,20599.69235333651,4.577709411852558,3550,75,12008,62,3157,716,0.0,0.0,50500,11.222222222222221,54.5004510698788,0.015352239737994029,0.002645692476133092,19
violent_shock,ITAC_K_NoHysteresis,21,18520.96023553364,4.115768941229698,3406,97,13072,36,3196,659,0.0,0.0,50012,11.113777777777777,54.462443800407094,0.015990147915562858,0.0029405842411948727,19
violent_shock,Greedy,22,38260.495190619135,8.50233226458203,0,0,0,5,755,5,,,13500,3.0,0.0,0.0,0.0,23
violent_shock,SPI_HCPI,22,38711.667190939166,8.602592709097593,40,0,0,5,706,10,,,27000,6.0,0.0,0.0,0.0,23
violent_shock,DualControl,22,8873.95292607586,1.9719895391279691,271,0,0,48,4138,324,1.0,0.0,40500,9.0,0.0,0.0,0.0,23
violent_shock,ConstrainedBandit,22,5608.998917333223,1.2464442038518273,178,0,0,25,4294,227,2.0,0.0,40500,9.0,0.0,0.0,0.0,23
violent_shock,GenericEIG,22,39196.94639965675,8.710432533257055,109,0,0,10,728,187,,,54000,12.0,0.0,0.0,0.0,23
violent_shock,ITAC_K_Full,22,11694.218383688754,2.5987151963752786,1721,109,12844,43,3870,510,0.0,0.0,43320,9.626666666666667,57.402381380763856,0.033354085636701836,0.004908612059171858,19
violent_shock,ITAC_K_LocalOnly,22,22971.32743479784,5.1047394299550755,4184,0,9804,78,3082,805,0.0,0.0,52736,11.719111111111111,56.996423103180426,0.013622472060989585,0.002481198496907065,19
violent_shock,ITAC_K_GenericVoI_Local,22,23918.702489885323,5.315267219974516,4500,0,9652,78,2983,727,0.0,0.0,54000,12.0,64.05900060509572,0.014235333467799049,0.0026781971401745063,19
violent_shock,ITAC_K_UnqualifiedRemote,22,13324.823832988413,2.9610719628863142,1695,471,38380,24,3562,448,0.0,0.0,44664,9.925333333333333,54.04082873272158,0.031882494827564355,0.004055650521917754,19
violent_shock,ITAC_K_NoKinematics,22,11694.218383688754,2.5987151963752786,1721,109,12844,43,3870,510,0.0,0.0,43320,9.626666666666667,57.402381380763856,0.033354085636701836,0.004908612059171858,19
violent_shock,ITAC_K_NoHysteresis,22,14981.30688477705,3.3291793077282335,2656,69,11400,32,3534,579,0.0,0.0,46900,10.422222222222222,58.18970428662983,0.0219087742043034,0.003884154081761593,19
violent_shock,Greedy,23,37990.45839092219,8.442324086871597,0,0,0,5,755,5,,,13500,3.0,0.0,0.0,0.0,23
violent_shock,SPI_HCPI,23,38437.89021225699,8.541753380501554,40,0,0,5,705,10,,,27000,6.0,0.0,0.0,0.0,23
violent_shock,DualControl,23,9339.203090166708,2.0753784644814908,295,0,0,48,4092,328,7.0,0.0,40500,9.0,0.0,0.0,0.0,23
violent_shock,ConstrainedBandit,23,5851.372832170334,1.3003050738156297,181,0,0,25,4271,231,7.0,0.0,40500,9.0,0.0,0.0,0.0,23
violent_shock,GenericEIG,23,38925.39669185048,8.650088153744552,109,0,0,10,726,174,,,54000,12.0,0.0,0.0,0.0,23
violent_shock,ITAC_K_Full,23,18917.883008246725,4.203974001832606,2602,92,12084,62,3304,594,0.0,0.0,46776,10.394666666666666,56.86941535427516,0.02185603972108961,0.003006119412488412,19
violent_shock,ITAC_K_LocalOnly,23,27018.122292053373,6.004027176011861,4421,0,9880,100,2810,765,0.0,0.0,53684,11.929777777777778,57.04954655160608,0.012904217722598072,0.0021115289188096396,19
violent_shock,ITAC_K_GenericVoI_Local,23,27556.30025897351,6.123622279771891,4500,0,9956,100,2777,709,0.0,0.0,54000,12.0,65.28841247437714,0.014508536105417143,0.00236927351860729,19
violent_shock,ITAC_K_UnqualifiedRemote,23,14031.580853270994,3.1181290785046656,1653,454,37240,24,3468,455,0.0,0.0,44428,9.87288888888889,53.436695924875806,0.03232709977306461,0.0038083161465316167,19
violent_shock,ITAC_K_NoKinematics,23,18917.883008246725,4.203974001832606,2602,92,12084,62,3304,594,0.0,0.0,46776,10.394666666666666,56.86941535427516,0.02185603972108961,0.003006119412488412,19
violent_shock,ITAC_K_NoHysteresis,23,16945.279806703613,3.765617734823025,2793,99,12464,29,3313,582,0.0,0.0,47568,10.570666666666666,56.45057634138619,0.020211448743783098,0.0033313451878825948,19
violent_shock,Greedy,24,38161.47512868173,8.480327806373719,0,0,0,5,755,5,,,13500,3.0,0.0,0.0,0.0,23
violent_shock,SPI_HCPI,24,38631.63168518715,8.5848070411527,40,0,0,5,703,10,,,27000,6.0,0.0,0.0,0.0,23
violent_shock,DualControl,24,7207.569505466673,1.6016821123259273,248,0,0,45,4286,282,1.0,0.0,40500,9.0,0.0,0.0,0.0,23
violent_shock,ConstrainedBandit,24,6137.838789455541,1.3639641754345646,185,0,0,25,4247,244,12.0,0.0,40500,9.0,0.0,0.0,0.0,23
violent_shock,GenericEIG,24,39116.02428754735,8.692449841677188,108,0,0,10,725,182,,,54000,12.0,0.0,0.0,0.0,23
violent_shock,ITAC_K_Full,24,16446.437107474176,3.654763801660928,2940,93,11856,42,3420,623,0.0,0.0,48132,10.696,54.85062379980216,0.01865667476183747,0.003335106773665585,19
violent_shock,ITAC_K_LocalOnly,24,24668.19060312442,5.481820134027649,4138,0,7752,71,2891,764,0.0,0.0,52552,11.678222222222223,51.58073727400268,0.012465137088932498,0.002090981787187487,19
violent_shock,ITAC_K_GenericVoI_Local,24,25796.350595246964,5.732522354499325,4489,0,7904,71,2822,697,0.0,0.0,53956,11.990222222222222,59.06837620298599,0.013158470974155933,0.0022897958370076375,19
violent_shock,ITAC_K_UnqualifiedRemote,24,12777.750530011419,2.8395001177803154,1700,456,37620,24,3627,495,0.0,0.0,44624,9.916444444444444,56.12464954595135,0.03301449973291256,0.0043923732439547945,19
violent_shock,ITAC_K_NoKinematics,24,16446.437107474176,3.654763801660928,2940,93,11856,42,3420,623,0.0,0.0,48132,10.696,54.85062379980216,0.01865667476183747,0.003335106773665585,19
violent_shock,ITAC_K_NoHysteresis,24,15071.071256334393,3.3491269458520874,2551,70,10412,14,3385,611,0.0,0.0,46484,10.329777777777778,55.15501155082325,0.021620937495422675,0.0036596609897681636,19
violent_shock,Greedy,25,38139.22872715436,8.475384161589858,0,0,0,5,755,5,,,13500,3.0,0.0,0.0,0.0,23
violent_shock,SPI_HCPI,25,38730.88931893871,8.606864293097491,40,0,0,5,688,10,,,27000,6.0,0.0,0.0,0.0,23
violent_shock,DualControl,25,9630.044885446718,2.140009974543715,328,0,0,49,4068,359,3.0,0.0,40500,9.0,0.0,0.0,0.0,23
violent_shock,ConstrainedBandit,25,13188.45923034267,2.930768717853927,205,0,0,26,3513,261,4.0,0.0,40500,9.0,0.0,0.0,0.0,23
violent_shock,GenericEIG,25,39069.24757231987,8.682055016071082,114,0,0,10,726,185,,,54000,12.0,0.0,0.0,0.0,23
violent_shock,ITAC_K_Full,25,20673.135513155146,4.594030114034477,3665,91,11552,43,3028,749,0.0,0.0,51024,11.338666666666667,55.04192158085253,0.015018259640068903,0.002662485405072063,19
violent_shock,ITAC_K_LocalOnly,25,25644.609186871745,5.698802041527054,4414,0,8816,93,2902,781,0.0,0.0,53656,11.923555555555556,58.83640712293541,0.013329498668539967,0.0022942992304618767,19
violent_shock,ITAC_K_GenericVoI_Local,25,26404.951044714733,5.867766898825496,4500,0,7600,96,2904,690,0.0,0.0,54000,12.0,59.259784358576745,0.01316884096857261,0.002244267912416308,19
violent_shock,ITAC_K_UnqualifiedRemote,25,12079.317742056865,2.684292831568192,1704,446,36100,24,3667,459,0.0,0.0,44600,9.911111111111111,54.15066380706617,0.03177855857222193,0.004482924032913584,19
violent_shock,ITAC_K_NoKinematics,25,20673.135513155146,4.594030114034477,3665,91,11552,43,3028,749,0.0,0.0,51024,11.338666666666667,55.04192158085253,0.015018259640068903,0.002662485405072063,19
violent_shock,ITAC_K_NoHysteresis,25,18436.616147982688,4.09702581066282,2927,70,11324,55,3320,631,0.0,0.0,47988,10.664,58.01377973644106,0.019820218563867804,0.003146660931202869,19
violent_shock,Greedy,26,37936.176650777976,8.430261477950662,0,0,0,5,755,5,,,13500,3.0,0.0,0.0,0.0,23
violent_shock,SPI_HCPI,26,38658.11693511894,8.590692652248652,40,0,0,5,677,10,,,27000,6.0,0.0,0.0,0.0,23
violent_shock,DualControl,26,11042.925751271783,2.4539835002826185,319,0,0,50,3953,363,33.0,0.0,40500,9.0,0.0,0.0,0.0,23
violent_shock,ConstrainedBandit,26,5957.511266691968,1.323891392598215,192,0,0,25,4278,249,2.0,0.0,40500,9.0,0.0,0.0,0.0,23
violent_shock,GenericEIG,26,38820.2827473409,8.62672949940909,89,0,0,10,729,169,,,54000,12.0,0.0,0.0,0.0,23
violent_shock,ITAC_K_Full,26,15675.177183600914,3.4833727074668697,2620,82,12996,62,3655,609,0.0,0.0,46808,10.401777777777777,56.67935433221375,0.021633341348173185,0.003615866900152852,19
violent_shock,ITAC_K_LocalOnly,26,25756.253966402153,5.723611992533812,4354,0,10412,100,2956,788,0.0,0.0,53416,11.870222222222223,57.20088765902531,0.013137548842219869,0.002220854311098238,19
violent_shock,ITAC_K_GenericVoI_Local,26,28076.16494170488,6.239147764823307,4500,0,9956,100,2752,712,0.0,0.0,54000,12.0,64.49309974089928,0.014331799942422063,0.002297076537155542,19
violent_shock,ITAC_K_UnqualifiedRemote,26,13460.79290750799,2.991287312779553,1654,475,39140,24,3572,467,0.0,0.0,44516,9.892444444444445,54.546553488958935,0.03297856921944313,0.004052254117848782,19
violent_shock,ITAC_K_NoKinematics,26,15675.177183600914,3.4833727074668697,2620,82,12996,62,3655,609,0.0,0.0,46808,10.401777777777777,56.67935433221375,0.021633341348173185,0.003615866900152852,19
violent_shock,ITAC_K_NoHysteresis,26,12976.047229690435,2.883566051042319,1808,80,12388,47,3810,492,0.0,0.0,43552,9.678222222222223,58.85484789482183,0.032552460118817385,0.004535653026921505,19
violent_shock,Greedy,27,38226.94525357215,8.494876723016034,0,0,0,5,755,5,,,13500,3.0,0.0,0.0,0.0,23
violent_shock,SPI_HCPI,27,38523.741989909286,8.560831553313175,40,0,0,5,723,10,,,27000,6.0,0.0,0.0,0.0,23
violent_shock,DualControl,27,8620.805516995822,1.9157345593324049,272,0,0,47,4156,314,3.0,0.0,40500,9.0,0.0,0.0,0.0,23
violent_shock,ConstrainedBandit,27,6097.874438595126,1.3550832085766946,185,0,0,25,4253,232,8.0,0.0,40500,9.0,0.0,0.0,0.0,23
violent_shock,GenericEIG,27,39146.90340198613,8.699311867108028,105,0,0,10,725,199,,,54000,12.0,0.0,0.0,0.0,23
violent_shock,ITAC_K_Full,27,17906.878897270373,3.9793064216156386,3128,74,10412,40,3297,672,0.0,0.0,48808,10.846222222222222,52.275306729613675,0.01671205458107854,0.0029192863273109107,19
violent_shock,ITAC_K_LocalOnly,27,25292.284704737387,5.620507712163864,4353,0,6992,66,2827,784,0.0,0.0,53412,11.869333333333334,49.54852400099454,0.011382615208131068,0.0019590370968627373,19
violent_shock,ITAC_K_GenericVoI_Local,27,26575.639972904493,5.905697771756554,4492,0,6764,66,2713,717,0.0,0.0,53968,11.992888888888888,57.787754603349256,0.012864593633871161,0.002174463330413395,19
violent_shock,ITAC_K_UnqualifiedRemote,27,12479.921130441886,2.7733158067648636,1576,460,37012,24,3662,485,0.0,0.0,44144,9.809777777777779,52.187498373054325,0.03311389490676036,0.004181717001861092,19
violent_shock,ITAC_K_NoKinematics,27,17906.878897270373,3.9793064216156386,3128,74,10412,40,3297,672,0.0,0.0,48808,10.846222222222222,52.275306729613675,0.01671205458107854,0.0029192863273109107,19
violent_shock,ITAC_K_NoHysteresis,27,16970.91904992091,3.771315344426869,2862,71,10032,40,3388,611,0.0,0.0,47732,10.607111111111111,53.413315401657826,0.01866293340379379,0.00314734371453541,19
violent_shock,Greedy,28,38147.29430237421,8.477176511638714,0,0,0,5,755,5,,,13500,3.0,0.0,0.0,0.0,23
violent_shock,SPI_HCPI,28,38557.2692558437,8.568282056854155,40,0,0,5,709,10,,,27000,6.0,0.0,0.0,0.0,23
violent_shock,DualControl,28,8372.439582994024,1.8605421295542275,271,0,0,47,4194,311,4.0,0.0,40500,9.0,0.0,0.0,0.0,23
violent_shock,ConstrainedBandit,28,6075.830767201739,1.3501846149337198,184,0,0,25,4264,231,1.0,0.0,40500,9.0,0.0,0.0,0.0,23
violent_shock,GenericEIG,28,39062.590052266016,8.680575567170226,106,0,0,10,724,170,,,54000,12.0,0.0,0.0,0.0,23
violent_shock,ITAC_K_Full,28,19095.08783145937,4.243352851435415,3043,89,12312,62,3319,665,0.0,0.0,48528,10.784,56.47380452057219,0.018558594978827534,0.0029575043078634584,19
violent_shock,ITAC_K_LocalOnly,28,25608.995673298854,5.6908879273997455,4349,0,8892,99,2983,789,0.0,0.0,53396,11.865777777777778,54.925196820932115,0.012629385334773997,0.002144761845471344,19
violent_shock,ITAC_K_GenericVoI_Local,28,26102.28234650613,5.800507188112474,4500,0,8816,99,2956,711,0.0,0.0,54000,12.0,61.62274850205906,0.013693944111568681,0.0023608184021619645,19
violent_shock,ITAC_K_UnqualifiedRemote,28,12807.960201082074,2.8462133780182386,1713,460,37316,24,3601,468,0.0,0.0,44692,9.931555555555555,54.34520050605623,0.0317251608324905,0.004243080057468081,19
violent_shock,ITAC_K_NoKinematics,28,19095.08783145937,4.243352851435415,3043,89,12312,62,3319,665,0.0,0.0,48528,10.784,56.47380452057219,0.018558594978827534,0.0029575043078634584,19
violent_shock,ITAC_K_NoHysteresis,28,17176.884360701995,3.817085413489332,2867,89,11856,42,3398,619,0.0,0.0,47824,10.627555555555556,55.24902644657274,0.01927067542608048,0.0032164754262987184,19
violent_shock,Greedy,29,38234.451805429715,8.496544845651048,0,0,0,5,755,5,,,13500,3.0,0.0,0.0,0.0,23
violent_shock,SPI_HCPI,29,38564.10177784309,8.569800395076243,40,0,0,5,721,10,,,27000,6.0,0.0,0.0,0.0,23
violent_shock,DualControl,29,8155.65520204902,1.81236782267756,265,0,0,47,4189,309,1.0,0.0,40500,9.0,0.0,0.0,0.0,23
violent_shock,ConstrainedBandit,29,5729.330612598058,1.2731845805773463,183,0,0,25,4279,231,2.0,0.0,40500,9.0,0.0,0.0,0.0,23
violent_shock,GenericEIG,29,39174.175230018365,8.705372273337414,112,0,0,10,730,169,,,54000,12.0,0.0,0.0,0.0,23
violent_shock,ITAC_K_Full,29,21508.252534653577,4.7796116743674615,3766,83,12388,62,3069,731,0.0,0.0,51396,11.421333333333333,54.94461009591124,0.014589646865616366,0.002554582712258274,19
violent_shock,ITAC_K_LocalOnly,29,28670.87351241139,6.371305224980309,4402,0,8360,98,2718,818,0.0,0.0,53608,11.912888888888888,50.36975664478595,0.011442470841614255,0.0017568267190387935,19
violent_shock,ITAC_K_GenericVoI_Local,29,28921.53955117827,6.427008789150727,4500,0,8132,98,2728,698,0.0,0.0,54000,12.0,60.89059873452161,0.013531244163227025,0.002105371971183357,19
violent_shock,ITAC_K_UnqualifiedRemote,29,11840.335837117891,2.6311857415817537,1675,430,34884,24,3705,472,0.0,0.0,44420,9.87111111111111,53.21320369895858,0.03176907683519915,0.004494230943360762,19
violent_shock,ITAC_K_NoKinematics,29,21508.252534653577,4.7796116743674615,3766,83,12388,62,3069,731,0.0,0.0,51396,11.421333333333333,54.94461009591124,0.014589646865616366,0.002554582712258274,19
violent_shock,ITAC_K_NoHysteresis,29,16134.439104911235,3.5854309122024968,2276,65,9804,33,3479,621,0.0,0.0,45364,10.08088888888889,51.884577369084575,0.02279638724476475,0.003215765793388578,19
peer_mismatch,Greedy,0,28929.720559977723,6.428826791106161,0,0,0,10,1110,7,,,13500,3.0,0.0,0.0,0.0,23
peer_mismatch,SPI_HCPI,0,24317.435391821557,5.403874531515902,40,0,0,9,1554,19,9.0,0.0,27000,6.0,0.0,0.0,0.0,23
peer_mismatch,DualControl,0,22522.099757642285,5.0049110572538416,380,0,0,49,2011,438,52.0,0.0,40500,9.0,0.0,0.0,0.0,23
peer_mismatch,ConstrainedBandit,0,31107.505180161173,6.9127789289247055,236,0,0,30,1035,346,,,40500,9.0,0.0,0.0,0.0,23
peer_mismatch,GenericEIG,0,29717.00918442481,6.603779818761069,103,0,0,15,1079,175,,,54000,12.0,0.0,0.0,0.0,23
peer_mismatch,ITAC_K_Full,0,18830.461472097708,4.184546993799491,4259,139,17784,184,2970,719,8.0,0.0,53592,11.909333333333333,55.47862465173497,0.013026209122266957,0.0029462169439629067,19
peer_mismatch,ITAC_K_LocalOnly,0,20018.979159226874,4.44866203538375,4384,0,7904,187,2908,717,13.0,0.0,53536,11.896888888888888,56.05476506607458,0.012786214659232341,0.0028000810940571157,19
peer_mismatch,ITAC_K_GenericVoI_Local,0,20499.29818606309,4.555399596902909,4500,0,8512,186,2864,693,13.0,0.0,54000,12.0,56.803447874225654,0.01262298841649459,0.0027709947608277026,19
peer_mismatch,ITAC_K_UnqualifiedRemote,0,15228.206500033964,3.3840458888964364,2721,609,50616,158,3183,577,1.0,0.0,49320,10.96,50.98485306760185,0.018737542472474035,0.003348053696769093,19
peer_mismatch,ITAC_K_NoKinematics,0,18830.461472097708,4.184546993799491,4259,139,17784,184,2970,719,8.0,0.0,53592,11.909333333333333,55.47862465173497,0.013026209122266957,0.0029462169439629067,19
peer_mismatch,ITAC_K_NoHysteresis,0,19212.834657679246,4.26951881281761,3595,140,18240,149,2818,681,1.0,0.0,50940,11.32,56.054023610040396,0.015592217972194825,0.0029175301098859955,19
peer_mismatch,Greedy,1,28835.785978579093,6.407952439684243,0,0,0,10,1110,13,,,13500,3.0,0.0,0.0,0.0,23
peer_mismatch,SPI_HCPI,1,31041.382221319836,6.898084938071075,32,0,0,8,872,16,,,27000,6.0,0.0,0.0,0.0,23
peer_mismatch,DualControl,1,29926.0529187291,6.6502339819398,394,0,0,50,1269,461,,76.0,40500,9.0,0.0,0.0,0.0,23
peer_mismatch,ConstrainedBandit,1,29049.9868051506,6.4555526233668,239,0,0,30,1238,337,,76.0,40500,9.0,0.0,0.0,0.0,23
peer_mismatch,GenericEIG,1,29688.376461099782,6.597416991355507,111,0,0,15,1077,182,,,54000,12.0,0.0,0.0,0.0,23
peer_mismatch,ITAC_K_Full,1,16979.958820135853,3.773324182252412,3525,144,17328,162,3097,671,7.0,0.0,50676,11.261333333333333,56.137497114791145,0.015925531096394652,0.003306103254397763,19
peer_mismatch,ITAC_K_LocalOnly,1,19186.495189112247,4.263665597580499,4077,0,7144,170,2943,789,2.0,0.0,52308,11.624,55.72409547601044,0.013667916476823753,0.00290433948080482,19
peer_mismatch,ITAC_K_GenericVoI_Local,1,21138.129254402713,4.697362056533936,4500,0,7904,175,2802,704,2.0,0.0,54000,12.0,56.99146500126765,0.0126647700002817,0.002696145165703218,19
peer_mismatch,ITAC_K_UnqualifiedRemote,1,13396.815418645732,2.977070093032385,1943,791,65968,127,3224,481,2.0,0.0,46936,10.430222222222222,53.182194848181716,0.02737117593833336,0.0039697639465990225,19
peer_mismatch,ITAC_K_NoKinematics,1,16979.958820135853,3.773324182252412,3525,144,17328,162,3097,671,7.0,0.0,50676,11.261333333333333,56.137497114791145,0.015925531096394652,0.003306103254397763,19
peer_mismatch,ITAC_K_NoHysteresis,1,16900.447217308138,3.755654937179586,3514,147,17784,168,3111,728,14.0,0.0,50644,11.254222222222221,56.77662720242283,0.016157264428691757,0.003359474839475051,19
peer_mismatch,Greedy,2,28641.873400270262,6.364860755615614,0,0,0,11,1111,13,,,13500,3.0,0.0,0.0,0.0,23
peer_mismatch,SPI_HCPI,2,30865.326854180712,6.85896152315127,32,0,0,8,864,16,,,27000,6.0,0.0,0.0,0.0,23
peer_mismatch,DualControl,2,26505.122610496725,5.89002724677705,433,0,0,50,1581,469,34.0,0.0,40500,9.0,0.0,0.0,0.0,23
peer_mismatch,ConstrainedBandit,2,30886.09464459702,6.863576587688226,240,0,0,30,1021,362,,,40500,9.0,0.0,0.0,0.0,23
peer_mismatch,GenericEIG,2,29429.186845653196,6.539819299034043,109,0,0,15,1072,193,,,54000,12.0,0.0,0.0,0.0,23
peer_mismatch,ITAC_K_Full,2,15958.898697611381,3.546421932802529,3553,257,34428,162,3141,665,6.0,0.0,51240,11.386666666666667,78.19647913996901,0.022008578423858432,0.0048998668781369565,19
peer_mismatch,ITAC_K_LocalOnly,2,18766.196283064928,4.170265840681095,4250,0,16720,167,2917,680,1.0,0.0,53000,11.777777777777779,78.98480316099986,0.018584659567294083,0.004208887191075459,19
peer_mismatch,ITAC_K_GenericVoI_Local,2,19245.384716483703,4.2767521592186,4500,0,18924,169,2847,704,1.0,0.0,54000,12.0,75.83079672534942,0.01685128816118876,0.003940206851796536,19
peer_mismatch,ITAC_K_UnqualifiedRemote,2,7254.676574575061,1.6121503499055692,1106,796,74556,74,3549,250,0.0,0.0,43608,9.690666666666667,76.54293874154617,0.0692069970538392,0.01055084095820352,19
peer_mismatch,ITAC_K_NoKinematics,2,15958.898697611381,3.546421932802529,3553,257,34428,162,3141,665,6.0,0.0,51240,11.386666666666667,78.19647913996901,0.022008578423858432,0.0048998668781369565,19
peer_mismatch,ITAC_K_NoHysteresis,2,16236.459980558151,3.6081022179018114,3069,231,31996,151,3098,656,3.0,0.0,49200,10.933333333333334,80.10229122602746,0.026100453315746973,0.004933482503079087,19
peer_mismatch,Greedy,3,28544.90736816103,6.343312748480229,0,0,0,11,1111,14,,,13500,3.0,0.0,0.0,0.0,23
peer_mismatch,SPI_HCPI,3,31211.87270898797,6.9359717131084375,32,0,0,8,808,12,,,27000,6.0,0.0,0.0,0.0,23
peer_mismatch,DualControl,3,22903.821600996424,5.089738133554761,378,0,0,50,1934,472,22.0,0.0,40500,9.0,0.0,0.0,0.0,23
peer_mismatch,ConstrainedBandit,3,27910.542786336206,6.202342841408045,283,0,0,30,1319,363,,0.0,40500,9.0,0.0,0.0,0.0,23
peer_mismatch,GenericEIG,3,29309.088454033063,6.513130767562902,101,0,0,15,1078,179,,,54000,12.0,0.0,0.0,0.0,23
peer_mismatch,ITAC_K_Full,3,14325.676095755372,3.183483576834527,3159,200,33364,159,3313,649,5.0,0.0,49436,10.985777777777777,85.58235424664423,0.027091596785895608,0.005974053418114197,19
peer_mismatch,ITAC_K_LocalOnly,3,17373.929173940633,3.860873149764585,4142,0,18848,161,3048,730,3.0,0.0,52568,11.681777777777778,83.12651358682199,0.020069172763597775,0.004784554648208446,19
peer_mismatch,ITAC_K_GenericVoI_Local,3,19598.4455679099,4.3552101262022,4500,0,22268,166,2878,718,3.0,0.0,54000,12.0,85.56685709620689,0.01901485713249042,0.004366002232152142,19
peer_mismatch,ITAC_K_UnqualifiedRemote,3,19820.543988664664,4.4045653308143695,1272,1463,126008,132,2636,312,0.0,0.0,46940,10.431111111111111,78.60294364121353,0.06179476701353265,0.003965730894478296,19
peer_mismatch,ITAC_K_NoKinematics,3,14325.676095755372,3.183483576834527,3158,199,33212,159,3313,649,5.0,0.0,49428,10.984,85.56850047956647,0.027095788625575195,0.0059730863595973665,19
peer_mismatch,ITAC_K_NoHysteresis,3,13063.890244904962,2.9030867210899913,2698,181,31540,145,3360,583,2.0,0.0,47516,10.559111111111111,88.1060549840636,0.032656061891795256,0.006744243355720611,19
peer_mismatch,Greedy,4,28818.3126195492,6.404069471010933,0,0,0,10,1110,13,,,13500,3.0,0.0,0.0,0.0,23
peer_mismatch,SPI_HCPI,4,31141.976178405468,6.920439150756771,32,0,0,8,853,16,,,27000,6.0,0.0,0.0,0.0,23
peer_mismatch,DualControl,4,32814.70219282671,7.29215604285038,418,0,0,50,984,471,,,40500,9.0,0.0,0.0,0.0,23
peer_mismatch,ConstrainedBandit,4,30951.516920002487,6.878114871111664,220,0,0,30,1021,358,,,40500,9.0,0.0,0.0,0.0,23
peer_mismatch,GenericEIG,4,29618.164260601407,6.581814280133646,98,0,0,15,1075,180,,,54000,12.0,0.0,0.0,0.0,23
peer_mismatch,ITAC_K_Full,4,17514.299878495673,3.892066639665705,3889,103,18392,173,3078,688,0.0,0.0,51968,11.548444444444444,67.245031730003,0.017291085556699153,0.003839435900750306,19
peer_mismatch,ITAC_K_LocalOnly,4,19219.948149816555,4.271099588848124,4129,0,10868,175,2932,744,9.0,0.0,52516,11.670222222222222,66.39106932294904,0.0160792127205011,0.0034542793146704045,19
peer_mismatch,ITAC_K_GenericVoI_Local,4,22464.255376228757,4.992056750273057,4500,0,12160,180,2707,692,9.0,0.0,54000,12.0,68.38285190868564,0.015196189313041253,0.003044073830332567,19
peer_mismatch,ITAC_K_UnqualifiedRemote,4,15555.645615592775,3.4568101367983943,1777,806,67564,148,3068,521,0.0,0.0,46332,10.296,60.61894015029789,0.03411307830630157,0.0038969093053607662,19
peer_mismatch,ITAC_K_NoKinematics,4,17514.299878495673,3.892066639665705,3889,103,18392,173,3078,688,0.0,0.0,51968,11.548444444444444,67.245031730003,0.017291085556699153,0.003839435900750306,19
peer_mismatch,ITAC_K_NoHysteresis,4,18043.929493218286,4.009762109604064,3409,131,18848,158,2992,687,8.0,0.0,50160,11.146666666666667,66.06612645385653,0.019379913890835,0.0036614046002943607,19
peer_mismatch,Greedy,5,28945.21588918568,6.432270197596818,0,0,0,10,1110,9,,,13500,3.0,0.0,0.0,0.0,23
peer_mismatch,SPI_HCPI,5,31498.94745544556,6.999766101210124,32,0,0,8,824,14,,,27000,6.0,0.0,0.0,0.0,23
peer_mismatch,DualControl,5,21249.75234133385,4.722167186963078,388,0,0,50,2116,450,148.0,0.0,40500,9.0,0.0,0.0,0.0,23
peer_mismatch,ConstrainedBandit,5,26793.02343038244,5.954005206751654,263,0,0,30,1498,361,,0.0,40500,9.0,0.0,0.0,0.0,23
peer_mismatch,GenericEIG,5,29748.881576175943,6.610862572483543,104,0,0,15,1079,180,,,54000,12.0,0.0,0.0,0.0,23
peer_mismatch,ITAC_K_Full,5,16870.101819046387,3.7489115153436416,3748,124,18164,164,3117,734,1.0,0.0,51488,11.441777777777778,68.73161787301365,0.018338211812436937,0.004074167341148793,19
peer_mismatch,ITAC_K_LocalOnly,5,17923.59158580662,3.983020352401471,4292,0,11476,163,2996,730,4.0,0.0,53168,11.815111111111111,67.43574099720902,0.01571196202171692,0.0037624011166718517,19
peer_mismatch,ITAC_K_GenericVoI_Local,5,18697.74281534005,4.155053958964456,4500,0,11020,168,2970,693,4.0,0.0,54000,12.0,66.64502171327332,0.014810004825171849,0.003564335137747014,19
peer_mismatch,ITAC_K_UnqualifiedRemote,5,13265.696109160523,2.9479324687023385,1903,971,81548,144,3282,479,0.0,0.0,47496,10.554666666666666,62.669749110282126,0.032932080457321135,0.00472419604629764,19
peer_mismatch,ITAC_K_NoKinematics,5,16870.101819046387,3.7489115153436416,3748,124,18164,164,3117,734,1.0,0.0,51488,11.441777777777778,68.73161787301365,0.018338211812436937,0.004074167341148793,19
peer_mismatch,ITAC_K_NoHysteresis,5,15633.461430925634,3.4741025402056964,2977,160,19608,138,3150,677,1.0,0.0,48548,10.788444444444444,68.12896448355934,0.022885107317285637,0.0043578937898416225,19
peer_mismatch,Greedy,6,28559.549731085794,6.346566606907954,0,0,0,11,1111,23,,,13500,3.0,0.0,0.0,0.0,23
peer_mismatch,SPI_HCPI,6,30680.451514328237,6.817878114295164,32,0,0,8,872,16,,,27000,6.0,0.0,0.0,0.0,23
peer_mismatch,DualControl,6,23380.893070639504,5.195754015697667,467,0,0,50,1942,505,177.0,0.0,40500,9.0,0.0,0.0,0.0,23
peer_mismatch,ConstrainedBandit,6,28784.42030908114,6.396537846462476,280,0,0,30,1247,369,,26.0,40500,9.0,0.0,0.0,0.0,23
peer_mismatch,GenericEIG,6,29415.94509779667,6.53687668839926,112,0,0,15,1068,198,,,54000,12.0,0.0,0.0,0.0,23
peer_mismatch,ITAC_K_Full,6,16694.171763079266,3.709815947350948,3672,349,41952,176,3139,734,1.0,0.0,52084,11.574222222222222,76.252167385849,0.020765840791353216,0.0045675921194538,19
peer_mismatch,ITAC_K_LocalOnly,6,19197.934222517735,4.266207605003941,4244,0,15808,172,2903,729,0.0,0.0,52976,11.772444444444444,76.53974338298897,0.018034812295708996,0.003986873925904673,19
peer_mismatch,ITAC_K_GenericVoI_Local,6,20159.035723947167,4.479785716432704,4500,0,19076,178,2848,704,2.0,0.0,54000,12.0,76.05404717568766,0.016900899372375034,0.0037727026340521894,19
peer_mismatch,ITAC_K_UnqualifiedRemote,6,11695.36932593987,2.598970961319971,1763,580,57608,143,3444,465,0.0,0.0,45372,10.082666666666666,75.53378338807158,0.04284389301648984,0.006458435068017956,19
peer_mismatch,ITAC_K_NoKinematics,6,16694.171763079266,3.709815947350948,3672,349,41952,176,3139,734,1.0,0.0,52084,11.574222222222222,76.252167385849,0.020765840791353216,0.0045675921194538,19
peer_mismatch,ITAC_K_NoHysteresis,6,16857.32356074552,3.7460719023878934,3447,317,38304,173,3096,738,5.0,0.0,51056,11.345777777777778,76.30816171619534,0.02213755779408046,0.004526706831082537,19
peer_mismatch,Greedy,7,28802.027485899416,6.400450552422092,0,0,0,10,1110,5,,,13500,3.0,0.0,0.0,0.0,23
peer_mismatch,SPI_HCPI,7,29688.51969919517,6.597448822043371,40,0,0,10,1019,16,,,27000,6.0,0.0,0.0,0.0,23
peer_mismatch,DualControl,7,28591.250904125503,6.35361131202789,359,0,0,50,1390,459,,45.0,40500,9.0,0.0,0.0,0.0,23
peer_mismatch,ConstrainedBandit,7,30968.216652317333,6.881825922737185,247,0,0,30,1035,345,,,40500,9.0,0.0,0.0,0.0,23
peer_mismatch,GenericEIG,7,29556.406350173602,6.568090300038578,97,0,0,15,1082,174,,,54000,12.0,0.0,0.0,0.0,23
peer_mismatch,ITAC_K_Full,7,17239.06457557759,3.8309032390172426,3776,169,21584,179,3106,706,8.0,0.0,51780,11.506666666666666,64.52688963743027,0.017088688992963525,0.0037430621223407253,19
peer_mismatch,ITAC_K_LocalOnly,7,17040.59099824115,3.7867979996091443,4499,0,11552,180,3133,677,0.0,0.0,53996,11.99911111111111,64.3463294787446,0.014302362631416892,0.0037760620793836387,19
peer_mismatch,ITAC_K_GenericVoI_Local,7,17385.091710162786,3.863353713369508,4500,0,11400,180,3105,673,0.0,0.0,54000,12.0,61.60027731081553,0.013688950513514563,0.003543281700079035,19
peer_mismatch,ITAC_K_UnqualifiedRemote,7,14656.355680697734,3.256967929043941,2631,670,56012,156,3188,592,5.0,0.0,49204,10.934222222222223,60.1802597294145,0.022873530873969785,0.004106086194992612,19
peer_mismatch,ITAC_K_NoKinematics,7,17239.06457557759,3.8309032390172426,3776,169,21584,179,3106,706,8.0,0.0,51780,11.506666666666666,64.52688963743027,0.017088688992963525,0.0037430621223407253,19
peer_mismatch,ITAC_K_NoHysteresis,7,14465.471160273673,3.214549146727483,2712,141,19304,138,3197,561,7.0,0.0,47412,10.536,65.7173351951757,0.02423205575043352,0.004543048371328155,19
peer_mismatch,Greedy,8,28536.463998255407,6.341436444056757,0,0,0,13,1113,5,,,13500,3.0,0.0,0.0,0.0,23
peer_mismatch,SPI_HCPI,8,36603.48296646889,8.134107325881976,8,0,0,2,202,4,,,27000,6.0,0.0,0.0,0.0,23
peer_mismatch,DualControl,8,22393.532575176585,4.9763405722614635,431,0,0,50,1996,471,24.0,0.0,40500,9.0,0.0,0.0,0.0,23
peer_mismatch,ConstrainedBandit,8,29903.64860844219,6.645255246320486,273,0,0,30,1112,375,,186.0,40500,9.0,0.0,0.0,0.0,23
peer_mismatch,GenericEIG,8,28527.981370145964,6.339551415587992,112,0,0,15,1157,182,,173.0,54000,12.0,0.0,0.0,0.0,23
peer_mismatch,ITAC_K_Full,8,11725.035595146801,2.605563465588178,2603,139,29488,136,3469,566,7.0,0.0,46968,10.437333333333333,108.38920545892756,0.04164010966535826,0.00924425385145882,19
peer_mismatch,ITAC_K_LocalOnly,8,13899.39938445429,3.08875541876762,4068,0,25460,149,3321,603,14.0,0.0,52272,11.616,107.98967352223269,0.02654613410084383,0.0077693769734405345,19
peer_mismatch,ITAC_K_GenericVoI_Local,8,15598.100073753125,3.466244460834028,4500,0,28424,160,3200,665,14.0,0.0,54000,12.0,102.91652985055886,0.02287033996679086,0.00659801702540274,19
peer_mismatch,ITAC_K_UnqualifiedRemote,8,9622.636122501484,2.1383635827781076,893,977,82688,75,3321,311,0.0,0.0,43480,9.662222222222223,103.10828519407448,0.11546280536850446,0.010715180734410919,19
peer_mismatch,ITAC_K_NoKinematics,8,11725.035595146801,2.605563465588178,2603,139,29488,136,3469,566,7.0,0.0,46968,10.437333333333333,108.38920545892756,0.04164010966535826,0.00924425385145882,19
peer_mismatch,ITAC_K_NoHysteresis,8,10468.57632026518,2.326350293392262,2367,159,31464,130,3548,521,7.0,0.0,46104,10.245333333333333,111.36517619011263,0.04704908161812955,0.010638044064743623,19
peer_mismatch,Greedy,9,28791.807281099933,6.3981793957999855,0,0,0,11,1111,9,,,13500,3.0,0.0,0.0,0.0,23
peer_mismatch,SPI_HCPI,9,31434.212873516368,6.985380638559193,32,0,0,8,818,14,,,27000,6.0,0.0,0.0,0.0,23
peer_mismatch,DualControl,9,24984.724420152324,5.552160982256072,423,0,0,50,1768,462,179.0,0.0,40500,9.0,0.0,0.0,0.0,23
peer_mismatch,ConstrainedBandit,9,27559.465142939272,6.124325587319838,225,0,0,30,1363,353,178.0,0.0,40500,9.0,0.0,0.0,0.0,23
peer_mismatch,GenericEIG,9,29563.40287106532,6.56964508245896,109,0,0,15,1077,180,,,54000,12.0,0.0,0.0,0.0,23
peer_mismatch,ITAC_K_Full,9,16349.10465553834,3.633134367897409,3525,160,21508,167,3132,651,5.0,0.0,50740,11.275555555555556,68.23395139789235,0.01935714933273542,0.004173558909525836,19
peer_mismatch,ITAC_K_LocalOnly,9,18430.73820222952,4.095719600495449,4204,0,10716,169,2973,677,4.0,0.0,52816,11.736888888888888,67.58829825294427,0.016077140402698448,0.0036671509036338154,19
peer_mismatch,ITAC_K_GenericVoI_Local,9,18412.23368220992,4.091607484935538,4500,0,12008,177,2989,679,9.0,0.0,54000,12.0,67.24349657195275,0.014942999238211721,0.0036521096642893507,19
peer_mismatch,ITAC_K_UnqualifiedRemote,9,12490.684525356493,2.775707672301443,1567,780,66500,118,3275,389,0.0,0.0,45388,10.086222222222222,64.45505385712563,0.041132772084955735,0.0051602499227548174,19
peer_mismatch,ITAC_K_NoKinematics,9,16349.10465553834,3.633134367897409,3525,160,21508,167,3132,651,5.0,0.0,50740,11.275555555555556,68.23395139789235,0.01935714933273542,0.004173558909525836,19
peer_mismatch,ITAC_K_NoHysteresis,9,15823.287111336582,3.5162860247414627,2841,114,17480,150,3121,645,3.0,0.0,47820,10.626666666666667,69.50989246972482,0.024466699214968256,0.004392885750011103,19
peer_mismatch,Greedy,10,28819.24954773296,6.404277677273991,0,0,0,10,1110,5,,,13500,3.0,0.0,0.0,0.0,23
peer_mismatch,SPI_HCPI,10,31743.110231299095,7.054024495844243,32,0,0,8,786,14,,,27000,6.0,0.0,0.0,0.0,23
peer_mismatch,DualControl,10,22929.468198975876,5.095437377550194,356,0,0,50,1897,469,47.0,0.0,40500,9.0,0.0,0.0,0.0,23
peer_mismatch,ConstrainedBandit,10,31159.318442243835,6.9242929871652965,265,0,0,30,1032,346,,,40500,9.0,0.0,0.0,0.0,23
peer_mismatch,GenericEIG,10,29627.767911491443,6.583948424775876,102,0,0,15,1079,167,,,54000,12.0,0.0,0.0,0.0,23
peer_mismatch,ITAC_K_Full,10,16748.437202917306,3.7218749339816237,3780,164,21812,178,3145,734,2.0,0.0,51776,11.505777777777778,71.90917736384256,0.019023591895196444,0.004293485803637676,19
peer_mismatch,ITAC_K_LocalOnly,10,17728.782680445776,3.939729484543506,4402,0,13300,174,3044,735,14.0,0.0,53608,11.912888888888888,74.24309208774415,0.01686576376368563,0.004187715164991653,19
peer_mismatch,ITAC_K_GenericVoI_Local,10,18194.514939823828,4.043225542183073,4500,0,13072,179,3003,678,1.0,0.0,54000,12.0,72.3432269744457,0.016076272660987934,0.003976100886102884,19
peer_mismatch,ITAC_K_UnqualifiedRemote,10,11740.319194064588,2.608959820903242,1751,716,60648,97,3274,437,1.0,0.0,45868,10.19288888888889,71.204360476757,0.04066496886165449,0.006064942468749481,19
peer_mismatch,ITAC_K_NoKinematics,10,16748.437202917306,3.7218749339816237,3780,164,21812,178,3145,734,2.0,0.0,51776,11.505777777777778,71.90917736384256,0.019023591895196444,0.004293485803637676,19
peer_mismatch,ITAC_K_NoHysteresis,10,12981.485407607599,2.8847745350239107,2295,137,18696,120,3276,564,0.0,0.0,45728,10.161777777777777,73.85431490034489,0.032180529368342,0.005689203706770236,19
peer_mismatch,Greedy,11,28852.939128498358,6.411764250777413,0,0,0,10,1110,19,,,13500,3.0,0.0,0.0,0.0,23
peer_mismatch,SPI_HCPI,11,29238.18160044388,6.497373688987529,40,0,0,10,1066,18,,,27000,6.0,0.0,0.0,0.0,23
peer_mismatch,DualControl,11,20072.89435898629,4.460643190885842,421,0,0,50,2242,459,72.0,0.0,40500,9.0,0.0,0.0,0.0,23
peer_mismatch,ConstrainedBandit,11,30174.812197323525,6.70551382162745,255,0,0,30,1127,358,,150.0,40500,9.0,0.0,0.0,0.0,23
peer_mismatch,GenericEIG,11,29613.93806127581,6.5808751247279575,103,0,0,15,1075,180,,,54000,12.0,0.0,0.0,0.0,23
peer_mismatch,ITAC_K_Full,11,19625.156366226183,4.361145859161374,4008,158,19152,174,2895,803,1.0,0.0,52664,11.703111111111111,55.758075077680964,0.013911695378662915,0.0028411531626640974,19
peer_mismatch,ITAC_K_LocalOnly,11,18397.08157933954,4.088240350964343,4206,0,8588,171,2981,763,4.0,0.0,52824,11.738666666666667,57.53750923615183,0.013679864297706092,0.0031275346031388,19
peer_mismatch,ITAC_K_GenericVoI_Local,11,20654.898270897127,4.589977393532695,4500,0,8968,173,2794,718,4.0,0.0,54000,12.0,57.21198924363835,0.01271377538747519,0.0027698993475194396,19
peer_mismatch,ITAC_K_UnqualifiedRemote,11,15799.361603042476,3.5109692451205503,2715,604,51376,148,3087,622,4.0,0.0,49276,10.950222222222223,51.559077887096095,0.01899045226044055,0.003263364633490469,19
peer_mismatch,ITAC_K_NoKinematics,11,19625.156366226183,4.361145859161374,4008,158,19152,174,2895,803,1.0,0.0,52664,11.703111111111111,55.758075077680964,0.013911695378662915,0.0028411531626640974,19
peer_mismatch,ITAC_K_NoHysteresis,11,17944.990600366527,3.9877756889703395,3386,155,18544,154,2987,697,3.0,0.0,50164,11.147555555555556,57.473547116527115,0.01697387688025018,0.003202762731753853,19
peer_mismatch,Greedy,12,28902.960266704133,6.422880059267585,0,0,0,10,1110,21,,,13500,3.0,0.0,0.0,0.0,23
peer_mismatch,SPI_HCPI,12,29086.036933188298,6.4635637629307325,40,0,0,10,1089,20,,,27000,6.0,0.0,0.0,0.0,23
peer_mismatch,DualControl,12,25545.974279268004,5.676883173170667,418,0,0,50,1710,478,160.0,0.0,40500,9.0,0.0,0.0,0.0,23
peer_mismatch,ConstrainedBandit,12,31263.501364700143,6.947444747711143,271,0,0,30,1026,347,,248.0,40500,9.0,0.0,0.0,0.0,23
peer_mismatch,GenericEIG,12,29718.57745835612,6.604128324079138,100,0,0,15,1075,182,,,54000,12.0,0.0,0.0,0.0,23
peer_mismatch,ITAC_K_Full,12,22212.138630209756,4.936030806713279,4312,64,8740,183,2724,793,1.0,0.0,53504,11.889777777777777,47.08956324868574,0.0109205851689902,0.0021199923173827705,19
peer_mismatch,ITAC_K_LocalOnly,12,22350.067901085742,4.966681755796832,4473,0,4332,180,2652,753,17.0,0.0,53892,11.976,48.602751226402965,0.01086580622097093,0.0021746131350250573,19
peer_mismatch,ITAC_K_GenericVoI_Local,12,22638.491821400818,5.030775960311293,4500,0,5016,180,2655,743,19.0,0.0,54000,12.0,50.311577103081675,0.011180350467351483,0.002222390850945322,19
peer_mismatch,ITAC_K_UnqualifiedRemote,12,16923.432434922634,3.7607627633161407,2740,638,51984,160,3048,659,1.0,0.0,49512,11.002666666666666,43.624694246967074,0.01592142125801718,0.002577768689343694,19
peer_mismatch,ITAC_K_NoKinematics,12,22212.138630209756,4.936030806713279,4312,64,8740,183,2724,793,1.0,0.0,53504,11.889777777777777,47.08956324868574,0.0109205851689902,0.0021199923173827705,19
peer_mismatch,ITAC_K_NoHysteresis,12,20548.895039235776,4.5664211198301725,3989,69,9272,174,2818,743,0.0,0.0,52232,11.607111111111111,47.08641531167193,0.01180406500668637,0.002291432956456577,19
peer_mismatch,Greedy,13,28474.136193311446,6.327585820735877,0,0,0,11,1111,22,,,13500,3.0,0.0,0.0,0.0,23
peer_mismatch,SPI_HCPI,13,30553.002950488906,6.7895562112197565,32,0,0,8,873,16,,,27000,6.0,0.0,0.0,0.0,23
peer_mismatch,DualControl,13,27013.545808216382,6.00301017960364,378,0,0,50,1513,477,,0.0,40500,9.0,0.0,0.0,0.0,23
peer_mismatch,ConstrainedBandit,13,30803.53133928587,6.845229186507971,257,0,0,30,1012,380,,246.0,40500,9.0,0.0,0.0,0.0,23
peer_mismatch,GenericEIG,13,25892.439184663992,5.753875374369776,123,0,0,15,1446,191,134.0,0.0,54000,12.0,0.0,0.0,0.0,23
peer_mismatch,ITAC_K_Full,13,17684.599522866505,3.9299110050814456,3434,181,24016,173,3054,687,18.0,0.0,50460,11.213333333333333,79.05482254892384,0.023021206333408224,0.004470263657749475,19
peer_mismatch,ITAC_K_LocalOnly,13,19770.002058494127,4.393333790776473,4004,0,11552,164,2817,699,12.0,0.0,52016,11.559111111111111,82.66836240177419,0.02064644415628726,0.00418150499717606,19
peer_mismatch,ITAC_K_GenericVoI_Local,13,21004.722270077767,4.667716060017281,4500,0,13680,185,2800,719,9.0,0.0,54000,12.0,80.1633091612861,0.01781406870250802,0.0038164422328726797,19
peer_mismatch,ITAC_K_UnqualifiedRemote,13,23315.67218890859,5.181260486424131,1784,1342,108832,147,2357,547,2.0,0.0,48504,10.778666666666666,70.2714051136124,0.03938980107265269,0.0030139128970530366,19
peer_mismatch,ITAC_K_NoKinematics,13,17684.599522866505,3.9299110050814456,3434,181,24016,173,3054,687,18.0,0.0,50460,11.213333333333333,79.05482254892384,0.023021206333408224,0.004470263657749475,19
peer_mismatch,ITAC_K_NoHysteresis,13,18008.440793556445,4.001875731901432,3444,189,23788,182,3057,716,8.0,0.0,50532,11.229333333333333,79.22019635479985,0.023002379893960468,0.004399059155812392,19
peer_mismatch,Greedy,14,28540.888338349276,6.342419630744283,0,0,0,12,1112,7,,,13500,3.0,0.0,0.0,0.0,23
peer_mismatch,SPI_HCPI,14,34272.21476399153,7.616047725331451,24,0,0,5,480,10,,,27000,6.0,0.0,0.0,0.0,23
peer_mismatch,DualControl,14,22430.663985984967,4.984591996885548,401,0,0,50,1967,478,125.0,0.0,40500,9.0,0.0,0.0,0.0,23
peer_mismatch,ConstrainedBandit,14,27885.19156516817,6.196709236704038,272,0,0,30,1326,374,,0.0,40500,9.0,0.0,0.0,0.0,23
peer_mismatch,GenericEIG,14,26463.63587054537,5.880807971232305,126,0,0,15,1380,193,,0.0,54000,12.0,0.0,0.0,0.0,23
peer_mismatch,ITAC_K_Full,14,13107.148588215217,2.9126996862700483,3042,331,40964,151,3380,647,0.0,0.0,49492,10.998222222222223,103.72890443341814,0.03409891664477914,0.007913918403784782,19
peer_mismatch,ITAC_K_LocalOnly,14,15211.083769516254,3.3802408376702786,4221,0,22572,162,3240,658,0.0,0.0,52884,11.752,105.86862091979346,0.02508140746737585,0.006959965675289967,19
peer_mismatch,ITAC_K_GenericVoI_Local,14,16914.554742231892,3.7587899427181983,4500,0,23256,171,3133,660,0.0,0.0,54000,12.0,102.27013921136938,0.02272669760252653,0.006046280305329204,19
peer_mismatch,ITAC_K_UnqualifiedRemote,14,14345.643772634174,3.1879208383631497,1108,1214,103284,93,2968,271,0.0,0.0,45288,10.064,100.30587072940592,0.09052876419621474,0.006992078732691658,19
peer_mismatch,ITAC_K_NoKinematics,14,13107.148588215217,2.9126996862700483,3042,331,40964,151,3380,647,0.0,0.0,49492,10.998222222222223,103.72890443341814,0.03409891664477914,0.007913918403784782,19
peer_mismatch,ITAC_K_NoHysteresis,14,13366.602263988325,2.970356058664072,2569,234,29260,132,3312,592,3.0,0.0,47212,10.491555555555555,102.43266815692405,0.03987258394586378,0.007663328805173874,19
peer_mismatch,Greedy,15,28850.7483786701,6.4112774174822444,0,0,0,11,1111,5,,,13500,3.0,0.0,0.0,0.0,23
peer_mismatch,SPI_HCPI,15,32192.439689261057,7.153875486502457,32,0,0,8,746,14,,,27000,6.0,0.0,0.0,0.0,23
peer_mismatch,DualControl,15,28550.354707387607,6.3445232683083574,350,0,0,50,1372,443,136.0,0.0,40500,9.0,0.0,0.0,0.0,23
peer_mismatch,ConstrainedBandit,15,27245.558100024486,6.054568466672108,249,0,0,30,1403,347,138.0,0.0,40500,9.0,0.0,0.0,0.0,23
peer_mismatch,GenericEIG,15,29635.3197755122,6.585626616780488,102,0,0,15,1079,177,,,54000,12.0,0.0,0.0,0.0,23
peer_mismatch,ITAC_K_Full,15,15032.002719211514,3.34044504871367,3776,157,23104,167,3263,664,5.0,0.0,51732,11.496,71.62452122049423,0.018968358374071567,0.004764802306013101,19
peer_mismatch,ITAC_K_LocalOnly,15,16362.204749719513,3.6360454999376697,4465,0,12996,164,3152,676,8.0,0.0,53860,11.96888888888889,72.55079108079623,0.01624877739771472,0.004434047378733598,19
peer_mismatch,ITAC_K_GenericVoI_Local,15,16365.032010920106,3.6366737802044677,4500,0,12996,164,3159,648,8.0,0.0,54000,12.0,68.55398372051954,0.015234218604559898,0.004189052833796759,19
peer_mismatch,ITAC_K_UnqualifiedRemote,15,10799.17113144059,2.3998158069867976,1554,797,69084,110,3393,395,0.0,0.0,45404,10.089777777777778,70.74471895178449,0.04552427216974549,0.0065509397055315746,19
peer_mismatch,ITAC_K_NoKinematics,15,15032.002719211514,3.34044504871367,3776,157,23104,167,3263,664,5.0,0.0,51732,11.496,71.62452122049423,0.018968358374071567,0.004764802306013101,19
peer_mismatch,ITAC_K_NoHysteresis,15,15057.715774388498,3.346159060975222,2967,143,20672,145,3184,576,14.0,0.0,48440,10.764444444444445,73.98051216788284,0.024934449668986464,0.004913129805100683,19
peer_mismatch,Greedy,16,28959.441602006493,6.435431467112554,0,0,0,10,1110,21,,,13500,3.0,0.0,0.0,0.0,23
peer_mismatch,SPI_HCPI,16,29213.673779478555,6.49192750655079,40,0,0,10,1081,18,,,27000,6.0,0.0,0.0,0.0,23
peer_mismatch,DualControl,16,23033.72277564627,5.118605061254727,401,0,0,50,1935,469,101.0,0.0,40500,9.0,0.0,0.0,0.0,23
peer_mismatch,ConstrainedBandit,16,26012.167633782796,5.780481696396177,279,0,0,30,1536,377,179.0,0.0,40500,9.0,0.0,0.0,0.0,23
peer_mismatch,GenericEIG,16,29783.010331436275,6.618446740319172,107,0,0,15,1073,189,,,54000,12.0,0.0,0.0,0.0,23
peer_mismatch,ITAC_K_Full,16,21366.05612653652,4.748012472563671,4422,65,10108,189,2730,804,6.0,0.0,53948,11.988444444444445,49.68524286828,0.011235921046648575,0.002325428828513242,19
peer_mismatch,ITAC_K_LocalOnly,16,21262.898613747675,4.725088580832817,4492,0,5700,183,2697,739,11.0,0.0,53968,11.992888888888888,52.04871885252317,0.011586981044640066,0.002447865636666805,19
peer_mismatch,ITAC_K_GenericVoI_Local,16,20799.789654766446,4.622175478836988,4500,0,6536,183,2757,721,4.0,0.0,54000,12.0,52.41341537643403,0.011647425639207563,0.002519901222386788,19
peer_mismatch,ITAC_K_UnqualifiedRemote,16,15388.197712934212,3.4195994917631585,2694,604,50160,164,3175,638,2.0,0.0,49192,10.931555555555555,44.73317554714499,0.016604742222399774,0.0029069795164865537,19
peer_mismatch,ITAC_K_NoKinematics,16,21366.05612653652,4.748012472563671,4422,65,10108,189,2730,804,6.0,0.0,53948,11.988444444444445,49.68524286828,0.011235921046648575,0.002325428828513242,19
peer_mismatch,ITAC_K_NoHysteresis,16,19887.92462214505,4.419538804921122,3986,66,10108,167,2765,755,6.0,0.0,52208,11.601777777777778,49.64910224776476,0.012455871110829091,0.002496444611042063,19
peer_mismatch,Greedy,17,28718.227566283098,6.3818283480629105,0,0,0,11,1111,9,,,13500,3.0,0.0,0.0,0.0,23
peer_mismatch,SPI_HCPI,17,33131.09613384468,7.36246580752104,24,0,0,6,620,12,,,27000,6.0,0.0,0.0,0.0,23
peer_mismatch,DualControl,17,25741.28791735973,5.720286203857717,345,0,0,50,1643,457,184.0,0.0,40500,9.0,0.0,0.0,0.0,23
peer_mismatch,ConstrainedBandit,17,30716.59324427334,6.8259096098385195,224,0,0,30,1042,347,,233.0,40500,9.0,0.0,0.0,0.0,23
peer_mismatch,GenericEIG,17,29478.678361502316,6.550817413667182,100,0,0,15,1077,180,,,54000,12.0,0.0,0.0,0.0,23
peer_mismatch,ITAC_K_Full,17,16637.47215565444,3.6972160345898755,3574,187,27816,164,3107,660,1.0,0.0,51044,11.343111111111112,77.67474686070356,0.021733281158562833,0.00466866277124346,19
peer_mismatch,ITAC_K_LocalOnly,17,16898.626982985654,3.755250440663479,4062,0,16492,163,3073,654,1.0,0.0,52248,11.610666666666667,78.03186145368389,0.01921020715255635,0.004617645062658055,19
peer_mismatch,ITAC_K_GenericVoI_Local,17,19144.309796267,4.254291065837111,4500,0,17404,178,2936,682,2.0,0.0,54000,12.0,75.8514987965346,0.016855888621452132,0.003962091065373643,19
peer_mismatch,ITAC_K_UnqualifiedRemote,17,11408.146735973713,2.5351437191052693,1199,923,79800,101,3274,334,0.0,0.0,44488,9.886222222222223,72.7613129142353,0.0606849982604131,0.006378013414290551,19
peer_mismatch,ITAC_K_NoKinematics,17,16637.47215565444,3.6972160345898755,3574,187,27816,164,3107,660,1.0,0.0,51044,11.343111111111112,77.67474686070356,0.021733281158562833,0.00466866277124346,19
peer_mismatch,ITAC_K_NoHysteresis,17,15594.470153105323,3.465437811801183,3427,188,27968,166,3211,650,0.0,0.0,50460,11.213333333333333,78.6443832413358,0.02294846315767021,0.005043094280806672,19
peer_mismatch,Greedy,18,28804.013100916043,6.400891800203565,0,0,0,11,1111,14,,,13500,3.0,0.0,0.0,0.0,23
peer_mismatch,SPI_HCPI,18,27168.23361695544,6.03738524821232,40,0,0,6,1219,14,,0.0,27000,6.0,0.0,0.0,0.0,23
peer_mismatch,DualControl,18,26795.225058040876,5.954494457342417,401,0,0,50,1557,463,,0.0,40500,9.0,0.0,0.0,0.0,23
peer_mismatch,ConstrainedBandit,18,30796.734998334596,6.843718888518799,244,0,0,30,1045,355,,227.0,40500,9.0,0.0,0.0,0.0,23
peer_mismatch,GenericEIG,18,26536.78633607879,5.897063630239731,105,0,0,15,1368,187,,0.0,54000,12.0,0.0,0.0,0.0,23
peer_mismatch,ITAC_K_Full,18,17984.78733558268,3.9966194079072626,3812,216,24928,173,3014,778,2.0,0.0,52112,11.580444444444444,66.15382454233571,0.01735409877815732,0.003678321200465417,19
peer_mismatch,ITAC_K_LocalOnly,18,18395.956085747166,4.087990241277148,4485,0,11248,180,3015,702,6.0,0.0,53940,11.986666666666666,69.4575208673384,0.015486626726273892,0.0037756950790479847,19
peer_mismatch,ITAC_K_GenericVoI_Local,18,17838.827249212616,3.964183833158359,4500,0,11400,172,3034,679,6.0,0.0,54000,12.0,65.3654312269565,0.014525651383768112,0.0036642224465647903,19
peer_mismatch,ITAC_K_UnqualifiedRemote,18,13034.887432460608,2.8966416516579128,1752,833,69084,116,3214,467,4.0,0.0,46340,10.297777777777778,66.20069078818935,0.03778578241335009,0.005078731299461064,19
peer_mismatch,ITAC_K_NoKinematics,18,17984.78733558268,3.9966194079072626,3812,216,24928,173,3014,778,2.0,0.0,52112,11.580444444444444,66.15382454233571,0.01735409877815732,0.003678321200465417,19
peer_mismatch,ITAC_K_NoHysteresis,18,16910.193847816437,3.7578208550703196,3257,187,21280,166,3104,689,7.0,0.0,49776,11.061333333333334,69.32971905813802,0.021286373674589507,0.004099877250495881,19
peer_mismatch,Greedy,19,29026.502760477764,6.450333946772837,0,0,0,10,1110,9,,,13500,3.0,0.0,0.0,0.0,23
peer_mismatch,SPI_HCPI,19,29480.78123103281,6.551284718007292,40,0,0,10,1060,18,,,27000,6.0,0.0,0.0,0.0,23
peer_mismatch,DualControl,19,16535.92515133517,3.6746500336300376,411,0,0,49,2573,455,21.0,0.0,40500,9.0,0.0,0.0,0.0,23
peer_mismatch,ConstrainedBandit,19,26955.026254685094,5.9900058343744655,261,0,0,30,1447,336,93.0,0.0,40500,9.0,0.0,0.0,0.0,23
peer_mismatch,GenericEIG,19,29817.89964671926,6.626199921493169,104,0,0,15,1078,175,,,54000,12.0,0.0,0.0,0.0,23
peer_mismatch,ITAC_K_Full,19,17571.68746444641,3.904819436543647,3843,211,22876,176,3051,739,2.0,0.0,52216,11.603555555555555,56.14277303153974,0.0146091004505698,0.0031950700890358962,19
peer_mismatch,ITAC_K_LocalOnly,19,19245.909648727316,4.276868810828293,4411,0,7676,184,2944,747,3.0,0.0,53644,11.92088888888889,56.52055281970815,0.012813546320496067,0.002936756633035826,19
peer_mismatch,ITAC_K_GenericVoI_Local,19,19473.78295124857,4.327507322499682,4500,0,7904,182,2916,698,3.0,0.0,54000,12.0,56.44875645685043,0.012544168101522318,0.0028987052283660788,19
peer_mismatch,ITAC_K_UnqualifiedRemote,19,14136.695554155207,3.141487900923379,2619,635,54416,135,3160,609,0.0,0.0,49016,10.892444444444445,51.24541444798567,0.019566786730807816,0.0036249924355853495,19
peer_mismatch,ITAC_K_NoKinematics,19,17571.68746444641,3.904819436543647,3843,211,22876,176,3051,739,2.0,0.0,52216,11.603555555555555,56.14277303153974,0.0146091004505698,0.0031950700890358962,19
peer_mismatch,ITAC_K_NoHysteresis,19,17926.929186577356,3.9837620414616346,3813,212,23256,170,3038,688,6.0,0.0,52100,11.577777777777778,57.47336358122429,0.015073003824081901,0.0032059792830696856,19
peer_mismatch,Greedy,20,28909.394915434994,6.424309981207776,0,0,0,10,1110,17,,,13500,3.0,0.0,0.0,0.0,23
peer_mismatch,SPI_HCPI,20,29205.403407804555,6.49008964617879,40,0,0,10,1076,20,,,27000,6.0,0.0,0.0,0.0,23
peer_mismatch,DualControl,20,22090.817874430904,4.909070638762423,396,0,0,50,2060,463,81.0,0.0,40500,9.0,0.0,0.0,0.0,23
peer_mismatch,ConstrainedBandit,20,28828.213467100984,6.406269659355774,231,0,0,30,1265,347,,13.0,40500,9.0,0.0,0.0,0.0,23
peer_mismatch,GenericEIG,20,29722.577790183197,6.605017286707377,111,0,0,15,1076,176,,,54000,12.0,0.0,0.0,0.0,23
peer_mismatch,ITAC_K_Full,20,19853.297987133923,4.411843997140871,4122,111,14364,178,2856,771,6.0,0.0,52932,11.762666666666666,52.01482527625974,0.012618831944750058,0.0026199589262181195,19
peer_mismatch,ITAC_K_LocalOnly,20,22762.911483470005,5.058424774104446,4426,0,6232,182,2651,782,7.0,0.0,53704,11.934222222222223,50.78936056652083,0.011475228325016002,0.0022312330566062735,19
peer_mismatch,ITAC_K_GenericVoI_Local,20,23563.635578384336,5.236363461863186,4500,0,6612,182,2599,730,7.0,0.0,54000,12.0,54.065018947193636,0.012014448654931918,0.002294426034868286,19
peer_mismatch,ITAC_K_UnqualifiedRemote,20,16875.545778291144,3.7501212840646985,2602,804,65968,157,3020,634,0.0,0.0,49624,11.027555555555555,46.44660119087257,0.017850346345454484,0.002752302165576292,19
peer_mismatch,ITAC_K_NoKinematics,20,19853.297987133923,4.411843997140871,4122,111,14364,178,2856,771,6.0,0.0,52932,11.762666666666666,52.01482527625974,0.012618831944750058,0.0026199589262181195,19
peer_mismatch,ITAC_K_NoHysteresis,20,21193.55421459401,4.709678714354224,4095,84,12312,173,2742,803,0.0,0.0,52716,11.714666666666666,51.02028472024374,0.012459165987849508,0.0024073491498236223,19
peer_mismatch,Greedy,21,28753.15623994957,6.389590275544349,0,0,0,11,1111,19,,,13500,3.0,0.0,0.0,0.0,23
peer_mismatch,SPI_HCPI,21,30906.876447937855,6.868194766208412,32,0,0,8,869,16,,,27000,6.0,0.0,0.0,0.0,23
peer_mismatch,DualControl,21,25436.37143989602,5.65252698664356,408,0,0,50,1683,471,174.0,0.0,40500,9.0,0.0,0.0,0.0,23
peer_mismatch,ConstrainedBandit,21,24034.20454416753,5.34093434314834,265,0,0,30,1713,362,175.0,0.0,40500,9.0,0.0,0.0,0.0,23
peer_mismatch,GenericEIG,21,29535.253238216137,6.563389608492475,121,0,0,15,1076,202,,,54000,12.0,0.0,0.0,0.0,23
peer_mismatch,ITAC_K_Full,21,16835.66937565151,3.741259861255891,3560,158,21736,169,3095,741,1.0,0.0,50872,11.30488888888889,64.79828838481176,0.018201766400228022,0.003848869144373072,19
peer_mismatch,ITAC_K_LocalOnly,21,19466.50555264732,4.325890122810515,4274,0,11020,171,2864,692,1.0,0.0,53096,11.799111111111111,64.41984658460328,0.015072495691296976,0.003309266083241252,19
peer_mismatch,ITAC_K_GenericVoI_Local,21,20538.455757793425,4.56410127950965,4500,0,12692,176,2790,696,1.0,0.0,54000,12.0,64.18418880953823,0.014263153068786272,0.0031250737429557333,19
peer_mismatch,ITAC_K_UnqualifiedRemote,21,14979.782111145534,3.328840469143452,1812,1052,88768,135,3078,414,0.0,0.0,47456,10.545777777777777,60.79638390001501,0.0335520882450414,0.004058562631213451,19
peer_mismatch,ITAC_K_NoKinematics,21,16835.66937565151,3.741259861255891,3560,158,21736,169,3095,741,1.0,0.0,50872,11.30488888888889,64.79828838481176,0.018201766400228022,0.003848869144373072,19
peer_mismatch,ITAC_K_NoHysteresis,21,16640.414096938173,3.697869799319594,3215,140,19988,167,3112,669,1.0,0.0,49420,10.982222222222223,64.89127300663351,0.02018391073301198,0.003899618881393911,19
peer_mismatch,Greedy,22,28949.770717972253,6.433282381771612,0,0,0,11,1111,11,,,13500,3.0,0.0,0.0,0.0,23
peer_mismatch,SPI_HCPI,22,35423.90774255878,7.871979498346396,16,0,0,4,388,8,,,27000,6.0,0.0,0.0,0.0,23
peer_mismatch,DualControl,22,21974.042780676213,4.883120617928047,403,0,0,50,2038,466,52.0,0.0,40500,9.0,0.0,0.0,0.0,23
peer_mismatch,ConstrainedBandit,22,28964.275128175846,6.436505584039077,226,0,0,30,1257,354,,19.0,40500,9.0,0.0,0.0,0.0,23
peer_mismatch,GenericEIG,22,29693.246326523953,6.59849918367199,100,0,0,15,1080,181,,,54000,12.0,0.0,0.0,0.0,23
peer_mismatch,ITAC_K_Full,22,16984.58216817106,3.774351592926902,3686,199,26676,169,3086,731,8.0,0.0,51540,11.453333333333333,76.35447435463729,0.020714724458664485,0.00449551679273717,19
peer_mismatch,ITAC_K_LocalOnly,22,18950.42437238203,4.211205416084895,4387,0,15656,169,2931,749,6.0,0.0,53548,11.899555555555555,77.42454997676798,0.017648632317476175,0.004085636735903655,19
peer_mismatch,ITAC_K_GenericVoI_Local,22,19606.09646825441,4.356910326278758,4500,0,14440,174,2922,685,6.0,0.0,54000,12.0,76.96231200852021,0.01710273600189338,0.003925427589991472,19
peer_mismatch,ITAC_K_UnqualifiedRemote,22,11585.968098894908,2.5746595775322016,1464,902,76304,109,3303,353,1.0,0.0,45464,10.103111111111112,76.48209274925559,0.05224186663200518,0.006601269060679582,19
peer_mismatch,ITAC_K_NoKinematics,22,16984.58216817106,3.774351592926902,3686,199,26676,169,3086,731,8.0,0.0,51540,11.453333333333333,76.35447435463729,0.020714724458664485,0.00449551679273717,19
peer_mismatch,ITAC_K_NoHysteresis,22,13801.841263547476,3.0670758363438835,2760,187,24168,128,3219,590,6.0,0.0,47788,10.619555555555555,79.95623762010246,0.028969651311631324,0.005793157310921816,19
peer_mismatch,Greedy,23,28497.982340089333,6.332884964464296,0,0,0,11,1111,7,,,13500,3.0,0.0,0.0,0.0,23
peer_mismatch,SPI_HCPI,23,26724.206542367232,5.938712564970496,32,0,0,7,1245,15,124.0,0.0,27000,6.0,0.0,0.0,0.0,23
peer_mismatch,DualControl,23,29081.89030657021,6.462642290348936,384,0,0,50,1320,460,,48.0,40500,9.0,0.0,0.0,0.0,23
peer_mismatch,ConstrainedBandit,23,30903.98890526386,6.867553090058636,298,0,0,30,1025,349,,,40500,9.0,0.0,0.0,0.0,23
peer_mismatch,GenericEIG,23,29326.773419798843,6.5170607599552985,111,0,0,15,1076,173,,,54000,12.0,0.0,0.0,0.0,23
peer_mismatch,ITAC_K_Full,23,15523.589733706594,3.4496866074903543,3311,210,28424,156,3186,679,3.0,0.0,50084,11.129777777777777,74.1495105674507,0.022394898993491605,0.004776569842376651,19
peer_mismatch,ITAC_K_LocalOnly,23,19290.197688568238,4.286710597459608,4213,0,13984,163,2853,682,9.0,0.0,52852,11.74488888888889,74.48064455553171,0.017678766806439997,0.003861061755715985,19
peer_mismatch,ITAC_K_GenericVoI_Local,23,20097.101517609997,4.466022559468889,4500,0,17024,172,2843,699,0.0,0.0,54000,12.0,73.48637990492655,0.016330306645539232,0.00365656608942013,19
peer_mismatch,ITAC_K_UnqualifiedRemote,23,16751.873509031237,3.722638557562497,1369,1270,107996,128,2879,369,0.0,0.0,46556,10.345777777777778,66.02474734598115,0.04822844948574226,0.003941335117554823,19
peer_mismatch,ITAC_K_NoKinematics,23,15523.589733706594,3.4496866074903543,3310,209,28348,156,3186,679,3.0,0.0,50076,11.128,74.14244531813522,0.022399530307593722,0.004776114712510641,19
peer_mismatch,ITAC_K_NoHysteresis,23,15615.623156423642,3.4701384792052536,3259,201,26828,159,3172,692,2.0,0.0,49840,11.075555555555555,73.6283855611921,0.022592324504815006,0.004715046259995352,19
peer_mismatch,Greedy,24,28902.895776504163,6.422865728112036,0,0,0,10,1110,9,,,13500,3.0,0.0,0.0,0.0,23
peer_mismatch,SPI_HCPI,24,31190.37344528803,6.931194098952895,32,0,0,8,853,16,,,27000,6.0,0.0,0.0,0.0,23
peer_mismatch,DualControl,24,22269.14405528646,4.948698678952546,452,0,0,50,2035,478,87.0,0.0,40500,9.0,0.0,0.0,0.0,23
peer_mismatch,ConstrainedBandit,24,26731.364132400675,5.940303140533484,251,0,0,30,1452,343,85.0,0.0,40500,9.0,0.0,0.0,0.0,23
peer_mismatch,GenericEIG,24,29748.23550850845,6.610719001890766,112,0,0,15,1075,179,,,54000,12.0,0.0,0.0,0.0,23
peer_mismatch,ITAC_K_Full,24,18437.174223140115,4.09714982736447,4047,180,20824,170,2963,742,0.0,0.0,52908,11.757333333333333,59.23635397325531,0.01463710253848661,0.0032128759676691124,19
peer_mismatch,ITAC_K_LocalOnly,24,18498.977596533572,4.110883910340794,3572,0,8968,162,2912,705,1.0,0.0,50288,11.17511111111111,61.08224788779291,0.01710029336164415,0.003301925610161223,19
peer_mismatch,ITAC_K_GenericVoI_Local,24,18939.623046395354,4.2088051214211895,4500,0,10108,178,2933,674,5.0,0.0,54000,12.0,60.77857534077354,0.013506350075727454,0.003209069958355961,19
peer_mismatch,ITAC_K_UnqualifiedRemote,24,16289.389983252053,3.6198644407226785,1856,544,47652,138,3016,446,1.0,0.0,45600,10.133333333333333,59.54517643546477,0.032082530407039206,0.0036554577241189623,19
peer_mismatch,ITAC_K_NoKinematics,24,18437.174223140115,4.09714982736447,4047,180,20824,170,2963,742,0.0,0.0,52908,11.757333333333333,59.23635397325531,0.01463710253848661,0.0032128759676691124,19
peer_mismatch,ITAC_K_NoHysteresis,24,20163.420856206976,4.480760190268217,3303,161,20368,151,2734,716,1.0,0.0,49856,11.07911111111111,59.48563473574603,0.018009577576671522,0.0029501757246431903,19
peer_mismatch,Greedy,25,28630.463912478972,6.362325313884216,0,0,0,11,1111,5,,,13500,3.0,0.0,0.0,0.0,23
peer_mismatch,SPI_HCPI,25,31007.468788900274,6.8905486197556165,32,0,0,8,843,16,,,27000,6.0,0.0,0.0,0.0,23
peer_mismatch,DualControl,25,21999.646494159046,4.8888103320353435,363,0,0,50,2022,460,182.0,0.0,40500,9.0,0.0,0.0,0.0,23
peer_mismatch,ConstrainedBandit,25,27844.206494309838,6.187601443179964,293,0,0,31,1364,346,,46.0,40500,9.0,0.0,0.0,0.0,23
peer_mismatch,GenericEIG,25,26727.48097447719,5.939440216550486,110,0,0,15,1356,180,,0.0,54000,12.0,0.0,0.0,0.0,23
peer_mismatch,ITAC_K_Full,25,15519.9281150472,3.4488729144549333,3122,199,28652,162,3195,666,3.0,0.0,49284,10.952,79.73417141944142,0.025539452728840943,0.005137534840907923,19
peer_mismatch,ITAC_K_LocalOnly,25,17701.03921714612,3.9335642704769156,4261,0,18012,166,2996,653,3.0,0.0,53044,11.787555555555555,85.5238908030861,0.02007131912768977,0.004831574562031552,19
peer_mismatch,ITAC_K_GenericVoI_Local,25,19209.438860435574,4.2687641912079055,4500,0,20444,175,2919,678,0.0,0.0,54000,12.0,80.39073060906634,0.01786460680201474,0.004184959862343604,19
peer_mismatch,ITAC_K_UnqualifiedRemote,25,18100.833831134547,4.022407518029899,1184,1414,121296,128,2747,356,0.0,0.0,46392,10.309333333333333,72.92599489785528,0.06159290109616155,0.004028874889311347,19
peer_mismatch,ITAC_K_NoKinematics,25,15519.9281150472,3.4488729144549333,3121,198,28576,162,3195,666,3.0,0.0,49276,10.950222222222223,79.742942262721,0.025550446095072413,0.0051380999751801035,19
peer_mismatch,ITAC_K_NoHysteresis,25,13245.67834301206,2.943484076224902,2600,201,30704,133,3263,587,0.0,0.0,47204,10.489777777777778,85.01633697883705,0.03269859114570656,0.006418420769192888,19
peer_mismatch,Greedy,26,28172.035691877318,6.260452375972737,0,0,0,12,1112,22,,,13500,3.0,0.0,0.0,0.0,23
peer_mismatch,SPI_HCPI,26,27902.06313798723,6.200458475108273,24,0,0,5,1064,11,101.0,0.0,27000,6.0,0.0,0.0,0.0,23
peer_mismatch,DualControl,26,27958.670042379134,6.213037787195363,420,0,0,50,1419,503,81.0,0.0,40500,9.0,0.0,0.0,0.0,23
peer_mismatch,ConstrainedBandit,26,30613.83357361941,6.80307412747098,273,0,0,30,1005,395,,,40500,9.0,0.0,0.0,0.0,23
peer_mismatch,GenericEIG,26,29033.36086391643,6.451857969759207,118,0,0,15,1069,184,,,54000,12.0,0.0,0.0,0.0,23
peer_mismatch,ITAC_K_Full,26,16141.21069870754,3.586935710823898,3561,189,27132,165,3190,683,0.0,0.0,51000,11.333333333333334,95.92835617435625,0.026938600442110713,0.005943070688126104,19
peer_mismatch,ITAC_K_LocalOnly,26,17688.147960725204,3.930699546827823,3951,0,15200,161,3015,710,3.0,0.0,51804,11.512,96.30280467287054,0.02437428617384726,0.0054444820840882525,19
peer_mismatch,ITAC_K_GenericVoI_Local,26,18304.089370112408,4.067575415580535,4500,0,22192,171,2971,715,1.0,0.0,54000,12.0,96.12937389975374,0.021362083088834166,0.005251797669689994,19
peer_mismatch,ITAC_K_UnqualifiedRemote,26,22308.43860761579,4.957430801692397,1497,1686,137560,136,2356,376,0.0,0.0,48732,10.829333333333333,83.70432396935462,0.05591471207037717,0.003752137271533613,19
peer_mismatch,ITAC_K_NoKinematics,26,16141.21069870754,3.586935710823898,3561,189,27132,165,3190,683,0.0,0.0,51000,11.333333333333334,95.92835617435625,0.026938600442110713,0.005943070688126104,19
peer_mismatch,ITAC_K_NoHysteresis,26,16791.661361345952,3.7314803025213226,3475,177,25916,156,3068,731,0.0,0.0,50608,11.246222222222222,96.55321272177315,0.02778509718612177,0.005750069075597046,19
peer_mismatch,Greedy,27,28956.04835661769,6.434677412581709,0,0,0,10,1110,19,,,13500,3.0,0.0,0.0,0.0,23
peer_mismatch,SPI_HCPI,27,31120.371919174453,6.91563820426099,33,0,0,9,872,18,,,27000,6.0,0.0,0.0,0.0,23
peer_mismatch,DualControl,27,32645.223314405135,7.254494069867808,367,0,0,50,986,475,,,40500,9.0,0.0,0.0,0.0,23
peer_mismatch,ConstrainedBandit,27,31197.911947361532,6.932869321635896,231,0,0,30,1020,361,,,40500,9.0,0.0,0.0,0.0,23
peer_mismatch,GenericEIG,27,29792.76684748382,6.620614854996405,104,0,0,15,1071,195,,,54000,12.0,0.0,0.0,0.0,23
peer_mismatch,ITAC_K_Full,27,19181.177928064295,4.262483984014287,3840,91,12084,187,2973,731,0.0,0.0,51724,11.494222222222222,52.47523835368385,0.013665426654605168,0.002735767248001306,19
peer_mismatch,ITAC_K_LocalOnly,27,21320.114403529256,4.737803200784279,4428,0,6308,202,2810,750,1.0,0.0,53712,11.936,53.54902507372914,0.012093275761908117,0.0025116668728974935,19
peer_mismatch,ITAC_K_GenericVoI_Local,27,22430.61338422092,4.9845807520490935,4500,0,6840,202,2722,730,1.0,0.0,54000,12.0,54.876408076196135,0.012194757350265808,0.0024464960960363033,19
peer_mismatch,ITAC_K_UnqualifiedRemote,27,15863.721071419694,3.525271349204376,2552,730,60648,156,3126,655,0.0,0.0,49128,10.917333333333334,47.31319975449272,0.018539655076211883,0.002982478041657758,19
peer_mismatch,ITAC_K_NoKinematics,27,19181.177928064295,4.262483984014287,3840,91,12084,187,2973,731,0.0,0.0,51724,11.494222222222222,52.47523835368385,0.013665426654605168,0.002735767248001306,19
peer_mismatch,ITAC_K_NoHysteresis,27,20949.47673268199,4.655439273929331,3603,78,11096,187,2810,707,1.0,0.0,50724,11.272,52.750733581748996,0.014640780899736052,0.0025179976690995736,19
peer_mismatch,Greedy,28,28855.852298827613,6.412411621961692,0,0,0,10,1110,5,,,13500,3.0,0.0,0.0,0.0,23
peer_mismatch,SPI_HCPI,28,31240.37670737525,6.9423059349722775,32,0,0,8,843,14,,,27000,6.0,0.0,0.0,0.0,23
peer_mismatch,DualControl,28,25501.309419928668,5.666957648873037,369,0,0,50,1698,457,26.0,0.0,40500,9.0,0.0,0.0,0.0,23
peer_mismatch,ConstrainedBandit,28,30673.04963951648,6.816233253225884,222,0,0,30,1063,336,,216.0,40500,9.0,0.0,0.0,0.0,23
peer_mismatch,GenericEIG,28,29573.87809524428,6.571972910054284,93,0,0,15,1077,178,,,54000,12.0,0.0,0.0,0.0,23
peer_mismatch,ITAC_K_Full,28,17258.035796125616,3.8351190658056926,3670,195,24092,177,3094,719,0.0,0.0,51460,11.435555555555556,67.03522131864887,0.018265727879740835,0.0038842903161493093,19
peer_mismatch,ITAC_K_LocalOnly,28,17331.187122793857,3.851374916176413,4500,0,12312,181,3125,682,21.0,0.0,54000,12.0,68.43271473989728,0.015207269942199396,0.003948530141359737,19
peer_mismatch,ITAC_K_GenericVoI_Local,28,17331.187122793857,3.851374916176413,4500,0,12616,181,3125,682,21.0,0.0,54000,12.0,65.58582766802097,0.014574628370671326,0.0037842663173235803,19
peer_mismatch,ITAC_K_UnqualifiedRemote,28,16469.985845594045,3.6599968545764545,2743,498,44688,171,3148,631,13.0,0.0,48964,10.880888888888888,69.64988371072641,0.025391864276604597,0.004228897605844558,19
peer_mismatch,ITAC_K_NoKinematics,28,17258.035796125616,3.8351190658056926,3670,195,24092,177,3094,719,0.0,0.0,51460,11.435555555555556,67.03522131864887,0.018265727879740835,0.0038842903161493093,19
peer_mismatch,ITAC_K_NoHysteresis,28,15061.489397399404,3.3469976438665343,3119,170,21432,156,3266,617,1.0,0.0,49156,10.923555555555556,68.42080727888839,0.02193677694097095,0.004542765026326167,19
peer_mismatch,Greedy,29,28917.864395579127,6.426192087906473,0,0,0,10,1110,5,,,13500,3.0,0.0,0.0,0.0,23
peer_mismatch,SPI_HCPI,29,29286.76746424354,6.508170547609676,40,0,0,10,1072,20,,,27000,6.0,0.0,0.0,0.0,23
peer_mismatch,DualControl,29,19098.39786764326,4.244088415031835,384,0,0,50,2321,443,18.0,0.0,40500,9.0,0.0,0.0,0.0,23
peer_mismatch,ConstrainedBandit,29,28907.0255769056,6.423783461534577,261,0,0,30,1269,349,,15.0,40500,9.0,0.0,0.0,0.0,23
peer_mismatch,GenericEIG,29,29697.635201977897,6.599474489328421,102,0,0,15,1082,171,,,54000,12.0,0.0,0.0,0.0,23
peer_mismatch,ITAC_K_Full,29,18537.35766336018,4.11941281408004,4246,194,23712,176,3003,793,0.0,0.0,53760,11.946666666666667,58.61846501178016,0.013805573483697636,0.00316218018103205,19
peer_mismatch,ITAC_K_LocalOnly,29,20395.937002812298,4.5324304450694,4476,0,10564,178,2818,727,0.0,0.0,53904,11.978666666666667,58.13552525036722,0.012988276418759433,0.002850348343513279,19
peer_mismatch,ITAC_K_GenericVoI_Local,29,20880.58624649955,4.6401302769999,4500,0,10868,178,2782,711,0.0,0.0,54000,12.0,61.755842762046974,0.013723520613788216,0.002957572265117786,19
peer_mismatch,ITAC_K_UnqualifiedRemote,29,14960.169444508294,3.324482098779621,2676,615,52592,146,3150,617,1.0,0.0,49164,10.925333333333333,55.4424423215616,0.0207184014654565,0.0037060036336629787,19
peer_mismatch,ITAC_K_NoKinematics,29,18537.35766336018,4.11941281408004,4246,194,23712,176,3003,793,0.0,0.0,53760,11.946666666666667,58.61846501178016,0.013805573483697636,0.00316218018103205,19
peer_mismatch,ITAC_K_NoHysteresis,29,19764.77131648495,4.392171403663322,3287,172,23104,142,2721,648,0.0,0.0,49836,11.074666666666667,60.95906907610028,0.018545503217554084,0.003084228403151669,19
